<?xml version="1.0" encoding="UTF-8"?>
<gpx creator="StravaGPX" version="1.1" schemaLocation="http://www.topografix.com/GPX/1/1 http://www.topografix.com/GPX/1/1/gpx.xsd http://www.garmin.com/xmlschemas/GpxExtensions/v3 http://www.garmin.com/xmlschemas/GpxExtensionsv3.xsd http://www.garmin.com/xmlschemas/TrackPointExtension/v1 http://www.garmin.com/xmlschemas/TrackPointExtensionv1.xsd http://www.garmin.com/xmlschemas/PowerExtension/v1 http://www.garmin.com/xmlschemas/PowerExtensionv1.xsd http://www.topografix.com/GPX/gpx_style/0/2 http://www.topografix.com/GPX/gpx_style/0/2/gpx_style.xsd" xmlns="http://www.topografix.com/GPX/1/1" xmlns:xsi="http://www.w3.org/2001/XMLSchema-instance" xsi:schemaLocation="http://www.topografix.com/GPX/1/1 http://www.topografix.com/GPX/1/1/gpx.xsd http://www.garmin.com/xmlschemas/GpxExtensions/v3 http://www.garmin.com/xmlschemas/GpxExtensionsv3.xsd http://www.garmin.com/xmlschemas/TrackPointExtension/v1 http://www.garmin.com/xmlschemas/TrackPointExtensionv1.xsd http://www.garmin.com/xmlschemas/PowerExtension/v1 http://www.garmin.com/xmlschemas/PowerExtensionv1.xsd http://www.topografix.com/GPX/gpx_style/0/2 http://www.topografix.com/GPX/gpx_style/0/2/gpx_style.xsd" xmlns:gpxtpx="http://www.garmin.com/xmlschemas/TrackPointExtension/v1" xmlns:gpxx="http://www.garmin.com/xmlschemas/GpxExtensions/v3" xmlns:gpxpx="http://www.garmin.com/xmlschemas/PowerExtension/v1" xmlns:gpx_style="http://www.topografix.com/GPX/gpx_style/0/2">
  <metadata>
    <name>Robin_Hood_100</name>
    <author>
      <name>gpx.studio</name>
      <link href="https://gpx.studio"/>
    </author>
  </metadata>
  <trk>
    <name>Robin Hood 100</name>
    <type>running</type>
    <trkseg>
      <trkpt lat="53.360988" lon="-0.856938">
        <ele>19.8</ele>
        <time>2026-09-13T12:53:00.000Z</time>
      </trkpt>
      <trkpt lat="53.360718" lon="-0.856912">
        <ele>20.3</ele>
        <time>2026-09-13T12:53:20.322Z</time>
      </trkpt>
      <trkpt lat="53.360663" lon="-0.85667">
        <ele>20.7</ele>
        <time>2026-09-13T12:53:31.266Z</time>
      </trkpt>
      <trkpt lat="53.360657" lon="-0.856926">
        <ele>20.2</ele>
        <time>2026-09-13T12:53:42.091Z</time>
      </trkpt>
      <trkpt lat="53.360545" lon="-0.857089">
        <ele>20.3</ele>
        <time>2026-09-13T12:53:52.469Z</time>
      </trkpt>
      <trkpt lat="53.360275" lon="-0.857091">
        <ele>20.6</ele>
        <time>2026-09-13T12:54:10.867Z</time>
      </trkpt>
      <trkpt lat="53.359633" lon="-0.857428">
        <ele>23.5</ele>
        <time>2026-09-13T12:55:03.207Z</time>
      </trkpt>
      <trkpt lat="53.358946" lon="-0.8574">
        <ele>25.8</ele>
        <time>2026-09-13T12:55:58.215Z</time>
      </trkpt>
      <trkpt lat="53.35843" lon="-0.857699">
        <ele>27.2</ele>
        <time>2026-09-13T12:56:40.654Z</time>
      </trkpt>
      <trkpt lat="53.358063" lon="-0.857041">
        <ele>28.6</ele>
        <time>2026-09-13T12:57:21.785Z</time>
      </trkpt>
      <trkpt lat="53.356844" lon="-0.855722">
        <ele>33</ele>
        <time>2026-09-13T12:59:14.228Z</time>
      </trkpt>
      <trkpt lat="53.356578" lon="-0.855189">
        <ele>33.5</ele>
        <time>2026-09-13T12:59:46.009Z</time>
      </trkpt>
      <trkpt lat="53.356053" lon="-0.855005">
        <ele>34.2</ele>
        <time>2026-09-13T13:00:24.928Z</time>
      </trkpt>
      <trkpt lat="53.354121" lon="-0.853126">
        <ele>27.2</ele>
        <time>2026-09-13T13:02:42.884Z</time>
      </trkpt>
      <trkpt lat="53.353196" lon="-0.852383">
        <ele>25.8</ele>
        <time>2026-09-13T13:03:45.318Z</time>
      </trkpt>
      <trkpt lat="53.352647" lon="-0.852138">
        <ele>26.1</ele>
        <time>2026-09-13T13:04:23.130Z</time>
      </trkpt>
      <trkpt lat="53.352739" lon="-0.852105">
        <ele>26</ele>
        <time>2026-09-13T13:04:29.563Z</time>
      </trkpt>
      <trkpt lat="53.352809" lon="-0.851537">
        <ele>25.7</ele>
        <time>2026-09-13T13:04:52.369Z</time>
      </trkpt>
      <trkpt lat="53.349937" lon="-0.850703">
        <ele>33.2</ele>
        <time>2026-09-13T13:08:31.390Z</time>
      </trkpt>
      <trkpt lat="53.349867" lon="-0.850538">
        <ele>33.3</ele>
        <time>2026-09-13T13:08:40.608Z</time>
      </trkpt>
      <trkpt lat="53.349953" lon="-0.84832">
        <ele>31</ele>
        <time>2026-09-13T13:10:05.545Z</time>
      </trkpt>
      <trkpt lat="53.34909" lon="-0.848117">
        <ele>32.2</ele>
        <time>2026-09-13T13:11:04.053Z</time>
      </trkpt>
      <trkpt lat="53.347518" lon="-0.847341">
        <ele>34.5</ele>
        <time>2026-09-13T13:13:03.632Z</time>
      </trkpt>
      <trkpt lat="53.347669" lon="-0.844553">
        <ele>29.9</ele>
        <time>2026-09-13T13:14:54.830Z</time>
      </trkpt>
      <trkpt lat="53.34762" lon="-0.844475">
        <ele>29.5</ele>
        <time>2026-09-13T13:14:58.885Z</time>
      </trkpt>
      <trkpt lat="53.344888" lon="-0.844625">
        <ele>28.5</ele>
        <time>2026-09-13T13:18:02.409Z</time>
      </trkpt>
      <trkpt lat="53.343755" lon="-0.84455">
        <ele>28.1</ele>
        <time>2026-09-13T13:19:19.020Z</time>
      </trkpt>
      <trkpt lat="53.343756" lon="-0.846149">
        <ele>30.8</ele>
        <time>2026-09-13T13:20:27.822Z</time>
      </trkpt>
      <trkpt lat="53.343931" lon="-0.84936">
        <ele>37</ele>
        <time>2026-09-13T13:22:57.949Z</time>
      </trkpt>
      <trkpt lat="53.344349" lon="-0.862758">
        <ele>66.8</ele>
        <time>2026-09-13T13:33:34.664Z</time>
      </trkpt>
      <trkpt lat="53.344353" lon="-0.863156">
        <ele>66.7</ele>
        <time>2026-09-13T13:33:53.540Z</time>
      </trkpt>
      <trkpt lat="53.344186" lon="-0.863894">
        <ele>66.7</ele>
        <time>2026-09-13T13:34:25.696Z</time>
      </trkpt>
      <trkpt lat="53.344265" lon="-0.864135">
        <ele>66.8</ele>
        <time>2026-09-13T13:34:37.049Z</time>
      </trkpt>
      <trkpt lat="53.34438" lon="-0.865729">
        <ele>66.9</ele>
        <time>2026-09-13T13:35:43.412Z</time>
      </trkpt>
      <trkpt lat="53.344393" lon="-0.867426">
        <ele>61.5</ele>
        <time>2026-09-13T13:36:44.749Z</time>
      </trkpt>
      <trkpt lat="53.344129" lon="-0.870764">
        <ele>56.2</ele>
        <time>2026-09-13T13:38:41.557Z</time>
      </trkpt>
      <trkpt lat="53.343672" lon="-0.870662">
        <ele>57.7</ele>
        <time>2026-09-13T13:39:11.047Z</time>
      </trkpt>
      <trkpt lat="53.34371" lon="-0.871076">
        <ele>57.1</ele>
        <time>2026-09-13T13:39:29.195Z</time>
      </trkpt>
      <trkpt lat="53.343499" lon="-0.874006">
        <ele>57.8</ele>
        <time>2026-09-13T13:41:30.479Z</time>
      </trkpt>
      <trkpt lat="53.343533" lon="-0.874758">
        <ele>58.2</ele>
        <time>2026-09-13T13:42:02.094Z</time>
      </trkpt>
      <trkpt lat="53.343378" lon="-0.877251">
        <ele>59.5</ele>
        <time>2026-09-13T13:43:48.898Z</time>
      </trkpt>
      <trkpt lat="53.34343" lon="-0.87784">
        <ele>59.9</ele>
        <time>2026-09-13T13:44:14.318Z</time>
      </trkpt>
      <trkpt lat="53.343233" lon="-0.885023">
        <ele>65.5</ele>
        <time>2026-09-13T13:49:26.202Z</time>
      </trkpt>
      <trkpt lat="53.343189" lon="-0.885241">
        <ele>65.7</ele>
        <time>2026-09-13T13:49:36.191Z</time>
      </trkpt>
      <trkpt lat="53.342854" lon="-0.885646">
        <ele>65.5</ele>
        <time>2026-09-13T13:50:04.566Z</time>
      </trkpt>
      <trkpt lat="53.34272" lon="-0.887154">
        <ele>64.8</ele>
        <time>2026-09-13T13:51:05.173Z</time>
      </trkpt>
      <trkpt lat="53.342814" lon="-0.887995">
        <ele>65.8</ele>
        <time>2026-09-13T13:51:40.590Z</time>
      </trkpt>
      <trkpt lat="53.34431" lon="-0.891091">
        <ele>65.7</ele>
        <time>2026-09-13T13:54:26.198Z</time>
      </trkpt>
      <trkpt lat="53.34455" lon="-0.891395">
        <ele>64.5</ele>
        <time>2026-09-13T13:54:46.414Z</time>
      </trkpt>
      <trkpt lat="53.348923" lon="-0.877369">
        <ele>48.2</ele>
        <time>2026-09-13T14:04:43.280Z</time>
      </trkpt>
      <trkpt lat="53.349412" lon="-0.87621">
        <ele>44.3</ele>
        <time>2026-09-13T14:05:36.386Z</time>
      </trkpt>
      <trkpt lat="53.35016" lon="-0.874971">
        <ele>37.9</ele>
        <time>2026-09-13T14:06:32.290Z</time>
      </trkpt>
      <trkpt lat="53.351187" lon="-0.876216">
        <ele>37.5</ele>
        <time>2026-09-13T14:07:48.139Z</time>
      </trkpt>
      <trkpt lat="53.351216" lon="-0.87656">
        <ele>37.4</ele>
        <time>2026-09-13T14:08:02.268Z</time>
      </trkpt>
      <trkpt lat="53.351112" lon="-0.876892">
        <ele>37.6</ele>
        <time>2026-09-13T14:08:17.799Z</time>
      </trkpt>
      <trkpt lat="53.351327" lon="-0.87721">
        <ele>38.1</ele>
        <time>2026-09-13T14:08:38.236Z</time>
      </trkpt>
      <trkpt lat="53.352017" lon="-0.877732">
        <ele>38.4</ele>
        <time>2026-09-13T14:09:32.023Z</time>
      </trkpt>
      <trkpt lat="53.353002" lon="-0.878919">
        <ele>34.5</ele>
        <time>2026-09-13T14:10:48.573Z</time>
      </trkpt>
      <trkpt lat="53.354445" lon="-0.879748">
        <ele>29.4</ele>
        <time>2026-09-13T14:12:18.300Z</time>
      </trkpt>
      <trkpt lat="53.354678" lon="-0.880004">
        <ele>29.3</ele>
        <time>2026-09-13T14:12:35.153Z</time>
      </trkpt>
      <trkpt lat="53.35479" lon="-0.880182">
        <ele>29.2</ele>
        <time>2026-09-13T14:12:45.535Z</time>
      </trkpt>
      <trkpt lat="53.354758" lon="-0.880679">
        <ele>29.5</ele>
        <time>2026-09-13T14:13:06.153Z</time>
      </trkpt>
      <trkpt lat="53.353878" lon="-0.884687">
        <ele>29.7</ele>
        <time>2026-09-13T14:16:02.603Z</time>
      </trkpt>
      <trkpt lat="53.353964" lon="-0.884923">
        <ele>30.2</ele>
        <time>2026-09-13T14:16:14.069Z</time>
      </trkpt>
      <trkpt lat="53.353877" lon="-0.885423">
        <ele>31.8</ele>
        <time>2026-09-13T14:16:39.446Z</time>
      </trkpt>
      <trkpt lat="53.353766" lon="-0.885942">
        <ele>33.5</ele>
        <time>2026-09-13T14:17:06.942Z</time>
      </trkpt>
      <trkpt lat="53.353618" lon="-0.886156">
        <ele>34.3</ele>
        <time>2026-09-13T14:17:23.082Z</time>
      </trkpt>
      <trkpt lat="53.353813" lon="-0.886655">
        <ele>34.8</ele>
        <time>2026-09-13T14:17:50.085Z</time>
      </trkpt>
      <trkpt lat="53.353075" lon="-0.894494">
        <ele>48.8</ele>
        <time>2026-09-13T14:23:56.182Z</time>
      </trkpt>
      <trkpt lat="53.353024" lon="-0.895736">
        <ele>50.9</ele>
        <time>2026-09-13T14:24:53.808Z</time>
      </trkpt>
      <trkpt lat="53.353087" lon="-0.895858">
        <ele>51.3</ele>
        <time>2026-09-13T14:25:00.946Z</time>
      </trkpt>
      <trkpt lat="53.353338" lon="-0.895476">
        <ele>50.9</ele>
        <time>2026-09-13T14:25:24.236Z</time>
      </trkpt>
      <trkpt lat="53.35372" lon="-0.895295">
        <ele>49.9</ele>
        <time>2026-09-13T14:25:50.034Z</time>
      </trkpt>
      <trkpt lat="53.355313" lon="-0.895303">
        <ele>43.9</ele>
        <time>2026-09-13T14:27:22.694Z</time>
      </trkpt>
      <trkpt lat="53.357074" lon="-0.894361">
        <ele>42.8</ele>
        <time>2026-09-13T14:29:18.013Z</time>
      </trkpt>
      <trkpt lat="53.357917" lon="-0.893558">
        <ele>45.8</ele>
        <time>2026-09-13T14:30:26.630Z</time>
      </trkpt>
      <trkpt lat="53.358157" lon="-0.89353">
        <ele>46.3</ele>
        <time>2026-09-13T14:30:45.255Z</time>
      </trkpt>
      <trkpt lat="53.358779" lon="-0.893899">
        <ele>50.4</ele>
        <time>2026-09-13T14:31:40.309Z</time>
      </trkpt>
      <trkpt lat="53.359558" lon="-0.894154">
        <ele>60.6</ele>
        <time>2026-09-13T14:32:54.143Z</time>
      </trkpt>
      <trkpt lat="53.35947" lon="-0.896323">
        <ele>56.7</ele>
        <time>2026-09-13T14:34:35.038Z</time>
      </trkpt>
      <trkpt lat="53.359198" lon="-0.898879">
        <ele>52.6</ele>
        <time>2026-09-13T14:36:08.291Z</time>
      </trkpt>
      <trkpt lat="53.359395" lon="-0.900305">
        <ele>51.2</ele>
        <time>2026-09-13T14:37:02.247Z</time>
      </trkpt>
      <trkpt lat="53.359306" lon="-0.902351">
        <ele>41.6</ele>
        <time>2026-09-13T14:38:07.856Z</time>
      </trkpt>
      <trkpt lat="53.359129" lon="-0.902929">
        <ele>39.7</ele>
        <time>2026-09-13T14:38:26.949Z</time>
      </trkpt>
      <trkpt lat="53.358627" lon="-0.903626">
        <ele>35.9</ele>
        <time>2026-09-13T14:39:01.503Z</time>
      </trkpt>
      <trkpt lat="53.358476" lon="-0.904509">
        <ele>31.1</ele>
        <time>2026-09-13T14:39:28.463Z</time>
      </trkpt>
      <trkpt lat="53.358994" lon="-0.906775">
        <ele>17.2</ele>
        <time>2026-09-13T14:40:33.756Z</time>
      </trkpt>
      <trkpt lat="53.359088" lon="-0.907625">
        <ele>15.7</ele>
        <time>2026-09-13T14:40:58.424Z</time>
      </trkpt>
      <trkpt lat="53.358763" lon="-0.907844">
        <ele>15.4</ele>
        <time>2026-09-13T14:41:20.261Z</time>
      </trkpt>
      <trkpt lat="53.358748" lon="-0.908207">
        <ele>15.2</ele>
        <time>2026-09-13T14:41:34.060Z</time>
      </trkpt>
      <trkpt lat="53.358847" lon="-0.908392">
        <ele>14.5</ele>
        <time>2026-09-13T14:41:43.124Z</time>
      </trkpt>
      <trkpt lat="53.358931" lon="-0.908255">
        <ele>14.2</ele>
        <time>2026-09-13T14:41:50.290Z</time>
      </trkpt>
      <trkpt lat="53.358537" lon="-0.908473">
        <ele>14</ele>
        <time>2026-09-13T14:42:16.546Z</time>
      </trkpt>
      <trkpt lat="53.358377" lon="-0.908851">
        <ele>13.8</ele>
        <time>2026-09-13T14:42:35.048Z</time>
      </trkpt>
      <trkpt lat="53.357993" lon="-0.909257">
        <ele>13.8</ele>
        <time>2026-09-13T14:43:05.850Z</time>
      </trkpt>
      <trkpt lat="53.357048" lon="-0.909855">
        <ele>13.9</ele>
        <time>2026-09-13T14:44:15.442Z</time>
      </trkpt>
      <trkpt lat="53.355434" lon="-0.909421">
        <ele>14.1</ele>
        <time>2026-09-13T14:46:08.286Z</time>
      </trkpt>
      <trkpt lat="53.353694" lon="-0.909005">
        <ele>14</ele>
        <time>2026-09-13T14:48:09.164Z</time>
      </trkpt>
      <trkpt lat="53.352659" lon="-0.909177">
        <ele>13.8</ele>
        <time>2026-09-13T14:49:20.255Z</time>
      </trkpt>
      <trkpt lat="53.351894" lon="-0.909849">
        <ele>13.8</ele>
        <time>2026-09-13T14:50:19.301Z</time>
      </trkpt>
      <trkpt lat="53.350251" lon="-0.91166">
        <ele>14.2</ele>
        <time>2026-09-13T14:52:35.239Z</time>
      </trkpt>
      <trkpt lat="53.349849" lon="-0.911947">
        <ele>14.1</ele>
        <time>2026-09-13T14:53:05.420Z</time>
      </trkpt>
      <trkpt lat="53.349084" lon="-0.911653">
        <ele>14.2</ele>
        <time>2026-09-13T14:53:59.326Z</time>
      </trkpt>
      <trkpt lat="53.346353" lon="-0.910412">
        <ele>14.1</ele>
        <time>2026-09-13T14:57:13.676Z</time>
      </trkpt>
      <trkpt lat="53.345866" lon="-0.910018">
        <ele>14.2</ele>
        <time>2026-09-13T14:57:50.821Z</time>
      </trkpt>
      <trkpt lat="53.345572" lon="-0.91046">
        <ele>14.2</ele>
        <time>2026-09-13T14:58:18.084Z</time>
      </trkpt>
      <trkpt lat="53.345019" lon="-0.911682">
        <ele>14.2</ele>
        <time>2026-09-13T14:59:20.957Z</time>
      </trkpt>
      <trkpt lat="53.344562" lon="-0.912346">
        <ele>14.3</ele>
        <time>2026-09-13T15:00:02.630Z</time>
      </trkpt>
      <trkpt lat="53.342148" lon="-0.914755">
        <ele>14.3</ele>
        <time>2026-09-13T15:03:15.879Z</time>
      </trkpt>
      <trkpt lat="53.341475" lon="-0.915202">
        <ele>14.2</ele>
        <time>2026-09-13T15:04:05.540Z</time>
      </trkpt>
      <trkpt lat="53.341189" lon="-0.915173">
        <ele>14.2</ele>
        <time>2026-09-13T15:04:25.131Z</time>
      </trkpt>
      <trkpt lat="53.340948" lon="-0.91537">
        <ele>14.1</ele>
        <time>2026-09-13T15:04:43.400Z</time>
      </trkpt>
      <trkpt lat="53.340639" lon="-0.915415">
        <ele>14</ele>
        <time>2026-09-13T15:05:04.372Z</time>
      </trkpt>
      <trkpt lat="53.340441" lon="-0.915645">
        <ele>13.9</ele>
        <time>2026-09-13T15:05:20.823Z</time>
      </trkpt>
      <trkpt lat="53.340239" lon="-0.915599">
        <ele>14</ele>
        <time>2026-09-13T15:05:34.824Z</time>
      </trkpt>
      <trkpt lat="53.339917" lon="-0.91583">
        <ele>14.2</ele>
        <time>2026-09-13T15:05:59.154Z</time>
      </trkpt>
      <trkpt lat="53.339721" lon="-0.915705">
        <ele>14.2</ele>
        <time>2026-09-13T15:06:13.645Z</time>
      </trkpt>
      <trkpt lat="53.339665" lon="-0.915801">
        <ele>14.1</ele>
        <time>2026-09-13T15:06:19.148Z</time>
      </trkpt>
      <trkpt lat="53.33975" lon="-0.915911">
        <ele>14.1</ele>
        <time>2026-09-13T15:06:26.525Z</time>
      </trkpt>
      <trkpt lat="53.339675" lon="-0.915774">
        <ele>14.2</ele>
        <time>2026-09-13T15:06:34.147Z</time>
      </trkpt>
      <trkpt lat="53.339053" lon="-0.9159">
        <ele>14</ele>
        <time>2026-09-13T15:07:16.760Z</time>
      </trkpt>
      <trkpt lat="53.338703" lon="-0.916042">
        <ele>13.9</ele>
        <time>2026-09-13T15:07:41.155Z</time>
      </trkpt>
      <trkpt lat="53.337938" lon="-0.915965">
        <ele>13.8</ele>
        <time>2026-09-13T15:08:33.372Z</time>
      </trkpt>
      <trkpt lat="53.336745" lon="-0.915191">
        <ele>13.7</ele>
        <time>2026-09-13T15:10:00.857Z</time>
      </trkpt>
      <trkpt lat="53.33628" lon="-0.914717">
        <ele>13.8</ele>
        <time>2026-09-13T15:10:38.244Z</time>
      </trkpt>
      <trkpt lat="53.334846" lon="-0.913826">
        <ele>13.7</ele>
        <time>2026-09-13T15:12:23.295Z</time>
      </trkpt>
      <trkpt lat="53.334413" lon="-0.913767">
        <ele>13.7</ele>
        <time>2026-09-13T15:12:53.064Z</time>
      </trkpt>
      <trkpt lat="53.333978" lon="-0.913983">
        <ele>13.7</ele>
        <time>2026-09-13T15:13:24.226Z</time>
      </trkpt>
      <trkpt lat="53.331395" lon="-0.916387">
        <ele>14.1</ele>
        <time>2026-09-13T15:16:48.262Z</time>
      </trkpt>
      <trkpt lat="53.330972" lon="-0.91695">
        <ele>14.3</ele>
        <time>2026-09-13T15:17:25.660Z</time>
      </trkpt>
      <trkpt lat="53.33064" lon="-0.917783">
        <ele>14.7</ele>
        <time>2026-09-13T15:18:07.710Z</time>
      </trkpt>
      <trkpt lat="53.329724" lon="-0.921649">
        <ele>15.4</ele>
        <time>2026-09-13T15:21:01.044Z</time>
      </trkpt>
      <trkpt lat="53.32899" lon="-0.923411">
        <ele>15.7</ele>
        <time>2026-09-13T15:22:30.215Z</time>
      </trkpt>
      <trkpt lat="53.32867" lon="-0.923752">
        <ele>15.9</ele>
        <time>2026-09-13T15:22:56.618Z</time>
      </trkpt>
      <trkpt lat="53.327734" lon="-0.923996">
        <ele>15.7</ele>
        <time>2026-09-13T15:24:01.679Z</time>
      </trkpt>
      <trkpt lat="53.327204" lon="-0.924999">
        <ele>15.7</ele>
        <time>2026-09-13T15:24:56.331Z</time>
      </trkpt>
      <trkpt lat="53.327229" lon="-0.926635">
        <ele>15.7</ele>
        <time>2026-09-13T15:26:03.461Z</time>
      </trkpt>
      <trkpt lat="53.327028" lon="-0.927304">
        <ele>15.7</ele>
        <time>2026-09-13T15:26:34.180Z</time>
      </trkpt>
      <trkpt lat="53.326757" lon="-0.92776">
        <ele>15.7</ele>
        <time>2026-09-13T15:27:00.568Z</time>
      </trkpt>
      <trkpt lat="53.326462" lon="-0.928007">
        <ele>15.7</ele>
        <time>2026-09-13T15:27:23.221Z</time>
      </trkpt>
      <trkpt lat="53.326037" lon="-0.928114">
        <ele>15.7</ele>
        <time>2026-09-13T15:27:52.739Z</time>
      </trkpt>
      <trkpt lat="53.325148" lon="-0.928093">
        <ele>15.8</ele>
        <time>2026-09-13T15:28:54.011Z</time>
      </trkpt>
      <trkpt lat="53.324718" lon="-0.927934">
        <ele>15.6</ele>
        <time>2026-09-13T15:29:24.154Z</time>
      </trkpt>
      <trkpt lat="53.324317" lon="-0.928139">
        <ele>15.6</ele>
        <time>2026-09-13T15:29:52.649Z</time>
      </trkpt>
      <trkpt lat="53.324071" lon="-0.928426">
        <ele>15.7</ele>
        <time>2026-09-13T15:30:13.371Z</time>
      </trkpt>
      <trkpt lat="53.323913" lon="-0.928799">
        <ele>15.7</ele>
        <time>2026-09-13T15:30:32.277Z</time>
      </trkpt>
      <trkpt lat="53.32324" lon="-0.931743">
        <ele>15.6</ele>
        <time>2026-09-13T15:32:41.324Z</time>
      </trkpt>
      <trkpt lat="53.322656" lon="-0.932701">
        <ele>15.6</ele>
        <time>2026-09-13T15:33:37.385Z</time>
      </trkpt>
      <trkpt lat="53.32241" lon="-0.933399">
        <ele>15.7</ele>
        <time>2026-09-13T15:34:10.748Z</time>
      </trkpt>
      <trkpt lat="53.32232" lon="-0.934076">
        <ele>15.7</ele>
        <time>2026-09-13T15:34:39.343Z</time>
      </trkpt>
      <trkpt lat="53.322458" lon="-0.935063">
        <ele>15.7</ele>
        <time>2026-09-13T15:35:20.929Z</time>
      </trkpt>
      <trkpt lat="53.322368" lon="-0.935418">
        <ele>15.6</ele>
        <time>2026-09-13T15:35:36.665Z</time>
      </trkpt>
      <trkpt lat="53.322007" lon="-0.935901">
        <ele>15.5</ele>
        <time>2026-09-13T15:36:07.992Z</time>
      </trkpt>
      <trkpt lat="53.321572" lon="-0.936007">
        <ele>15.6</ele>
        <time>2026-09-13T15:36:38.183Z</time>
      </trkpt>
      <trkpt lat="53.320776" lon="-0.936945">
        <ele>15.6</ele>
        <time>2026-09-13T15:37:45.252Z</time>
      </trkpt>
      <trkpt lat="53.320064" lon="-0.938604">
        <ele>15.7</ele>
        <time>2026-09-13T15:39:09.234Z</time>
      </trkpt>
      <trkpt lat="53.319767" lon="-0.939029">
        <ele>15.7</ele>
        <time>2026-09-13T15:39:36.143Z</time>
      </trkpt>
      <trkpt lat="53.319349" lon="-0.940081">
        <ele>15.7</ele>
        <time>2026-09-13T15:40:27.980Z</time>
      </trkpt>
      <trkpt lat="53.31928" lon="-0.940459">
        <ele>15.7</ele>
        <time>2026-09-13T15:40:44.195Z</time>
      </trkpt>
      <trkpt lat="53.319104" lon="-0.940755">
        <ele>15.6</ele>
        <time>2026-09-13T15:41:01.171Z</time>
      </trkpt>
      <trkpt lat="53.319091" lon="-0.942058">
        <ele>15.3</ele>
        <time>2026-09-13T15:41:53.703Z</time>
      </trkpt>
      <trkpt lat="53.319215" lon="-0.943936">
        <ele>16.2</ele>
        <time>2026-09-13T15:43:12.319Z</time>
      </trkpt>
      <trkpt lat="53.319169" lon="-0.944975">
        <ele>16.3</ele>
        <time>2026-09-13T15:43:56.160Z</time>
      </trkpt>
      <trkpt lat="53.319246" lon="-0.945634">
        <ele>16.5</ele>
        <time>2026-09-13T15:44:24.072Z</time>
      </trkpt>
      <trkpt lat="53.319202" lon="-0.94647">
        <ele>16.5</ele>
        <time>2026-09-13T15:44:58.847Z</time>
      </trkpt>
      <trkpt lat="53.319281" lon="-0.948312">
        <ele>16.4</ele>
        <time>2026-09-13T15:46:14.403Z</time>
      </trkpt>
      <trkpt lat="53.319497" lon="-0.949143">
        <ele>16.5</ele>
        <time>2026-09-13T15:46:51.584Z</time>
      </trkpt>
      <trkpt lat="53.319817" lon="-0.949438">
        <ele>16.9</ele>
        <time>2026-09-13T15:47:17.297Z</time>
      </trkpt>
      <trkpt lat="53.320599" lon="-0.949435">
        <ele>16.8</ele>
        <time>2026-09-13T15:48:11.638Z</time>
      </trkpt>
      <trkpt lat="53.321304" lon="-0.949634">
        <ele>16.9</ele>
        <time>2026-09-13T15:49:00.742Z</time>
      </trkpt>
      <trkpt lat="53.321852" lon="-0.950687">
        <ele>19.2</ele>
        <time>2026-09-13T15:50:02.004Z</time>
      </trkpt>
      <trkpt lat="53.322025" lon="-0.951361">
        <ele>19.3</ele>
        <time>2026-09-13T15:50:34.627Z</time>
      </trkpt>
      <trkpt lat="53.32231" lon="-0.95201">
        <ele>19.4</ele>
        <time>2026-09-13T15:51:07.997Z</time>
      </trkpt>
      <trkpt lat="53.32283" lon="-0.95223">
        <ele>19.5</ele>
        <time>2026-09-13T15:51:45.160Z</time>
      </trkpt>
      <trkpt lat="53.323424" lon="-0.952221">
        <ele>19.6</ele>
        <time>2026-09-13T15:52:26.283Z</time>
      </trkpt>
      <trkpt lat="53.323677" lon="-0.952434">
        <ele>19.6</ele>
        <time>2026-09-13T15:52:45.832Z</time>
      </trkpt>
      <trkpt lat="53.325095" lon="-0.954852">
        <ele>19.8</ele>
        <time>2026-09-13T15:55:05.387Z</time>
      </trkpt>
      <trkpt lat="53.326136" lon="-0.95686">
        <ele>20</ele>
        <time>2026-09-13T15:56:55.003Z</time>
      </trkpt>
      <trkpt lat="53.32625" lon="-0.957726">
        <ele>20</ele>
        <time>2026-09-13T15:57:31.534Z</time>
      </trkpt>
      <trkpt lat="53.326281" lon="-0.958404">
        <ele>19.8</ele>
        <time>2026-09-13T15:57:59.159Z</time>
      </trkpt>
      <trkpt lat="53.326103" lon="-0.959305">
        <ele>19.5</ele>
        <time>2026-09-13T15:58:37.190Z</time>
      </trkpt>
      <trkpt lat="53.326202" lon="-0.95958">
        <ele>19.5</ele>
        <time>2026-09-13T15:58:50.127Z</time>
      </trkpt>
      <trkpt lat="53.326144" lon="-0.960321">
        <ele>19.3</ele>
        <time>2026-09-13T15:59:20.351Z</time>
      </trkpt>
      <trkpt lat="53.326226" lon="-0.960474">
        <ele>19.3</ele>
        <time>2026-09-13T15:59:28.650Z</time>
      </trkpt>
      <trkpt lat="53.326242" lon="-0.961215">
        <ele>19.2</ele>
        <time>2026-09-13T15:59:58.824Z</time>
      </trkpt>
      <trkpt lat="53.326422" lon="-0.961732">
        <ele>19.1</ele>
        <time>2026-09-13T16:00:23.096Z</time>
      </trkpt>
      <trkpt lat="53.326478" lon="-0.962483">
        <ele>19</ele>
        <time>2026-09-13T16:00:53.796Z</time>
      </trkpt>
      <trkpt lat="53.326651" lon="-0.962774">
        <ele>19.1</ele>
        <time>2026-09-13T16:01:10.639Z</time>
      </trkpt>
      <trkpt lat="53.326855" lon="-0.963936">
        <ele>18.8</ele>
        <time>2026-09-13T16:01:59.859Z</time>
      </trkpt>
      <trkpt lat="53.327068" lon="-0.964593">
        <ele>18.8</ele>
        <time>2026-09-13T16:02:30.170Z</time>
      </trkpt>
      <trkpt lat="53.327469" lon="-0.965407">
        <ele>18.7</ele>
        <time>2026-09-13T16:03:13.272Z</time>
      </trkpt>
      <trkpt lat="53.328076" lon="-0.966265">
        <ele>18.6</ele>
        <time>2026-09-13T16:04:07.487Z</time>
      </trkpt>
      <trkpt lat="53.328537" lon="-0.968089">
        <ele>18.6</ele>
        <time>2026-09-13T16:05:28.545Z</time>
      </trkpt>
      <trkpt lat="53.328726" lon="-0.96838">
        <ele>18.4</ele>
        <time>2026-09-13T16:05:46.069Z</time>
      </trkpt>
      <trkpt lat="53.328348" lon="-0.971475">
        <ele>18.3</ele>
        <time>2026-09-13T16:07:54.834Z</time>
      </trkpt>
      <trkpt lat="53.32834" lon="-0.972042">
        <ele>18.4</ele>
        <time>2026-09-13T16:08:18.098Z</time>
      </trkpt>
      <trkpt lat="53.32848" lon="-0.972456">
        <ele>18.6</ele>
        <time>2026-09-13T16:08:38.035Z</time>
      </trkpt>
      <trkpt lat="53.328707" lon="-0.972622">
        <ele>18.5</ele>
        <time>2026-09-13T16:08:55.191Z</time>
      </trkpt>
      <trkpt lat="53.329181" lon="-0.972303">
        <ele>18.6</ele>
        <time>2026-09-13T16:09:30.277Z</time>
      </trkpt>
      <trkpt lat="53.329499" lon="-0.972289">
        <ele>18.5</ele>
        <time>2026-09-13T16:09:52.126Z</time>
      </trkpt>
      <trkpt lat="53.330901" lon="-0.973345">
        <ele>18.6</ele>
        <time>2026-09-13T16:11:37.711Z</time>
      </trkpt>
      <trkpt lat="53.331617" lon="-0.974054">
        <ele>18.8</ele>
        <time>2026-09-13T16:12:35.168Z</time>
      </trkpt>
      <trkpt lat="53.331879" lon="-0.974759">
        <ele>18.6</ele>
        <time>2026-09-13T16:13:09.226Z</time>
      </trkpt>
      <trkpt lat="53.332301" lon="-0.97666">
        <ele>18.5</ele>
        <time>2026-09-13T16:14:31.752Z</time>
      </trkpt>
      <trkpt lat="53.332523" lon="-0.976902">
        <ele>18.7</ele>
        <time>2026-09-13T16:14:50.001Z</time>
      </trkpt>
      <trkpt lat="53.332894" lon="-0.977642">
        <ele>18.8</ele>
        <time>2026-09-13T16:15:30.264Z</time>
      </trkpt>
      <trkpt lat="53.33323" lon="-0.979846">
        <ele>18.8</ele>
        <time>2026-09-13T16:17:03.775Z</time>
      </trkpt>
      <trkpt lat="53.333551" lon="-0.980477">
        <ele>18.8</ele>
        <time>2026-09-13T16:17:37.772Z</time>
      </trkpt>
      <trkpt lat="53.334331" lon="-0.981874">
        <ele>18.8</ele>
        <time>2026-09-13T16:18:56.212Z</time>
      </trkpt>
      <trkpt lat="53.334659" lon="-0.982359">
        <ele>18.8</ele>
        <time>2026-09-13T16:19:26.264Z</time>
      </trkpt>
      <trkpt lat="53.334998" lon="-0.983928">
        <ele>18.7</ele>
        <time>2026-09-13T16:20:34.481Z</time>
      </trkpt>
      <trkpt lat="53.336173" lon="-0.985387">
        <ele>18.7</ele>
        <time>2026-09-13T16:22:14.762Z</time>
      </trkpt>
      <trkpt lat="53.336664" lon="-0.985917">
        <ele>18.9</ele>
        <time>2026-09-13T16:22:55.059Z</time>
      </trkpt>
      <trkpt lat="53.337112" lon="-0.98639">
        <ele>19.6</ele>
        <time>2026-09-13T16:23:32.752Z</time>
      </trkpt>
      <trkpt lat="53.33721" lon="-0.986361">
        <ele>19.9</ele>
        <time>2026-09-13T16:23:40.072Z</time>
      </trkpt>
      <trkpt lat="53.33778" lon="-0.98698">
        <ele>20.5</ele>
        <time>2026-09-13T16:24:29.146Z</time>
      </trkpt>
      <trkpt lat="53.339595" lon="-0.98971">
        <ele>20.8</ele>
        <time>2026-09-13T16:27:18.871Z</time>
      </trkpt>
      <trkpt lat="53.340295" lon="-0.991506">
        <ele>21</ele>
        <time>2026-09-13T16:28:47.356Z</time>
      </trkpt>
      <trkpt lat="53.340382" lon="-0.992027">
        <ele>22.2</ele>
        <time>2026-09-13T16:29:10.409Z</time>
      </trkpt>
      <trkpt lat="53.341294" lon="-0.994125">
        <ele>22.6</ele>
        <time>2026-09-13T16:31:00.910Z</time>
      </trkpt>
      <trkpt lat="53.341385" lon="-0.994696">
        <ele>22.8</ele>
        <time>2026-09-13T16:31:25.488Z</time>
      </trkpt>
      <trkpt lat="53.341327" lon="-0.99532">
        <ele>22.7</ele>
        <time>2026-09-13T16:31:51.543Z</time>
      </trkpt>
      <trkpt lat="53.341182" lon="-0.996104">
        <ele>22.8</ele>
        <time>2026-09-13T16:32:25.200Z</time>
      </trkpt>
      <trkpt lat="53.340708" lon="-0.996997">
        <ele>23</ele>
        <time>2026-09-13T16:33:14.747Z</time>
      </trkpt>
      <trkpt lat="53.340321" lon="-0.998234">
        <ele>23.2</ele>
        <time>2026-09-13T16:34:12.680Z</time>
      </trkpt>
      <trkpt lat="53.339769" lon="-1.001571">
        <ele>24.8</ele>
        <time>2026-09-13T16:36:38.635Z</time>
      </trkpt>
      <trkpt lat="53.33928" lon="-1.003739">
        <ele>25.1</ele>
        <time>2026-09-13T16:38:16.024Z</time>
      </trkpt>
      <trkpt lat="53.338823" lon="-1.004629">
        <ele>25.3</ele>
        <time>2026-09-13T16:39:04.681Z</time>
      </trkpt>
      <trkpt lat="53.33882" lon="-1.004817">
        <ele>25.4</ele>
        <time>2026-09-13T16:39:12.492Z</time>
      </trkpt>
      <trkpt lat="53.338636" lon="-1.005049">
        <ele>25.4</ele>
        <time>2026-09-13T16:39:28.518Z</time>
      </trkpt>
      <trkpt lat="53.337547" lon="-1.004807">
        <ele>25.6</ele>
        <time>2026-09-13T16:40:44.675Z</time>
      </trkpt>
      <trkpt lat="53.337373" lon="-1.004845">
        <ele>25.6</ele>
        <time>2026-09-13T16:40:56.811Z</time>
      </trkpt>
      <trkpt lat="53.337145" lon="-1.005132">
        <ele>25.7</ele>
        <time>2026-09-13T16:41:16.592Z</time>
      </trkpt>
      <trkpt lat="53.336897" lon="-1.005638">
        <ele>25.8</ele>
        <time>2026-09-13T16:41:43.795Z</time>
      </trkpt>
      <trkpt lat="53.336549" lon="-1.006811">
        <ele>26.6</ele>
        <time>2026-09-13T16:42:39.362Z</time>
      </trkpt>
      <trkpt lat="53.336137" lon="-1.008842">
        <ele>27.7</ele>
        <time>2026-09-13T16:44:10.966Z</time>
      </trkpt>
      <trkpt lat="53.335653" lon="-1.010689">
        <ele>27.9</ele>
        <time>2026-09-13T16:45:35.632Z</time>
      </trkpt>
      <trkpt lat="53.335748" lon="-1.010845">
        <ele>28</ele>
        <time>2026-09-13T16:45:44.854Z</time>
      </trkpt>
      <trkpt lat="53.335639" lon="-1.01079">
        <ele>28</ele>
        <time>2026-09-13T16:45:52.815Z</time>
      </trkpt>
      <trkpt lat="53.335506" lon="-1.01148">
        <ele>28.1</ele>
        <time>2026-09-13T16:46:22.944Z</time>
      </trkpt>
      <trkpt lat="53.334938" lon="-1.012729">
        <ele>28</ele>
        <time>2026-09-13T16:47:27.331Z</time>
      </trkpt>
      <trkpt lat="53.33356" lon="-1.014777">
        <ele>27.4</ele>
        <time>2026-09-13T16:49:32.440Z</time>
      </trkpt>
      <trkpt lat="53.333338" lon="-1.015282">
        <ele>27.4</ele>
        <time>2026-09-13T16:49:57.846Z</time>
      </trkpt>
      <trkpt lat="53.333241" lon="-1.015776">
        <ele>27.4</ele>
        <time>2026-09-13T16:50:19.174Z</time>
      </trkpt>
      <trkpt lat="53.33324" lon="-1.016853">
        <ele>27.4</ele>
        <time>2026-09-13T16:51:03.346Z</time>
      </trkpt>
      <trkpt lat="53.332904" lon="-1.018533">
        <ele>27.2</ele>
        <time>2026-09-13T16:52:15.628Z</time>
      </trkpt>
      <trkpt lat="53.333111" lon="-1.019158">
        <ele>27.1</ele>
        <time>2026-09-13T16:52:44.674Z</time>
      </trkpt>
      <trkpt lat="53.333556" lon="-1.020022">
        <ele>27</ele>
        <time>2026-09-13T16:53:31.090Z</time>
      </trkpt>
      <trkpt lat="53.333581" lon="-1.020248">
        <ele>27.1</ele>
        <time>2026-09-13T16:53:40.516Z</time>
      </trkpt>
      <trkpt lat="53.334218" lon="-1.021501">
        <ele>27.2</ele>
        <time>2026-09-13T16:54:48.549Z</time>
      </trkpt>
      <trkpt lat="53.33438" lon="-1.022174">
        <ele>27.4</ele>
        <time>2026-09-13T16:55:18.592Z</time>
      </trkpt>
      <trkpt lat="53.334398" lon="-1.022746">
        <ele>27.8</ele>
        <time>2026-09-13T16:55:42.900Z</time>
      </trkpt>
      <trkpt lat="53.334223" lon="-1.023205">
        <ele>28</ele>
        <time>2026-09-13T16:56:06.136Z</time>
      </trkpt>
      <trkpt lat="53.333098" lon="-1.025005">
        <ele>28.3</ele>
        <time>2026-09-13T16:57:54.279Z</time>
      </trkpt>
      <trkpt lat="53.332621" lon="-1.025494">
        <ele>28.3</ele>
        <time>2026-09-13T16:58:32.937Z</time>
      </trkpt>
      <trkpt lat="53.33186" lon="-1.026661">
        <ele>27.7</ele>
        <time>2026-09-13T16:59:42.608Z</time>
      </trkpt>
      <trkpt lat="53.33161" lon="-1.026797">
        <ele>27.5</ele>
        <time>2026-09-13T17:00:00.160Z</time>
      </trkpt>
      <trkpt lat="53.330838" lon="-1.026512">
        <ele>27.3</ele>
        <time>2026-09-13T17:00:53.530Z</time>
      </trkpt>
      <trkpt lat="53.327976" lon="-1.026666">
        <ele>27</ele>
        <time>2026-09-13T17:04:08.991Z</time>
      </trkpt>
      <trkpt lat="53.326709" lon="-1.026605">
        <ele>27.1</ele>
        <time>2026-09-13T17:05:35.858Z</time>
      </trkpt>
      <trkpt lat="53.326574" lon="-1.026491">
        <ele>27.1</ele>
        <time>2026-09-13T17:05:46.275Z</time>
      </trkpt>
      <trkpt lat="53.326" lon="-1.026526">
        <ele>27.1</ele>
        <time>2026-09-13T17:06:25.724Z</time>
      </trkpt>
      <trkpt lat="53.325874" lon="-1.026395">
        <ele>27.2</ele>
        <time>2026-09-13T17:06:35.960Z</time>
      </trkpt>
      <trkpt lat="53.325671" lon="-1.026451">
        <ele>27.2</ele>
        <time>2026-09-13T17:06:50.269Z</time>
      </trkpt>
      <trkpt lat="53.325264" lon="-1.026279">
        <ele>27.1</ele>
        <time>2026-09-13T17:07:19.100Z</time>
      </trkpt>
      <trkpt lat="53.324044" lon="-1.026363">
        <ele>27.4</ele>
        <time>2026-09-13T17:08:43.422Z</time>
      </trkpt>
      <trkpt lat="53.323586" lon="-1.026786">
        <ele>27.5</ele>
        <time>2026-09-13T17:09:19.718Z</time>
      </trkpt>
      <trkpt lat="53.323451" lon="-1.026828">
        <ele>27.5</ele>
        <time>2026-09-13T17:09:29.212Z</time>
      </trkpt>
      <trkpt lat="53.323014" lon="-1.026628">
        <ele>27.3</ele>
        <time>2026-09-13T17:09:59.853Z</time>
      </trkpt>
      <trkpt lat="53.322462" lon="-1.026138">
        <ele>27.2</ele>
        <time>2026-09-13T17:10:42.228Z</time>
      </trkpt>
      <trkpt lat="53.322075" lon="-1.025534">
        <ele>27.2</ele>
        <time>2026-09-13T17:11:18.425Z</time>
      </trkpt>
      <trkpt lat="53.321828" lon="-1.024849">
        <ele>27.2</ele>
        <time>2026-09-13T17:11:51.250Z</time>
      </trkpt>
      <trkpt lat="53.321473" lon="-1.024574">
        <ele>27.3</ele>
        <time>2026-09-13T17:12:18.255Z</time>
      </trkpt>
      <trkpt lat="53.321131" lon="-1.024724">
        <ele>27.3</ele>
        <time>2026-09-13T17:12:42.683Z</time>
      </trkpt>
      <trkpt lat="53.320857" lon="-1.025316">
        <ele>27.3</ele>
        <time>2026-09-13T17:13:13.408Z</time>
      </trkpt>
      <trkpt lat="53.320491" lon="-1.02559">
        <ele>27.2</ele>
        <time>2026-09-13T17:13:40.798Z</time>
      </trkpt>
      <trkpt lat="53.319705" lon="-1.02553">
        <ele>27.1</ele>
        <time>2026-09-13T17:14:34.429Z</time>
      </trkpt>
      <trkpt lat="53.319444" lon="-1.025335">
        <ele>27.2</ele>
        <time>2026-09-13T17:14:54.059Z</time>
      </trkpt>
      <trkpt lat="53.319189" lon="-1.025508">
        <ele>27.3</ele>
        <time>2026-09-13T17:15:13.259Z</time>
      </trkpt>
      <trkpt lat="53.319118" lon="-1.025912">
        <ele>27.3</ele>
        <time>2026-09-13T17:15:30.684Z</time>
      </trkpt>
      <trkpt lat="53.319203" lon="-1.026445">
        <ele>27.4</ele>
        <time>2026-09-13T17:15:53.493Z</time>
      </trkpt>
      <trkpt lat="53.319531" lon="-1.026761">
        <ele>27.4</ele>
        <time>2026-09-13T17:16:19.650Z</time>
      </trkpt>
      <trkpt lat="53.320075" lon="-1.027739">
        <ele>27.3</ele>
        <time>2026-09-13T17:17:14.266Z</time>
      </trkpt>
      <trkpt lat="53.320316" lon="-1.027574">
        <ele>27</ele>
        <time>2026-09-13T17:17:31.845Z</time>
      </trkpt>
      <trkpt lat="53.320348" lon="-1.028585">
        <ele>27.3</ele>
        <time>2026-09-13T17:18:13.381Z</time>
      </trkpt>
      <trkpt lat="53.319699" lon="-1.030517">
        <ele>27.4</ele>
        <time>2026-09-13T17:19:45.166Z</time>
      </trkpt>
      <trkpt lat="53.319232" lon="-1.03165">
        <ele>27.3</ele>
        <time>2026-09-13T17:20:41.643Z</time>
      </trkpt>
      <trkpt lat="53.318473" lon="-1.032499">
        <ele>27.3</ele>
        <time>2026-09-13T17:21:44.176Z</time>
      </trkpt>
      <trkpt lat="53.317777" lon="-1.032781">
        <ele>27.2</ele>
        <time>2026-09-13T17:22:33.224Z</time>
      </trkpt>
      <trkpt lat="53.316668" lon="-1.032691">
        <ele>27.2</ele>
        <time>2026-09-13T17:23:49.294Z</time>
      </trkpt>
      <trkpt lat="53.316558" lon="-1.033212">
        <ele>27.3</ele>
        <time>2026-09-13T17:24:12.037Z</time>
      </trkpt>
      <trkpt lat="53.31685" lon="-1.034165">
        <ele>27.3</ele>
        <time>2026-09-13T17:24:56.185Z</time>
      </trkpt>
      <trkpt lat="53.316787" lon="-1.034748">
        <ele>27.2</ele>
        <time>2026-09-13T17:25:20.384Z</time>
      </trkpt>
      <trkpt lat="53.316308" lon="-1.035191">
        <ele>27</ele>
        <time>2026-09-13T17:25:57.407Z</time>
      </trkpt>
      <trkpt lat="53.315298" lon="-1.035341">
        <ele>26.8</ele>
        <time>2026-09-13T17:27:06.246Z</time>
      </trkpt>
      <trkpt lat="53.315077" lon="-1.035759">
        <ele>26.8</ele>
        <time>2026-09-13T17:27:28.997Z</time>
      </trkpt>
      <trkpt lat="53.314747" lon="-1.037171">
        <ele>26.8</ele>
        <time>2026-09-13T17:28:31.209Z</time>
      </trkpt>
      <trkpt lat="53.314766" lon="-1.03791">
        <ele>26.6</ele>
        <time>2026-09-13T17:29:01.357Z</time>
      </trkpt>
      <trkpt lat="53.3154" lon="-1.039273">
        <ele>26.8</ele>
        <time>2026-09-13T17:30:12.236Z</time>
      </trkpt>
      <trkpt lat="53.315589" lon="-1.040118">
        <ele>26.9</ele>
        <time>2026-09-13T17:30:49.575Z</time>
      </trkpt>
      <trkpt lat="53.315616" lon="-1.042793">
        <ele>27.1</ele>
        <time>2026-09-13T17:32:40.043Z</time>
      </trkpt>
      <trkpt lat="53.315087" lon="-1.045602">
        <ele>27.2</ele>
        <time>2026-09-13T17:34:41.377Z</time>
      </trkpt>
      <trkpt lat="53.314736" lon="-1.046782">
        <ele>27.5</ele>
        <time>2026-09-13T17:35:35.846Z</time>
      </trkpt>
      <trkpt lat="53.314665" lon="-1.048191">
        <ele>27.6</ele>
        <time>2026-09-13T17:36:34.505Z</time>
      </trkpt>
      <trkpt lat="53.314557" lon="-1.048801">
        <ele>27.8</ele>
        <time>2026-09-13T17:37:00.898Z</time>
      </trkpt>
      <trkpt lat="53.313567" lon="-1.051606">
        <ele>27.8</ele>
        <time>2026-09-13T17:39:15.096Z</time>
      </trkpt>
      <trkpt lat="53.313469" lon="-1.052147">
        <ele>28</ele>
        <time>2026-09-13T17:39:38.384Z</time>
      </trkpt>
      <trkpt lat="53.313609" lon="-1.052998">
        <ele>28.5</ele>
        <time>2026-09-13T17:40:15.919Z</time>
      </trkpt>
      <trkpt lat="53.31368" lon="-1.053041">
        <ele>28.7</ele>
        <time>2026-09-13T17:40:21.648Z</time>
      </trkpt>
      <trkpt lat="53.313571" lon="-1.053231">
        <ele>29.8</ele>
        <time>2026-09-13T17:40:34.962Z</time>
      </trkpt>
      <trkpt lat="53.31372" lon="-1.053741">
        <ele>29.5</ele>
        <time>2026-09-13T17:41:00.073Z</time>
      </trkpt>
      <trkpt lat="53.313742" lon="-1.054745">
        <ele>28.9</ele>
        <time>2026-09-13T17:41:39.526Z</time>
      </trkpt>
      <trkpt lat="53.313126" lon="-1.055786">
        <ele>29.1</ele>
        <time>2026-09-13T17:42:38.915Z</time>
      </trkpt>
      <trkpt lat="53.312753" lon="-1.057359">
        <ele>29.4</ele>
        <time>2026-09-13T17:43:49.187Z</time>
      </trkpt>
      <trkpt lat="53.312398" lon="-1.058162">
        <ele>29.1</ele>
        <time>2026-09-13T17:44:30.177Z</time>
      </trkpt>
      <trkpt lat="53.311591" lon="-1.059109">
        <ele>29.5</ele>
        <time>2026-09-13T17:45:38.061Z</time>
      </trkpt>
      <trkpt lat="53.310223" lon="-1.061322">
        <ele>29</ele>
        <time>2026-09-13T17:47:48.528Z</time>
      </trkpt>
      <trkpt lat="53.309569" lon="-1.062445">
        <ele>28.8</ele>
        <time>2026-09-13T17:48:52.168Z</time>
      </trkpt>
      <trkpt lat="53.3094" lon="-1.063006">
        <ele>28.7</ele>
        <time>2026-09-13T17:49:17.686Z</time>
      </trkpt>
      <trkpt lat="53.309366" lon="-1.064111">
        <ele>28.7</ele>
        <time>2026-09-13T17:50:02.895Z</time>
      </trkpt>
      <trkpt lat="53.309164" lon="-1.065151">
        <ele>28.7</ele>
        <time>2026-09-13T17:50:47.771Z</time>
      </trkpt>
      <trkpt lat="53.308823" lon="-1.066704">
        <ele>28.5</ele>
        <time>2026-09-13T17:51:55.298Z</time>
      </trkpt>
      <trkpt lat="53.308419" lon="-1.067758">
        <ele>28.6</ele>
        <time>2026-09-13T17:52:46.554Z</time>
      </trkpt>
      <trkpt lat="53.306266" lon="-1.071664">
        <ele>28.5</ele>
        <time>2026-09-13T17:56:24.642Z</time>
      </trkpt>
      <trkpt lat="53.3059" lon="-1.072164">
        <ele>28.8</ele>
        <time>2026-09-13T17:56:57.171Z</time>
      </trkpt>
      <trkpt lat="53.305795" lon="-1.07213">
        <ele>29.9</ele>
        <time>2026-09-13T17:57:05.146Z</time>
      </trkpt>
      <trkpt lat="53.305878" lon="-1.072335">
        <ele>29.9</ele>
        <time>2026-09-13T17:57:17.186Z</time>
      </trkpt>
      <trkpt lat="53.305197" lon="-1.072596">
        <ele>28.4</ele>
        <time>2026-09-13T17:58:04.265Z</time>
      </trkpt>
      <trkpt lat="53.304457" lon="-1.073841">
        <ele>28.5</ele>
        <time>2026-09-13T17:59:13.743Z</time>
      </trkpt>
      <trkpt lat="53.303717" lon="-1.077986">
        <ele>28.9</ele>
        <time>2026-09-13T18:02:12.392Z</time>
      </trkpt>
      <trkpt lat="53.303658" lon="-1.079277">
        <ele>28.8</ele>
        <time>2026-09-13T18:03:05.746Z</time>
      </trkpt>
      <trkpt lat="53.30373" lon="-1.080994">
        <ele>29</ele>
        <time>2026-09-13T18:04:16.566Z</time>
      </trkpt>
      <trkpt lat="53.303621" lon="-1.082002">
        <ele>29.2</ele>
        <time>2026-09-13T18:04:59.070Z</time>
      </trkpt>
      <trkpt lat="53.303271" lon="-1.083144">
        <ele>29.3</ele>
        <time>2026-09-13T18:05:52.260Z</time>
      </trkpt>
      <trkpt lat="53.302243" lon="-1.085318">
        <ele>29.7</ele>
        <time>2026-09-13T18:07:47.100Z</time>
      </trkpt>
      <trkpt lat="53.302226" lon="-1.085562">
        <ele>29.8</ele>
        <time>2026-09-13T18:07:57.308Z</time>
      </trkpt>
      <trkpt lat="53.301438" lon="-1.085199">
        <ele>29.5</ele>
        <time>2026-09-13T18:08:52.919Z</time>
      </trkpt>
      <trkpt lat="53.301436" lon="-1.084484">
        <ele>30.6</ele>
        <time>2026-09-13T18:09:23.113Z</time>
      </trkpt>
      <trkpt lat="53.301093" lon="-1.084303">
        <ele>31.1</ele>
        <time>2026-09-13T18:09:50.048Z</time>
      </trkpt>
      <trkpt lat="53.300852" lon="-1.083993">
        <ele>31.3</ele>
        <time>2026-09-13T18:10:11.913Z</time>
      </trkpt>
      <trkpt lat="53.300389" lon="-1.082151">
        <ele>32.3</ele>
        <time>2026-09-13T18:11:36.884Z</time>
      </trkpt>
      <trkpt lat="53.300015" lon="-1.081372">
        <ele>32</ele>
        <time>2026-09-13T18:12:18.619Z</time>
      </trkpt>
      <trkpt lat="53.29859" lon="-1.079901">
        <ele>32.6</ele>
        <time>2026-09-13T18:14:14.301Z</time>
      </trkpt>
      <trkpt lat="53.29826" lon="-1.079434">
        <ele>33.4</ele>
        <time>2026-09-13T18:14:44.871Z</time>
      </trkpt>
      <trkpt lat="53.297986" lon="-1.07957">
        <ele>34</ele>
        <time>2026-09-13T18:15:06.204Z</time>
      </trkpt>
      <trkpt lat="53.297526" lon="-1.079086">
        <ele>36.5</ele>
        <time>2026-09-13T18:15:49.573Z</time>
      </trkpt>
      <trkpt lat="53.297257" lon="-1.079052">
        <ele>38.8</ele>
        <time>2026-09-13T18:16:13.183Z</time>
      </trkpt>
      <trkpt lat="53.297148" lon="-1.079224">
        <ele>40.6</ele>
        <time>2026-09-13T18:16:27.325Z</time>
      </trkpt>
      <trkpt lat="53.297264" lon="-1.079458">
        <ele>43.2</ele>
        <time>2026-09-13T18:16:44.474Z</time>
      </trkpt>
      <trkpt lat="53.297175" lon="-1.07951">
        <ele>44</ele>
        <time>2026-09-13T18:16:53.538Z</time>
      </trkpt>
      <trkpt lat="53.296475" lon="-1.079505">
        <ele>49.1</ele>
        <time>2026-09-13T18:17:57.881Z</time>
      </trkpt>
      <trkpt lat="53.296253" lon="-1.079994">
        <ele>52.3</ele>
        <time>2026-09-13T18:18:30.702Z</time>
      </trkpt>
      <trkpt lat="53.29606" lon="-1.080653">
        <ele>54.4</ele>
        <time>2026-09-13T18:19:08.826Z</time>
      </trkpt>
      <trkpt lat="53.296116" lon="-1.081206">
        <ele>55.7</ele>
        <time>2026-09-13T18:19:36.176Z</time>
      </trkpt>
      <trkpt lat="53.295943" lon="-1.081722">
        <ele>56.1</ele>
        <time>2026-09-13T18:20:03.115Z</time>
      </trkpt>
      <trkpt lat="53.295693" lon="-1.083689">
        <ele>57.6</ele>
        <time>2026-09-13T18:21:30.182Z</time>
      </trkpt>
      <trkpt lat="53.295753" lon="-1.084498">
        <ele>57.9</ele>
        <time>2026-09-13T18:22:05.245Z</time>
      </trkpt>
      <trkpt lat="53.296029" lon="-1.085035">
        <ele>56.8</ele>
        <time>2026-09-13T18:22:33.172Z</time>
      </trkpt>
      <trkpt lat="53.296121" lon="-1.085417">
        <ele>55.7</ele>
        <time>2026-09-13T18:22:47.650Z</time>
      </trkpt>
      <trkpt lat="53.294832" lon="-1.086001">
        <ele>53.2</ele>
        <time>2026-09-13T18:24:10.111Z</time>
      </trkpt>
      <trkpt lat="53.294081" lon="-1.085401">
        <ele>55.4</ele>
        <time>2026-09-13T18:25:06.914Z</time>
      </trkpt>
      <trkpt lat="53.293739" lon="-1.085397">
        <ele>56.6</ele>
        <time>2026-09-13T18:25:33.395Z</time>
      </trkpt>
      <trkpt lat="53.293096" lon="-1.085898">
        <ele>59.4</ele>
        <time>2026-09-13T18:26:30.136Z</time>
      </trkpt>
      <trkpt lat="53.292868" lon="-1.086558">
        <ele>60.5</ele>
        <time>2026-09-13T18:27:06.003Z</time>
      </trkpt>
      <trkpt lat="53.292292" lon="-1.087454">
        <ele>66.2</ele>
        <time>2026-09-13T18:28:12.341Z</time>
      </trkpt>
      <trkpt lat="53.291724" lon="-1.087557">
        <ele>67.9</ele>
        <time>2026-09-13T18:29:00.494Z</time>
      </trkpt>
      <trkpt lat="53.290971" lon="-1.087186">
        <ele>68.3</ele>
        <time>2026-09-13T18:29:58.138Z</time>
      </trkpt>
      <trkpt lat="53.290555" lon="-1.086579">
        <ele>68.1</ele>
        <time>2026-09-13T18:30:36.305Z</time>
      </trkpt>
      <trkpt lat="53.290218" lon="-1.085446">
        <ele>67.4</ele>
        <time>2026-09-13T18:31:26.656Z</time>
      </trkpt>
      <trkpt lat="53.28979" lon="-1.084438">
        <ele>67.4</ele>
        <time>2026-09-13T18:32:16.350Z</time>
      </trkpt>
      <trkpt lat="53.289654" lon="-1.083703">
        <ele>67.8</ele>
        <time>2026-09-13T18:32:48.412Z</time>
      </trkpt>
      <trkpt lat="53.289642" lon="-1.082841">
        <ele>68.2</ele>
        <time>2026-09-13T18:33:25.115Z</time>
      </trkpt>
      <trkpt lat="53.289909" lon="-1.081373">
        <ele>69.2</ele>
        <time>2026-09-13T18:34:30.874Z</time>
      </trkpt>
      <trkpt lat="53.290029" lon="-1.080068">
        <ele>67.6</ele>
        <time>2026-09-13T18:35:24.226Z</time>
      </trkpt>
      <trkpt lat="53.290108" lon="-1.077123">
        <ele>50</ele>
        <time>2026-09-13T18:36:49.589Z</time>
      </trkpt>
      <trkpt lat="53.290297" lon="-1.07655">
        <ele>49.8</ele>
        <time>2026-09-13T18:37:07.977Z</time>
      </trkpt>
      <trkpt lat="53.289077" lon="-1.076105">
        <ele>57.1</ele>
        <time>2026-09-13T18:38:49.639Z</time>
      </trkpt>
      <trkpt lat="53.288923" lon="-1.076353">
        <ele>56.8</ele>
        <time>2026-09-13T18:39:07.299Z</time>
      </trkpt>
      <trkpt lat="53.288886" lon="-1.076842">
        <ele>55.6</ele>
        <time>2026-09-13T18:39:24.911Z</time>
      </trkpt>
      <trkpt lat="53.288872" lon="-1.078067">
        <ele>52.8</ele>
        <time>2026-09-13T18:40:06.749Z</time>
      </trkpt>
      <trkpt lat="53.288936" lon="-1.078167">
        <ele>52.8</ele>
        <time>2026-09-13T18:40:12.220Z</time>
      </trkpt>
      <trkpt lat="53.288857" lon="-1.078756">
        <ele>53.2</ele>
        <time>2026-09-13T18:40:37.995Z</time>
      </trkpt>
      <trkpt lat="53.288938" lon="-1.079368">
        <ele>53.4</ele>
        <time>2026-09-13T18:41:04.572Z</time>
      </trkpt>
      <trkpt lat="53.288872" lon="-1.079984">
        <ele>53.4</ele>
        <time>2026-09-13T18:41:30.574Z</time>
      </trkpt>
      <trkpt lat="53.288898" lon="-1.082647">
        <ele>50.8</ele>
        <time>2026-09-13T18:43:13.452Z</time>
      </trkpt>
      <trkpt lat="53.288829" lon="-1.084601">
        <ele>53.7</ele>
        <time>2026-09-13T18:44:34.210Z</time>
      </trkpt>
      <trkpt lat="53.28889" lon="-1.085154">
        <ele>55.2</ele>
        <time>2026-09-13T18:45:00.263Z</time>
      </trkpt>
      <trkpt lat="53.28874" lon="-1.085406">
        <ele>55.7</ele>
        <time>2026-09-13T18:45:17.174Z</time>
      </trkpt>
      <trkpt lat="53.288721" lon="-1.087263">
        <ele>56.3</ele>
        <time>2026-09-13T18:46:36.273Z</time>
      </trkpt>
      <trkpt lat="53.288801" lon="-1.088051">
        <ele>58.1</ele>
        <time>2026-09-13T18:47:11.306Z</time>
      </trkpt>
      <trkpt lat="53.288872" lon="-1.088013">
        <ele>58.6</ele>
        <time>2026-09-13T18:47:17.379Z</time>
      </trkpt>
      <trkpt lat="53.288892" lon="-1.088201">
        <ele>59.2</ele>
        <time>2026-09-13T18:47:27.104Z</time>
      </trkpt>
      <trkpt lat="53.28878" lon="-1.093348">
        <ele>67.8</ele>
        <time>2026-09-13T18:51:26.140Z</time>
      </trkpt>
      <trkpt lat="53.287394" lon="-1.092865">
        <ele>69.2</ele>
        <time>2026-09-13T18:53:12.978Z</time>
      </trkpt>
      <trkpt lat="53.286211" lon="-1.0927">
        <ele>67.5</ele>
        <time>2026-09-13T18:54:34.088Z</time>
      </trkpt>
      <trkpt lat="53.285814" lon="-1.092526">
        <ele>67</ele>
        <time>2026-09-13T18:55:00.539Z</time>
      </trkpt>
      <trkpt lat="53.285829" lon="-1.092639">
        <ele>66.7</ele>
        <time>2026-09-13T18:55:04.937Z</time>
      </trkpt>
      <trkpt lat="53.283428" lon="-1.091909">
        <ele>60</ele>
        <time>2026-09-13T18:57:31.953Z</time>
      </trkpt>
      <trkpt lat="53.282736" lon="-1.091823">
        <ele>54.1</ele>
        <time>2026-09-13T18:58:11.354Z</time>
      </trkpt>
      <trkpt lat="53.280906" lon="-1.090085">
        <ele>55.7</ele>
        <time>2026-09-13T19:00:25.968Z</time>
      </trkpt>
      <trkpt lat="53.280565" lon="-1.089302">
        <ele>58.7</ele>
        <time>2026-09-13T19:01:08.788Z</time>
      </trkpt>
      <trkpt lat="53.279974" lon="-1.08836">
        <ele>62.8</ele>
        <time>2026-09-13T19:02:16.861Z</time>
      </trkpt>
      <trkpt lat="53.279514" lon="-1.087801">
        <ele>63.2</ele>
        <time>2026-09-13T19:03:01.463Z</time>
      </trkpt>
      <trkpt lat="53.279399" lon="-1.087418">
        <ele>62.9</ele>
        <time>2026-09-13T19:03:18.973Z</time>
      </trkpt>
      <trkpt lat="53.279339" lon="-1.087444">
        <ele>62.7</ele>
        <time>2026-09-13T19:03:22.870Z</time>
      </trkpt>
      <trkpt lat="53.279335" lon="-1.087183">
        <ele>62.3</ele>
        <time>2026-09-13T19:03:32.685Z</time>
      </trkpt>
      <trkpt lat="53.279126" lon="-1.086695">
        <ele>60.9</ele>
        <time>2026-09-13T19:03:53.613Z</time>
      </trkpt>
      <trkpt lat="53.279081" lon="-1.086363">
        <ele>60</ele>
        <time>2026-09-13T19:04:05.132Z</time>
      </trkpt>
      <trkpt lat="53.278874" lon="-1.086028">
        <ele>58.8</ele>
        <time>2026-09-13T19:04:21.291Z</time>
      </trkpt>
      <trkpt lat="53.278555" lon="-1.084838">
        <ele>57.1</ele>
        <time>2026-09-13T19:05:08.434Z</time>
      </trkpt>
      <trkpt lat="53.278347" lon="-1.08488">
        <ele>56.9</ele>
        <time>2026-09-13T19:05:21.857Z</time>
      </trkpt>
      <trkpt lat="53.278435" lon="-1.084714">
        <ele>56.9</ele>
        <time>2026-09-13T19:05:31.239Z</time>
      </trkpt>
      <trkpt lat="53.278403" lon="-1.084831">
        <ele>57</ele>
        <time>2026-09-13T19:05:36.679Z</time>
      </trkpt>
      <trkpt lat="53.27846" lon="-1.084724">
        <ele>57.4</ele>
        <time>2026-09-13T19:05:42.739Z</time>
      </trkpt>
      <trkpt lat="53.278364" lon="-1.084755">
        <ele>57.5</ele>
        <time>2026-09-13T19:05:49.859Z</time>
      </trkpt>
      <trkpt lat="53.278183" lon="-1.084253">
        <ele>57.9</ele>
        <time>2026-09-13T19:06:15.381Z</time>
      </trkpt>
      <trkpt lat="53.277684" lon="-1.083616">
        <ele>58.5</ele>
        <time>2026-09-13T19:07:00.472Z</time>
      </trkpt>
      <trkpt lat="53.277434" lon="-1.083081">
        <ele>58.9</ele>
        <time>2026-09-13T19:07:29.567Z</time>
      </trkpt>
      <trkpt lat="53.276826" lon="-1.082427">
        <ele>59.3</ele>
        <time>2026-09-13T19:08:20.797Z</time>
      </trkpt>
      <trkpt lat="53.276406" lon="-1.081344">
        <ele>58.1</ele>
        <time>2026-09-13T19:09:12.535Z</time>
      </trkpt>
      <trkpt lat="53.275528" lon="-1.080007">
        <ele>55.2</ele>
        <time>2026-09-13T19:10:26.507Z</time>
      </trkpt>
      <trkpt lat="53.275426" lon="-1.079715">
        <ele>54.8</ele>
        <time>2026-09-13T19:10:38.934Z</time>
      </trkpt>
      <trkpt lat="53.27475" lon="-1.078716">
        <ele>54.5</ele>
        <time>2026-09-13T19:11:39.130Z</time>
      </trkpt>
      <trkpt lat="53.273843" lon="-1.077657">
        <ele>52.7</ele>
        <time>2026-09-13T19:12:51.544Z</time>
      </trkpt>
      <trkpt lat="53.273689" lon="-1.077284">
        <ele>52.2</ele>
        <time>2026-09-13T19:13:08.772Z</time>
      </trkpt>
      <trkpt lat="53.273256" lon="-1.076913">
        <ele>52.2</ele>
        <time>2026-09-13T19:13:41.197Z</time>
      </trkpt>
      <trkpt lat="53.273128" lon="-1.076619">
        <ele>52.6</ele>
        <time>2026-09-13T19:13:56.514Z</time>
      </trkpt>
      <trkpt lat="53.272715" lon="-1.076082">
        <ele>52.9</ele>
        <time>2026-09-13T19:14:33.969Z</time>
      </trkpt>
      <trkpt lat="53.272274" lon="-1.075646">
        <ele>53.6</ele>
        <time>2026-09-13T19:15:10.680Z</time>
      </trkpt>
      <trkpt lat="53.272165" lon="-1.075393">
        <ele>54</ele>
        <time>2026-09-13T19:15:24.408Z</time>
      </trkpt>
      <trkpt lat="53.271949" lon="-1.07525">
        <ele>54.4</ele>
        <time>2026-09-13T19:15:41.720Z</time>
      </trkpt>
      <trkpt lat="53.271507" lon="-1.07438">
        <ele>54.7</ele>
        <time>2026-09-13T19:16:30.709Z</time>
      </trkpt>
      <trkpt lat="53.270876" lon="-1.073827">
        <ele>54.9</ele>
        <time>2026-09-13T19:17:20.427Z</time>
      </trkpt>
      <trkpt lat="53.270594" lon="-1.073178">
        <ele>55</ele>
        <time>2026-09-13T19:17:53.750Z</time>
      </trkpt>
      <trkpt lat="53.270575" lon="-1.07279">
        <ele>55.2</ele>
        <time>2026-09-13T19:18:10.042Z</time>
      </trkpt>
      <trkpt lat="53.270943" lon="-1.072215">
        <ele>55.6</ele>
        <time>2026-09-13T19:18:45.899Z</time>
      </trkpt>
      <trkpt lat="53.271171" lon="-1.072105">
        <ele>55.9</ele>
        <time>2026-09-13T19:19:02.888Z</time>
      </trkpt>
      <trkpt lat="53.271659" lon="-1.071547">
        <ele>56.7</ele>
        <time>2026-09-13T19:19:45.904Z</time>
      </trkpt>
      <trkpt lat="53.271888" lon="-1.071055">
        <ele>56.5</ele>
        <time>2026-09-13T19:20:12.227Z</time>
      </trkpt>
      <trkpt lat="53.27217" lon="-1.070928">
        <ele>56</ele>
        <time>2026-09-13T19:20:31.338Z</time>
      </trkpt>
      <trkpt lat="53.272786" lon="-1.070174">
        <ele>55.5</ele>
        <time>2026-09-13T19:21:21.540Z</time>
      </trkpt>
      <trkpt lat="53.273258" lon="-1.069899">
        <ele>55.2</ele>
        <time>2026-09-13T19:21:54.893Z</time>
      </trkpt>
      <trkpt lat="53.273399" lon="-1.069663">
        <ele>55.1</ele>
        <time>2026-09-13T19:22:08.242Z</time>
      </trkpt>
      <trkpt lat="53.275909" lon="-1.067513">
        <ele>51.4</ele>
        <time>2026-09-13T19:25:11.020Z</time>
      </trkpt>
      <trkpt lat="53.277332" lon="-1.066045">
        <ele>49.1</ele>
        <time>2026-09-13T19:26:58.990Z</time>
      </trkpt>
      <trkpt lat="53.278057" lon="-1.06494">
        <ele>46</ele>
        <time>2026-09-13T19:28:00.262Z</time>
      </trkpt>
      <trkpt lat="53.279188" lon="-1.06277">
        <ele>41.2</ele>
        <time>2026-09-13T19:29:43.288Z</time>
      </trkpt>
      <trkpt lat="53.279553" lon="-1.06231">
        <ele>41.4</ele>
        <time>2026-09-13T19:30:11.732Z</time>
      </trkpt>
      <trkpt lat="53.28091" lon="-1.059912">
        <ele>42.7</ele>
        <time>2026-09-13T19:32:31.076Z</time>
      </trkpt>
      <trkpt lat="53.281577" lon="-1.059104">
        <ele>43.9</ele>
        <time>2026-09-13T19:33:29.909Z</time>
      </trkpt>
      <trkpt lat="53.282097" lon="-1.058154">
        <ele>45</ele>
        <time>2026-09-13T19:34:26.212Z</time>
      </trkpt>
      <trkpt lat="53.282463" lon="-1.05782">
        <ele>45.6</ele>
        <time>2026-09-13T19:34:56.682Z</time>
      </trkpt>
      <trkpt lat="53.282719" lon="-1.057362">
        <ele>46.7</ele>
        <time>2026-09-13T19:35:24.971Z</time>
      </trkpt>
      <trkpt lat="53.282773" lon="-1.057411">
        <ele>46.9</ele>
        <time>2026-09-13T19:35:29.712Z</time>
      </trkpt>
      <trkpt lat="53.283023" lon="-1.056927">
        <ele>47.9</ele>
        <time>2026-09-13T19:35:59.225Z</time>
      </trkpt>
      <trkpt lat="53.283143" lon="-1.056907">
        <ele>48.2</ele>
        <time>2026-09-13T19:36:08.479Z</time>
      </trkpt>
      <trkpt lat="53.284055" lon="-1.055628">
        <ele>51.5</ele>
        <time>2026-09-13T19:37:40.115Z</time>
      </trkpt>
      <trkpt lat="53.28431" lon="-1.055472">
        <ele>52.5</ele>
        <time>2026-09-13T19:38:01.174Z</time>
      </trkpt>
      <trkpt lat="53.284476" lon="-1.055098">
        <ele>53.3</ele>
        <time>2026-09-13T19:38:23.037Z</time>
      </trkpt>
      <trkpt lat="53.285809" lon="-1.053431">
        <ele>56</ele>
        <time>2026-09-13T19:40:26.528Z</time>
      </trkpt>
      <trkpt lat="53.286193" lon="-1.052259">
        <ele>54.7</ele>
        <time>2026-09-13T19:41:22.804Z</time>
      </trkpt>
      <trkpt lat="53.286311" lon="-1.051088">
        <ele>53.9</ele>
        <time>2026-09-13T19:42:08.527Z</time>
      </trkpt>
      <trkpt lat="53.288101" lon="-1.04049">
        <ele>42</ele>
        <time>2026-09-13T19:49:05.583Z</time>
      </trkpt>
      <trkpt lat="53.287874" lon="-1.040077">
        <ele>41.5</ele>
        <time>2026-09-13T19:49:26.778Z</time>
      </trkpt>
      <trkpt lat="53.286681" lon="-1.039077">
        <ele>39.9</ele>
        <time>2026-09-13T19:50:53.267Z</time>
      </trkpt>
      <trkpt lat="53.286209" lon="-1.038472">
        <ele>39.4</ele>
        <time>2026-09-13T19:51:32.114Z</time>
      </trkpt>
      <trkpt lat="53.286078" lon="-1.03867">
        <ele>38.8</ele>
        <time>2026-09-13T19:51:43.466Z</time>
      </trkpt>
      <trkpt lat="53.284524" lon="-1.039295">
        <ele>42.6</ele>
        <time>2026-09-13T19:53:42.063Z</time>
      </trkpt>
      <trkpt lat="53.284076" lon="-1.039712">
        <ele>44.3</ele>
        <time>2026-09-13T19:54:21.327Z</time>
      </trkpt>
      <trkpt lat="53.284036" lon="-1.039919">
        <ele>44.6</ele>
        <time>2026-09-13T19:54:31.499Z</time>
      </trkpt>
      <trkpt lat="53.283924" lon="-1.039763">
        <ele>45.1</ele>
        <time>2026-09-13T19:54:42.786Z</time>
      </trkpt>
      <trkpt lat="53.282832" lon="-1.042405">
        <ele>48.7</ele>
        <time>2026-09-13T19:57:06.429Z</time>
      </trkpt>
      <trkpt lat="53.282538" lon="-1.042377">
        <ele>48.8</ele>
        <time>2026-09-13T19:57:28.162Z</time>
      </trkpt>
      <trkpt lat="53.281469" lon="-1.043038">
        <ele>48.9</ele>
        <time>2026-09-13T19:58:46.930Z</time>
      </trkpt>
      <trkpt lat="53.280497" lon="-1.043314">
        <ele>49.4</ele>
        <time>2026-09-13T19:59:55.503Z</time>
      </trkpt>
      <trkpt lat="53.280166" lon="-1.042993">
        <ele>49.4</ele>
        <time>2026-09-13T20:00:22.213Z</time>
      </trkpt>
      <trkpt lat="53.27988" lon="-1.042979">
        <ele>48.8</ele>
        <time>2026-09-13T20:00:41.073Z</time>
      </trkpt>
      <trkpt lat="53.278543" lon="-1.044088">
        <ele>46.4</ele>
        <time>2026-09-13T20:02:15.859Z</time>
      </trkpt>
      <trkpt lat="53.278018" lon="-1.04422">
        <ele>47.8</ele>
        <time>2026-09-13T20:02:51.513Z</time>
      </trkpt>
      <trkpt lat="53.27649" lon="-1.04487">
        <ele>47.1</ele>
        <time>2026-09-13T20:04:41.418Z</time>
      </trkpt>
      <trkpt lat="53.275682" lon="-1.045349">
        <ele>46.5</ele>
        <time>2026-09-13T20:05:38.884Z</time>
      </trkpt>
      <trkpt lat="53.275218" lon="-1.045441">
        <ele>46.3</ele>
        <time>2026-09-13T20:06:10.104Z</time>
      </trkpt>
      <trkpt lat="53.274569" lon="-1.046115">
        <ele>46.3</ele>
        <time>2026-09-13T20:07:02.191Z</time>
      </trkpt>
      <trkpt lat="53.274111" lon="-1.045389">
        <ele>44.7</ele>
        <time>2026-09-13T20:07:43.307Z</time>
      </trkpt>
      <trkpt lat="53.272035" lon="-1.043135">
        <ele>36.2</ele>
        <time>2026-09-13T20:10:09.139Z</time>
      </trkpt>
      <trkpt lat="53.272" lon="-1.042771">
        <ele>36</ele>
        <time>2026-09-13T20:10:22.144Z</time>
      </trkpt>
      <trkpt lat="53.271568" lon="-1.041717">
        <ele>34.7</ele>
        <time>2026-09-13T20:11:11.054Z</time>
      </trkpt>
      <trkpt lat="53.270817" lon="-1.040415">
        <ele>30.9</ele>
        <time>2026-09-13T20:12:16.309Z</time>
      </trkpt>
      <trkpt lat="53.270197" lon="-1.039816">
        <ele>29.8</ele>
        <time>2026-09-13T20:12:59.579Z</time>
      </trkpt>
      <trkpt lat="53.268706" lon="-1.038922">
        <ele>33.3</ele>
        <time>2026-09-13T20:14:53.459Z</time>
      </trkpt>
      <trkpt lat="53.268718" lon="-1.038683">
        <ele>34.2</ele>
        <time>2026-09-13T20:15:04.420Z</time>
      </trkpt>
      <trkpt lat="53.266577" lon="-1.034073">
        <ele>47.9</ele>
        <time>2026-09-13T20:19:45.696Z</time>
      </trkpt>
      <trkpt lat="53.26607" lon="-1.032143">
        <ele>52.5</ele>
        <time>2026-09-13T20:21:26.711Z</time>
      </trkpt>
      <trkpt lat="53.265022" lon="-1.030134">
        <ele>51.8</ele>
        <time>2026-09-13T20:23:22.912Z</time>
      </trkpt>
      <trkpt lat="53.26487" lon="-1.029965">
        <ele>51.9</ele>
        <time>2026-09-13T20:23:35.258Z</time>
      </trkpt>
      <trkpt lat="53.263376" lon="-1.030072">
        <ele>47.9</ele>
        <time>2026-09-13T20:25:07.383Z</time>
      </trkpt>
      <trkpt lat="53.263199" lon="-1.029586">
        <ele>47.3</ele>
        <time>2026-09-13T20:25:28.100Z</time>
      </trkpt>
      <trkpt lat="53.263195" lon="-1.029634">
        <ele>47.1</ele>
        <time>2026-09-13T20:25:29.886Z</time>
      </trkpt>
      <trkpt lat="53.26293" lon="-1.029482">
        <ele>46.4</ele>
        <time>2026-09-13T20:25:47.158Z</time>
      </trkpt>
      <trkpt lat="53.262814" lon="-1.029205">
        <ele>45.9</ele>
        <time>2026-09-13T20:25:59.373Z</time>
      </trkpt>
      <trkpt lat="53.262042" lon="-1.029616">
        <ele>42.9</ele>
        <time>2026-09-13T20:26:46.637Z</time>
      </trkpt>
      <trkpt lat="53.261824" lon="-1.02962">
        <ele>42.5</ele>
        <time>2026-09-13T20:26:59.447Z</time>
      </trkpt>
      <trkpt lat="53.261612" lon="-1.02937">
        <ele>42</ele>
        <time>2026-09-13T20:27:15.769Z</time>
      </trkpt>
      <trkpt lat="53.26111" lon="-1.029212">
        <ele>41</ele>
        <time>2026-09-13T20:27:47.811Z</time>
      </trkpt>
      <trkpt lat="53.261001" lon="-1.028977">
        <ele>40.6</ele>
        <time>2026-09-13T20:27:59.084Z</time>
      </trkpt>
      <trkpt lat="53.260778" lon="-1.02885">
        <ele>40.4</ele>
        <time>2026-09-13T20:28:14.215Z</time>
      </trkpt>
      <trkpt lat="53.259924" lon="-1.030816">
        <ele>41.3</ele>
        <time>2026-09-13T20:29:54.758Z</time>
      </trkpt>
      <trkpt lat="53.259756" lon="-1.031484">
        <ele>41.7</ele>
        <time>2026-09-13T20:30:25.451Z</time>
      </trkpt>
      <trkpt lat="53.259197" lon="-1.032814">
        <ele>42.7</ele>
        <time>2026-09-13T20:31:35.216Z</time>
      </trkpt>
      <trkpt lat="53.257983" lon="-1.035518">
        <ele>44.9</ele>
        <time>2026-09-13T20:34:00.775Z</time>
      </trkpt>
      <trkpt lat="53.257588" lon="-1.036589">
        <ele>46.3</ele>
        <time>2026-09-13T20:34:55.472Z</time>
      </trkpt>
      <trkpt lat="53.25723" lon="-1.037715">
        <ele>47.8</ele>
        <time>2026-09-13T20:35:52.328Z</time>
      </trkpt>
      <trkpt lat="53.257112" lon="-1.037793">
        <ele>48.1</ele>
        <time>2026-09-13T20:36:02.186Z</time>
      </trkpt>
      <trkpt lat="53.257151" lon="-1.037628">
        <ele>48.7</ele>
        <time>2026-09-13T20:36:11.037Z</time>
      </trkpt>
      <trkpt lat="53.257075" lon="-1.037627">
        <ele>49.5</ele>
        <time>2026-09-13T20:36:17.374Z</time>
      </trkpt>
      <trkpt lat="53.257147" lon="-1.037906">
        <ele>50.3</ele>
        <time>2026-09-13T20:36:32.533Z</time>
      </trkpt>
      <trkpt lat="53.256752" lon="-1.038789">
        <ele>51.6</ele>
        <time>2026-09-13T20:37:24.590Z</time>
      </trkpt>
      <trkpt lat="53.256337" lon="-1.040076">
        <ele>52.9</ele>
        <time>2026-09-13T20:38:29.205Z</time>
      </trkpt>
      <trkpt lat="53.255311" lon="-1.042153">
        <ele>53.3</ele>
        <time>2026-09-13T20:40:23.279Z</time>
      </trkpt>
      <trkpt lat="53.254216" lon="-1.044428">
        <ele>53.5</ele>
        <time>2026-09-13T20:42:24.220Z</time>
      </trkpt>
      <trkpt lat="53.25337" lon="-1.046481">
        <ele>54.4</ele>
        <time>2026-09-13T20:44:08.218Z</time>
      </trkpt>
      <trkpt lat="53.253049" lon="-1.047735">
        <ele>54.8</ele>
        <time>2026-09-13T20:45:05.683Z</time>
      </trkpt>
      <trkpt lat="53.25265" lon="-1.050723">
        <ele>48.9</ele>
        <time>2026-09-13T20:46:59.869Z</time>
      </trkpt>
      <trkpt lat="53.251822" lon="-1.052912">
        <ele>50.9</ele>
        <time>2026-09-13T20:48:40.789Z</time>
      </trkpt>
      <trkpt lat="53.251018" lon="-1.054579">
        <ele>55.4</ele>
        <time>2026-09-13T20:50:17.735Z</time>
      </trkpt>
      <trkpt lat="53.250818" lon="-1.054819">
        <ele>56.4</ele>
        <time>2026-09-13T20:50:37.291Z</time>
      </trkpt>
      <trkpt lat="53.250436" lon="-1.055754">
        <ele>58.4</ele>
        <time>2026-09-13T20:51:30.426Z</time>
      </trkpt>
      <trkpt lat="53.250198" lon="-1.056056">
        <ele>59.1</ele>
        <time>2026-09-13T20:51:53.450Z</time>
      </trkpt>
      <trkpt lat="53.249381" lon="-1.05784">
        <ele>63.4</ele>
        <time>2026-09-13T20:53:38.100Z</time>
      </trkpt>
      <trkpt lat="53.248405" lon="-1.059556">
        <ele>62.6</ele>
        <time>2026-09-13T20:55:20.918Z</time>
      </trkpt>
      <trkpt lat="53.248342" lon="-1.059522">
        <ele>62.7</ele>
        <time>2026-09-13T20:55:25.368Z</time>
      </trkpt>
      <trkpt lat="53.247628" lon="-1.061037">
        <ele>64.7</ele>
        <time>2026-09-13T20:56:50.708Z</time>
      </trkpt>
      <trkpt lat="53.247248" lon="-1.061521">
        <ele>65.2</ele>
        <time>2026-09-13T20:57:25.768Z</time>
      </trkpt>
      <trkpt lat="53.246875" lon="-1.06258">
        <ele>64.7</ele>
        <time>2026-09-13T20:58:16.270Z</time>
      </trkpt>
      <trkpt lat="53.246495" lon="-1.063019">
        <ele>66.1</ele>
        <time>2026-09-13T20:58:49.069Z</time>
      </trkpt>
      <trkpt lat="53.245082" lon="-1.06546">
        <ele>68.6</ele>
        <time>2026-09-13T21:01:18.399Z</time>
      </trkpt>
      <trkpt lat="53.244038" lon="-1.066589">
        <ele>69.3</ele>
        <time>2026-09-13T21:02:47.549Z</time>
      </trkpt>
      <trkpt lat="53.242607" lon="-1.068842">
        <ele>73.6</ele>
        <time>2026-09-13T21:05:11.982Z</time>
      </trkpt>
      <trkpt lat="53.241216" lon="-1.071505">
        <ele>75.2</ele>
        <time>2026-09-13T21:07:46.658Z</time>
      </trkpt>
      <trkpt lat="53.241151" lon="-1.071453">
        <ele>75.1</ele>
        <time>2026-09-13T21:07:51.740Z</time>
      </trkpt>
      <trkpt lat="53.241147" lon="-1.071711">
        <ele>75</ele>
        <time>2026-09-13T21:08:01.927Z</time>
      </trkpt>
      <trkpt lat="53.240825" lon="-1.072369">
        <ele>74.8</ele>
        <time>2026-09-13T21:08:36.010Z</time>
      </trkpt>
      <trkpt lat="53.240687" lon="-1.073494">
        <ele>75.6</ele>
        <time>2026-09-13T21:09:24.277Z</time>
      </trkpt>
      <trkpt lat="53.240276" lon="-1.074997">
        <ele>75.4</ele>
        <time>2026-09-13T21:10:33.291Z</time>
      </trkpt>
      <trkpt lat="53.239602" lon="-1.078524">
        <ele>73.3</ele>
        <time>2026-09-13T21:13:00.572Z</time>
      </trkpt>
      <trkpt lat="53.238655" lon="-1.082051">
        <ele>73.7</ele>
        <time>2026-09-13T21:15:36.789Z</time>
      </trkpt>
      <trkpt lat="53.238357" lon="-1.083447">
        <ele>73.6</ele>
        <time>2026-09-13T21:16:37.969Z</time>
      </trkpt>
      <trkpt lat="53.238203" lon="-1.083816">
        <ele>73.5</ele>
        <time>2026-09-13T21:16:56.317Z</time>
      </trkpt>
      <trkpt lat="53.237701" lon="-1.086435">
        <ele>71.8</ele>
        <time>2026-09-13T21:18:44.593Z</time>
      </trkpt>
      <trkpt lat="53.237322" lon="-1.089686">
        <ele>72.5</ele>
        <time>2026-09-13T21:20:59.055Z</time>
      </trkpt>
      <trkpt lat="53.237311" lon="-1.092053">
        <ele>74.4</ele>
        <time>2026-09-13T21:22:39.698Z</time>
      </trkpt>
      <trkpt lat="53.237229" lon="-1.093152">
        <ele>75.5</ele>
        <time>2026-09-13T21:23:28.160Z</time>
      </trkpt>
      <trkpt lat="53.236915" lon="-1.094925">
        <ele>77</ele>
        <time>2026-09-13T21:24:49.159Z</time>
      </trkpt>
      <trkpt lat="53.23651" lon="-1.098791">
        <ele>75.7</ele>
        <time>2026-09-13T21:27:30.915Z</time>
      </trkpt>
      <trkpt lat="53.235869" lon="-1.10304">
        <ele>74.7</ele>
        <time>2026-09-13T21:30:27.300Z</time>
      </trkpt>
      <trkpt lat="53.235801" lon="-1.103107">
        <ele>74.9</ele>
        <time>2026-09-13T21:30:32.649Z</time>
      </trkpt>
      <trkpt lat="53.235707" lon="-1.103807">
        <ele>75.7</ele>
        <time>2026-09-13T21:31:04.721Z</time>
      </trkpt>
      <trkpt lat="53.235768" lon="-1.104007">
        <ele>75.8</ele>
        <time>2026-09-13T21:31:14.427Z</time>
      </trkpt>
      <trkpt lat="53.235729" lon="-1.103804">
        <ele>75.7</ele>
        <time>2026-09-13T21:31:23.190Z</time>
      </trkpt>
      <trkpt lat="53.234844" lon="-1.102462">
        <ele>77.1</ele>
        <time>2026-09-13T21:32:48.814Z</time>
      </trkpt>
      <trkpt lat="53.234506" lon="-1.101661">
        <ele>77.4</ele>
        <time>2026-09-13T21:33:30.826Z</time>
      </trkpt>
      <trkpt lat="53.232418" lon="-1.099045">
        <ele>59.8</ele>
        <time>2026-09-13T21:35:49.603Z</time>
      </trkpt>
      <trkpt lat="53.230472" lon="-1.097247">
        <ele>51.9</ele>
        <time>2026-09-13T21:37:48.601Z</time>
      </trkpt>
      <trkpt lat="53.229156" lon="-1.096286">
        <ele>46.2</ele>
        <time>2026-09-13T21:39:11.350Z</time>
      </trkpt>
      <trkpt lat="53.228497" lon="-1.096056">
        <ele>44.9</ele>
        <time>2026-09-13T21:39:50.887Z</time>
      </trkpt>
      <trkpt lat="53.228271" lon="-1.095799">
        <ele>44.7</ele>
        <time>2026-09-13T21:40:08.335Z</time>
      </trkpt>
      <trkpt lat="53.227025" lon="-1.095644">
        <ele>41.7</ele>
        <time>2026-09-13T21:41:26.137Z</time>
      </trkpt>
      <trkpt lat="53.226106" lon="-1.09577">
        <ele>44.2</ele>
        <time>2026-09-13T21:42:28.812Z</time>
      </trkpt>
      <trkpt lat="53.224626" lon="-1.096122">
        <ele>48.8</ele>
        <time>2026-09-13T21:44:24.743Z</time>
      </trkpt>
      <trkpt lat="53.224409" lon="-1.09629">
        <ele>49.4</ele>
        <time>2026-09-13T21:44:43.333Z</time>
      </trkpt>
      <trkpt lat="53.222229" lon="-1.096754">
        <ele>54.6</ele>
        <time>2026-09-13T21:47:30.184Z</time>
      </trkpt>
      <trkpt lat="53.220417" lon="-1.097391">
        <ele>58.3</ele>
        <time>2026-09-13T21:49:49.771Z</time>
      </trkpt>
      <trkpt lat="53.219432" lon="-1.097469">
        <ele>61.4</ele>
        <time>2026-09-13T21:51:04.686Z</time>
      </trkpt>
      <trkpt lat="53.219271" lon="-1.096263">
        <ele>63.2</ele>
        <time>2026-09-13T21:52:01.848Z</time>
      </trkpt>
      <trkpt lat="53.219103" lon="-1.092966">
        <ele>61.2</ele>
        <time>2026-09-13T21:54:17.474Z</time>
      </trkpt>
      <trkpt lat="53.218773" lon="-1.089577">
        <ele>54.5</ele>
        <time>2026-09-13T21:56:25.161Z</time>
      </trkpt>
      <trkpt lat="53.218796" lon="-1.088583">
        <ele>52.8</ele>
        <time>2026-09-13T21:57:00.394Z</time>
      </trkpt>
      <trkpt lat="53.218662" lon="-1.086932">
        <ele>50.9</ele>
        <time>2026-09-13T21:58:02.043Z</time>
      </trkpt>
      <trkpt lat="53.218524" lon="-1.085807">
        <ele>50.7</ele>
        <time>2026-09-13T21:58:46.633Z</time>
      </trkpt>
      <trkpt lat="53.218399" lon="-1.085432">
        <ele>51.6</ele>
        <time>2026-09-13T21:59:04.870Z</time>
      </trkpt>
      <trkpt lat="53.217878" lon="-1.079519">
        <ele>55.3</ele>
        <time>2026-09-13T22:03:23.865Z</time>
      </trkpt>
      <trkpt lat="53.21771" lon="-1.079341">
        <ele>55.3</ele>
        <time>2026-09-13T22:03:38.130Z</time>
      </trkpt>
      <trkpt lat="53.217528" lon="-1.078774">
        <ele>55.6</ele>
        <time>2026-09-13T22:04:05.197Z</time>
      </trkpt>
      <trkpt lat="53.217367" lon="-1.078556">
        <ele>55.5</ele>
        <time>2026-09-13T22:04:19.649Z</time>
      </trkpt>
      <trkpt lat="53.215157" lon="-1.076563">
        <ele>49.7</ele>
        <time>2026-09-13T22:06:55.532Z</time>
      </trkpt>
      <trkpt lat="53.213306" lon="-1.074634">
        <ele>57.1</ele>
        <time>2026-09-13T22:09:27.684Z</time>
      </trkpt>
      <trkpt lat="53.210621" lon="-1.072012">
        <ele>65</ele>
        <time>2026-09-13T22:13:28.478Z</time>
      </trkpt>
      <trkpt lat="53.210233" lon="-1.071817">
        <ele>65.2</ele>
        <time>2026-09-13T22:13:59.150Z</time>
      </trkpt>
      <trkpt lat="53.209742" lon="-1.071767">
        <ele>64.7</ele>
        <time>2026-09-13T22:14:32.427Z</time>
      </trkpt>
      <trkpt lat="53.209593" lon="-1.071679">
        <ele>64.7</ele>
        <time>2026-09-13T22:14:42.949Z</time>
      </trkpt>
      <trkpt lat="53.209587" lon="-1.071542">
        <ele>64.7</ele>
        <time>2026-09-13T22:14:48.433Z</time>
      </trkpt>
      <trkpt lat="53.209375" lon="-1.071628">
        <ele>64.4</ele>
        <time>2026-09-13T22:15:02.811Z</time>
      </trkpt>
      <trkpt lat="53.209187" lon="-1.071482">
        <ele>64.1</ele>
        <time>2026-09-13T22:15:16.297Z</time>
      </trkpt>
      <trkpt lat="53.207152" lon="-1.071113">
        <ele>57</ele>
        <time>2026-09-13T22:17:17.698Z</time>
      </trkpt>
      <trkpt lat="53.206772" lon="-1.071103">
        <ele>59.1</ele>
        <time>2026-09-13T22:17:41.409Z</time>
      </trkpt>
      <trkpt lat="53.206623" lon="-1.071264">
        <ele>60.2</ele>
        <time>2026-09-13T22:17:56.054Z</time>
      </trkpt>
      <trkpt lat="53.206428" lon="-1.071022">
        <ele>60.8</ele>
        <time>2026-09-13T22:18:15.648Z</time>
      </trkpt>
      <trkpt lat="53.205474" lon="-1.070671">
        <ele>60.2</ele>
        <time>2026-09-13T22:19:25.114Z</time>
      </trkpt>
      <trkpt lat="53.20543" lon="-1.072057">
        <ele>61.2</ele>
        <time>2026-09-13T22:20:22.777Z</time>
      </trkpt>
      <trkpt lat="53.204919" lon="-1.072914">
        <ele>63.2</ele>
        <time>2026-09-13T22:21:16.794Z</time>
      </trkpt>
      <trkpt lat="53.204848" lon="-1.072844">
        <ele>63.6</ele>
        <time>2026-09-13T22:21:23.082Z</time>
      </trkpt>
      <trkpt lat="53.204925" lon="-1.073069">
        <ele>63.6</ele>
        <time>2026-09-13T22:21:34.542Z</time>
      </trkpt>
      <trkpt lat="53.204881" lon="-1.07388">
        <ele>64.7</ele>
        <time>2026-09-13T22:22:11.120Z</time>
      </trkpt>
      <trkpt lat="53.204656" lon="-1.074812">
        <ele>67.9</ele>
        <time>2026-09-13T22:22:59.500Z</time>
      </trkpt>
      <trkpt lat="53.204241" lon="-1.077707">
        <ele>67.6</ele>
        <time>2026-09-13T22:25:08.627Z</time>
      </trkpt>
      <trkpt lat="53.204292" lon="-1.077924">
        <ele>67.5</ele>
        <time>2026-09-13T22:25:18.126Z</time>
      </trkpt>
      <trkpt lat="53.205037" lon="-1.078898">
        <ele>70.5</ele>
        <time>2026-09-13T22:26:30.773Z</time>
      </trkpt>
      <trkpt lat="53.206274" lon="-1.081221">
        <ele>69.4</ele>
        <time>2026-09-13T22:28:42.526Z</time>
      </trkpt>
      <trkpt lat="53.207668" lon="-1.083104">
        <ele>65.4</ele>
        <time>2026-09-13T22:30:37.992Z</time>
      </trkpt>
      <trkpt lat="53.208945" lon="-1.085625">
        <ele>68.6</ele>
        <time>2026-09-13T22:32:52.514Z</time>
      </trkpt>
      <trkpt lat="53.209509" lon="-1.087528">
        <ele>70.7</ele>
        <time>2026-09-13T22:34:26.211Z</time>
      </trkpt>
      <trkpt lat="53.210064" lon="-1.088694">
        <ele>72.3</ele>
        <time>2026-09-13T22:35:32.149Z</time>
      </trkpt>
      <trkpt lat="53.210518" lon="-1.090353">
        <ele>73.6</ele>
        <time>2026-09-13T22:36:52.076Z</time>
      </trkpt>
      <trkpt lat="53.210575" lon="-1.092076">
        <ele>76.3</ele>
        <time>2026-09-13T22:38:09.004Z</time>
      </trkpt>
      <trkpt lat="53.210753" lon="-1.093627">
        <ele>76.9</ele>
        <time>2026-09-13T22:39:18.794Z</time>
      </trkpt>
      <trkpt lat="53.209508" lon="-1.093735">
        <ele>79.3</ele>
        <time>2026-09-13T22:40:49.661Z</time>
      </trkpt>
      <trkpt lat="53.209111" lon="-1.093944">
        <ele>79.1</ele>
        <time>2026-09-13T22:41:19.943Z</time>
      </trkpt>
      <trkpt lat="53.205179" lon="-1.093719">
        <ele>76.5</ele>
        <time>2026-09-13T22:45:42.350Z</time>
      </trkpt>
      <trkpt lat="53.204384" lon="-1.093806">
        <ele>80.6</ele>
        <time>2026-09-13T22:46:37.849Z</time>
      </trkpt>
      <trkpt lat="53.203893" lon="-1.093656">
        <ele>83.2</ele>
        <time>2026-09-13T22:47:19.573Z</time>
      </trkpt>
      <trkpt lat="53.202282" lon="-1.093636">
        <ele>92</ele>
        <time>2026-09-13T22:49:35.171Z</time>
      </trkpt>
      <trkpt lat="53.201752" lon="-1.093603">
        <ele>93.2</ele>
        <time>2026-09-13T22:50:18.827Z</time>
      </trkpt>
      <trkpt lat="53.201636" lon="-1.093219">
        <ele>93</ele>
        <time>2026-09-13T22:50:37.525Z</time>
      </trkpt>
      <trkpt lat="53.200873" lon="-1.093084">
        <ele>90.7</ele>
        <time>2026-09-13T22:51:24.533Z</time>
      </trkpt>
      <trkpt lat="53.199561" lon="-1.093185">
        <ele>86.4</ele>
        <time>2026-09-13T22:52:42.211Z</time>
      </trkpt>
      <trkpt lat="53.198212" lon="-1.09318">
        <ele>80.6</ele>
        <time>2026-09-13T22:53:59.645Z</time>
      </trkpt>
      <trkpt lat="53.196939" lon="-1.09303">
        <ele>75.8</ele>
        <time>2026-09-13T22:55:12.046Z</time>
      </trkpt>
      <trkpt lat="53.195899" lon="-1.093014">
        <ele>72.1</ele>
        <time>2026-09-13T22:56:12.101Z</time>
      </trkpt>
      <trkpt lat="53.194032" lon="-1.093053">
        <ele>78.9</ele>
        <time>2026-09-13T22:58:26.471Z</time>
      </trkpt>
      <trkpt lat="53.193546" lon="-1.092929">
        <ele>79.1</ele>
        <time>2026-09-13T22:59:04.640Z</time>
      </trkpt>
      <trkpt lat="53.191053" lon="-1.092975">
        <ele>73.6</ele>
        <time>2026-09-13T23:01:42.318Z</time>
      </trkpt>
      <trkpt lat="53.190973" lon="-1.093862">
        <ele>72.8</ele>
        <time>2026-09-13T23:02:15.819Z</time>
      </trkpt>
      <trkpt lat="53.190704" lon="-1.094713">
        <ele>71.1</ele>
        <time>2026-09-13T23:02:51.470Z</time>
      </trkpt>
      <trkpt lat="53.190564" lon="-1.096242">
        <ele>67.6</ele>
        <time>2026-09-13T23:03:45.527Z</time>
      </trkpt>
      <trkpt lat="53.190364" lon="-1.096724">
        <ele>65.9</ele>
        <time>2026-09-13T23:04:05.427Z</time>
      </trkpt>
      <trkpt lat="53.190495" lon="-1.096896">
        <ele>65.5</ele>
        <time>2026-09-13T23:04:14.875Z</time>
      </trkpt>
      <trkpt lat="53.190443" lon="-1.097486">
        <ele>65.4</ele>
        <time>2026-09-13T23:04:38.364Z</time>
      </trkpt>
      <trkpt lat="53.191287" lon="-1.099763">
        <ele>67.7</ele>
        <time>2026-09-13T23:06:34.085Z</time>
      </trkpt>
      <trkpt lat="53.191844" lon="-1.101716">
        <ele>70</ele>
        <time>2026-09-13T23:08:09.398Z</time>
      </trkpt>
      <trkpt lat="53.19244" lon="-1.103344">
        <ele>72</ele>
        <time>2026-09-13T23:09:34.078Z</time>
      </trkpt>
      <trkpt lat="53.192488" lon="-1.103597">
        <ele>72.3</ele>
        <time>2026-09-13T23:09:45.789Z</time>
      </trkpt>
      <trkpt lat="53.192399" lon="-1.103964">
        <ele>72.5</ele>
        <time>2026-09-13T23:10:03.001Z</time>
      </trkpt>
      <trkpt lat="53.192656" lon="-1.104663">
        <ele>73.4</ele>
        <time>2026-09-13T23:10:39.127Z</time>
      </trkpt>
      <trkpt lat="53.192716" lon="-1.105192">
        <ele>74.2</ele>
        <time>2026-09-13T23:11:03.338Z</time>
      </trkpt>
      <trkpt lat="53.193423" lon="-1.107557">
        <ele>76.9</ele>
        <time>2026-09-13T23:13:00.996Z</time>
      </trkpt>
      <trkpt lat="53.193493" lon="-1.107962">
        <ele>77.4</ele>
        <time>2026-09-13T23:13:19.689Z</time>
      </trkpt>
      <trkpt lat="53.193485" lon="-1.109112">
        <ele>78.5</ele>
        <time>2026-09-13T23:14:10.600Z</time>
      </trkpt>
      <trkpt lat="53.193363" lon="-1.11122">
        <ele>80.9</ele>
        <time>2026-09-13T23:15:44.691Z</time>
      </trkpt>
      <trkpt lat="53.193516" lon="-1.112529">
        <ele>83.3</ele>
        <time>2026-09-13T23:16:45.217Z</time>
      </trkpt>
      <trkpt lat="53.193586" lon="-1.114703">
        <ele>88</ele>
        <time>2026-09-13T23:18:27.998Z</time>
      </trkpt>
      <trkpt lat="53.193724" lon="-1.115314">
        <ele>89.8</ele>
        <time>2026-09-13T23:18:59.323Z</time>
      </trkpt>
      <trkpt lat="53.193738" lon="-1.115872">
        <ele>92.3</ele>
        <time>2026-09-13T23:19:27.904Z</time>
      </trkpt>
      <trkpt lat="53.193992" lon="-1.116592">
        <ele>93</ele>
        <time>2026-09-13T23:20:07.985Z</time>
      </trkpt>
      <trkpt lat="53.193962" lon="-1.116876">
        <ele>93.5</ele>
        <time>2026-09-13T23:20:20.554Z</time>
      </trkpt>
      <trkpt lat="53.194106" lon="-1.11677">
        <ele>93.4</ele>
        <time>2026-09-13T23:20:31.364Z</time>
      </trkpt>
      <trkpt lat="53.194176" lon="-1.116366">
        <ele>93</ele>
        <time>2026-09-13T23:20:48.668Z</time>
      </trkpt>
      <trkpt lat="53.195102" lon="-1.11486">
        <ele>92.7</ele>
        <time>2026-09-13T23:22:15.590Z</time>
      </trkpt>
      <trkpt lat="53.196268" lon="-1.113357">
        <ele>93.5</ele>
        <time>2026-09-13T23:23:57.594Z</time>
      </trkpt>
      <trkpt lat="53.197488" lon="-1.112507">
        <ele>93.1</ele>
        <time>2026-09-13T23:25:28.976Z</time>
      </trkpt>
      <trkpt lat="53.198963" lon="-1.111063">
        <ele>95.8</ele>
        <time>2026-09-13T23:27:30.419Z</time>
      </trkpt>
      <trkpt lat="53.1998" lon="-1.110566">
        <ele>92.9</ele>
        <time>2026-09-13T23:28:31.223Z</time>
      </trkpt>
      <trkpt lat="53.200111" lon="-1.110524">
        <ele>93.1</ele>
        <time>2026-09-13T23:28:50.514Z</time>
      </trkpt>
      <trkpt lat="53.200836" lon="-1.109972">
        <ele>91.7</ele>
        <time>2026-09-13T23:29:42.589Z</time>
      </trkpt>
      <trkpt lat="53.2031" lon="-1.108679">
        <ele>87.9</ele>
        <time>2026-09-13T23:32:14.971Z</time>
      </trkpt>
      <trkpt lat="53.205629" lon="-1.106881">
        <ele>90.1</ele>
        <time>2026-09-13T23:35:21.121Z</time>
      </trkpt>
      <trkpt lat="53.206538" lon="-1.106138">
        <ele>91.5</ele>
        <time>2026-09-13T23:36:33.618Z</time>
      </trkpt>
      <trkpt lat="53.206694" lon="-1.105931">
        <ele>91.6</ele>
        <time>2026-09-13T23:36:48.062Z</time>
      </trkpt>
      <trkpt lat="53.206953" lon="-1.105284">
        <ele>91.9</ele>
        <time>2026-09-13T23:37:20.939Z</time>
      </trkpt>
      <trkpt lat="53.207379" lon="-1.105646">
        <ele>92.1</ele>
        <time>2026-09-13T23:37:54.550Z</time>
      </trkpt>
      <trkpt lat="53.208189" lon="-1.105976">
        <ele>91.7</ele>
        <time>2026-09-13T23:38:51.423Z</time>
      </trkpt>
      <trkpt lat="53.208982" lon="-1.106105">
        <ele>90.1</ele>
        <time>2026-09-13T23:39:43.140Z</time>
      </trkpt>
      <trkpt lat="53.209349" lon="-1.10591">
        <ele>89.3</ele>
        <time>2026-09-13T23:40:07.202Z</time>
      </trkpt>
      <trkpt lat="53.20993" lon="-1.105909">
        <ele>88.3</ele>
        <time>2026-09-13T23:40:43.794Z</time>
      </trkpt>
      <trkpt lat="53.210336" lon="-1.10559">
        <ele>87.2</ele>
        <time>2026-09-13T23:41:11.816Z</time>
      </trkpt>
      <trkpt lat="53.210605" lon="-1.105548">
        <ele>86.5</ele>
        <time>2026-09-13T23:41:28.317Z</time>
      </trkpt>
      <trkpt lat="53.211602" lon="-1.104272">
        <ele>82.9</ele>
        <time>2026-09-13T23:42:43.891Z</time>
      </trkpt>
      <trkpt lat="53.211763" lon="-1.104401">
        <ele>82.5</ele>
        <time>2026-09-13T23:42:54.650Z</time>
      </trkpt>
      <trkpt lat="53.212879" lon="-1.104051">
        <ele>80.1</ele>
        <time>2026-09-13T23:44:05.257Z</time>
      </trkpt>
      <trkpt lat="53.213891" lon="-1.104015">
        <ele>76.4</ele>
        <time>2026-09-13T23:45:06.088Z</time>
      </trkpt>
      <trkpt lat="53.214317" lon="-1.103724">
        <ele>74.1</ele>
        <time>2026-09-13T23:45:32.154Z</time>
      </trkpt>
      <trkpt lat="53.215515" lon="-1.103681">
        <ele>69.1</ele>
        <time>2026-09-13T23:46:38.966Z</time>
      </trkpt>
      <trkpt lat="53.216618" lon="-1.103463">
        <ele>64.4</ele>
        <time>2026-09-13T23:47:41.490Z</time>
      </trkpt>
      <trkpt lat="53.216867" lon="-1.103505">
        <ele>63.4</ele>
        <time>2026-09-13T23:47:55.586Z</time>
      </trkpt>
      <trkpt lat="53.217753" lon="-1.103936">
        <ele>60.8</ele>
        <time>2026-09-13T23:48:50.437Z</time>
      </trkpt>
      <trkpt lat="53.218108" lon="-1.103936">
        <ele>59.9</ele>
        <time>2026-09-13T23:49:11.875Z</time>
      </trkpt>
      <trkpt lat="53.218352" lon="-1.104053">
        <ele>59.3</ele>
        <time>2026-09-13T23:49:27.496Z</time>
      </trkpt>
      <trkpt lat="53.218425" lon="-1.104202">
        <ele>59.1</ele>
        <time>2026-09-13T23:49:34.651Z</time>
      </trkpt>
      <trkpt lat="53.218976" lon="-1.104492">
        <ele>57.7</ele>
        <time>2026-09-13T23:50:10.243Z</time>
      </trkpt>
      <trkpt lat="53.21993" lon="-1.104739">
        <ele>55</ele>
        <time>2026-09-13T23:51:08.774Z</time>
      </trkpt>
      <trkpt lat="53.220357" lon="-1.104653">
        <ele>54</ele>
        <time>2026-09-13T23:51:34.857Z</time>
      </trkpt>
      <trkpt lat="53.220709" lon="-1.104827">
        <ele>53.2</ele>
        <time>2026-09-13T23:51:57.544Z</time>
      </trkpt>
      <trkpt lat="53.222169" lon="-1.104825">
        <ele>50.4</ele>
        <time>2026-09-13T23:53:29.027Z</time>
      </trkpt>
      <trkpt lat="53.222971" lon="-1.105062">
        <ele>48.7</ele>
        <time>2026-09-13T23:54:20.041Z</time>
      </trkpt>
      <trkpt lat="53.223204" lon="-1.10496">
        <ele>48.2</ele>
        <time>2026-09-13T23:54:35.051Z</time>
      </trkpt>
      <trkpt lat="53.223761" lon="-1.105323">
        <ele>47.4</ele>
        <time>2026-09-13T23:55:13.272Z</time>
      </trkpt>
      <trkpt lat="53.224683" lon="-1.105639">
        <ele>45.9</ele>
        <time>2026-09-13T23:56:13.598Z</time>
      </trkpt>
      <trkpt lat="53.224901" lon="-1.10587">
        <ele>45.4</ele>
        <time>2026-09-13T23:56:30.010Z</time>
      </trkpt>
      <trkpt lat="53.22532" lon="-1.105992">
        <ele>44.7</ele>
        <time>2026-09-13T23:56:56.934Z</time>
      </trkpt>
      <trkpt lat="53.22607" lon="-1.106494">
        <ele>43.6</ele>
        <time>2026-09-13T23:57:48.806Z</time>
      </trkpt>
      <trkpt lat="53.227103" lon="-1.106718">
        <ele>44.2</ele>
        <time>2026-09-13T23:58:59.481Z</time>
      </trkpt>
      <trkpt lat="53.227593" lon="-1.107003">
        <ele>45.8</ele>
        <time>2026-09-13T23:59:37.364Z</time>
      </trkpt>
      <trkpt lat="53.228013" lon="-1.107855">
        <ele>47.2</ele>
        <time>2026-09-14T00:00:27.844Z</time>
      </trkpt>
      <trkpt lat="53.228138" lon="-1.107931">
        <ele>47.4</ele>
        <time>2026-09-14T00:00:37.804Z</time>
      </trkpt>
      <trkpt lat="53.22823" lon="-1.108303">
        <ele>47.9</ele>
        <time>2026-09-14T00:00:55.732Z</time>
      </trkpt>
      <trkpt lat="53.228874" lon="-1.109498">
        <ele>50.2</ele>
        <time>2026-09-14T00:02:08.424Z</time>
      </trkpt>
      <trkpt lat="53.22962" lon="-1.110359">
        <ele>53</ele>
        <time>2026-09-14T00:03:18.191Z</time>
      </trkpt>
      <trkpt lat="53.23009" lon="-1.110718">
        <ele>54.8</ele>
        <time>2026-09-14T00:03:58.703Z</time>
      </trkpt>
      <trkpt lat="53.230421" lon="-1.111571">
        <ele>56.2</ele>
        <time>2026-09-14T00:04:45.727Z</time>
      </trkpt>
      <trkpt lat="53.230537" lon="-1.111181">
        <ele>56.8</ele>
        <time>2026-09-14T00:05:05.653Z</time>
      </trkpt>
      <trkpt lat="53.230715" lon="-1.111083">
        <ele>57.5</ele>
        <time>2026-09-14T00:05:20.167Z</time>
      </trkpt>
      <trkpt lat="53.231164" lon="-1.110412">
        <ele>61.2</ele>
        <time>2026-09-14T00:06:09.895Z</time>
      </trkpt>
      <trkpt lat="53.23144" lon="-1.110229">
        <ele>62.8</ele>
        <time>2026-09-14T00:06:35.238Z</time>
      </trkpt>
      <trkpt lat="53.232367" lon="-1.109242">
        <ele>66</ele>
        <time>2026-09-14T00:08:02.051Z</time>
      </trkpt>
      <trkpt lat="53.234148" lon="-1.106504">
        <ele>71.6</ele>
        <time>2026-09-14T00:11:06.663Z</time>
      </trkpt>
      <trkpt lat="53.235302" lon="-1.104516">
        <ele>75.2</ele>
        <time>2026-09-14T00:13:11.902Z</time>
      </trkpt>
      <trkpt lat="53.235698" lon="-1.104198">
        <ele>75.9</ele>
        <time>2026-09-14T00:13:44.830Z</time>
      </trkpt>
      <trkpt lat="53.23575" lon="-1.104053">
        <ele>75.5</ele>
        <time>2026-09-14T00:13:52.044Z</time>
      </trkpt>
      <trkpt lat="53.235799" lon="-1.103955">
        <ele>75.4</ele>
        <time>2026-09-14T00:13:57.195Z</time>
      </trkpt>
      <trkpt lat="53.235673" lon="-1.104221">
        <ele>75.9</ele>
        <time>2026-09-14T00:14:10.690Z</time>
      </trkpt>
      <trkpt lat="53.235753" lon="-1.104317">
        <ele>75.7</ele>
        <time>2026-09-14T00:14:17.241Z</time>
      </trkpt>
      <trkpt lat="53.235681" lon="-1.104372">
        <ele>75.5</ele>
        <time>2026-09-14T00:14:22.638Z</time>
      </trkpt>
      <trkpt lat="53.2357" lon="-1.10462">
        <ele>75.4</ele>
        <time>2026-09-14T00:14:32.916Z</time>
      </trkpt>
      <trkpt lat="53.236293" lon="-1.105702">
        <ele>73.5</ele>
        <time>2026-09-14T00:15:27.882Z</time>
      </trkpt>
      <trkpt lat="53.237211" lon="-1.107097">
        <ele>68.8</ele>
        <time>2026-09-14T00:16:41.476Z</time>
      </trkpt>
      <trkpt lat="53.238537" lon="-1.108589">
        <ele>65.9</ele>
        <time>2026-09-14T00:18:18.308Z</time>
      </trkpt>
      <trkpt lat="53.238657" lon="-1.108935">
        <ele>66.6</ele>
        <time>2026-09-14T00:18:33.865Z</time>
      </trkpt>
      <trkpt lat="53.238943" lon="-1.109201">
        <ele>66.6</ele>
        <time>2026-09-14T00:18:57.590Z</time>
      </trkpt>
      <trkpt lat="53.239553" lon="-1.110332">
        <ele>61.4</ele>
        <time>2026-09-14T00:19:48.888Z</time>
      </trkpt>
      <trkpt lat="53.23979" lon="-1.111363">
        <ele>56.1</ele>
        <time>2026-09-14T00:20:22.084Z</time>
      </trkpt>
      <trkpt lat="53.240001" lon="-1.111801">
        <ele>54.2</ele>
        <time>2026-09-14T00:20:38.596Z</time>
      </trkpt>
      <trkpt lat="53.240184" lon="-1.112757">
        <ele>55.7</ele>
        <time>2026-09-14T00:21:19.060Z</time>
      </trkpt>
      <trkpt lat="53.240367" lon="-1.113176">
        <ele>58.3</ele>
        <time>2026-09-14T00:21:44.474Z</time>
      </trkpt>
      <trkpt lat="53.240619" lon="-1.114401">
        <ele>60.7</ele>
        <time>2026-09-14T00:22:48.154Z</time>
      </trkpt>
      <trkpt lat="53.240867" lon="-1.116454">
        <ele>61.4</ele>
        <time>2026-09-14T00:24:20.119Z</time>
      </trkpt>
      <trkpt lat="53.241057" lon="-1.117181">
        <ele>61.7</ele>
        <time>2026-09-14T00:24:53.573Z</time>
      </trkpt>
      <trkpt lat="53.241219" lon="-1.118951">
        <ele>53.7</ele>
        <time>2026-09-14T00:25:51.711Z</time>
      </trkpt>
      <trkpt lat="53.241473" lon="-1.119858">
        <ele>54.4</ele>
        <time>2026-09-14T00:26:25.177Z</time>
      </trkpt>
      <trkpt lat="53.241455" lon="-1.120623">
        <ele>54.6</ele>
        <time>2026-09-14T00:26:57.847Z</time>
      </trkpt>
      <trkpt lat="53.241644" lon="-1.121456">
        <ele>54</ele>
        <time>2026-09-14T00:27:33.799Z</time>
      </trkpt>
      <trkpt lat="53.241624" lon="-1.122237">
        <ele>52.3</ele>
        <time>2026-09-14T00:28:02.656Z</time>
      </trkpt>
      <trkpt lat="53.241724" lon="-1.122793">
        <ele>51.3</ele>
        <time>2026-09-14T00:28:23.066Z</time>
      </trkpt>
      <trkpt lat="53.241691" lon="-1.124414">
        <ele>51.4</ele>
        <time>2026-09-14T00:29:27.687Z</time>
      </trkpt>
      <trkpt lat="53.241818" lon="-1.125581">
        <ele>54.2</ele>
        <time>2026-09-14T00:30:20.193Z</time>
      </trkpt>
      <trkpt lat="53.241831" lon="-1.126841">
        <ele>55</ele>
        <time>2026-09-14T00:31:17.624Z</time>
      </trkpt>
      <trkpt lat="53.242058" lon="-1.128479">
        <ele>55.9</ele>
        <time>2026-09-14T00:32:29.724Z</time>
      </trkpt>
      <trkpt lat="53.242629" lon="-1.131683">
        <ele>52.4</ele>
        <time>2026-09-14T00:34:41.797Z</time>
      </trkpt>
      <trkpt lat="53.242844" lon="-1.132166">
        <ele>51.8</ele>
        <time>2026-09-14T00:35:04.622Z</time>
      </trkpt>
      <trkpt lat="53.242897" lon="-1.132535">
        <ele>51.4</ele>
        <time>2026-09-14T00:35:19.034Z</time>
      </trkpt>
      <trkpt lat="53.243587" lon="-1.134102">
        <ele>49.7</ele>
        <time>2026-09-14T00:36:33.601Z</time>
      </trkpt>
      <trkpt lat="53.243568" lon="-1.134526">
        <ele>49.6</ele>
        <time>2026-09-14T00:36:50.083Z</time>
      </trkpt>
      <trkpt lat="53.241796" lon="-1.14057">
        <ele>48.1</ele>
        <time>2026-09-14T00:41:22.066Z</time>
      </trkpt>
      <trkpt lat="53.241622" lon="-1.141572">
        <ele>47.6</ele>
        <time>2026-09-14T00:42:04.120Z</time>
      </trkpt>
      <trkpt lat="53.241826" lon="-1.144527">
        <ele>50.1</ele>
        <time>2026-09-14T00:44:10.947Z</time>
      </trkpt>
      <trkpt lat="53.241697" lon="-1.144898">
        <ele>50.5</ele>
        <time>2026-09-14T00:44:29.705Z</time>
      </trkpt>
      <trkpt lat="53.241471" lon="-1.144995">
        <ele>50.8</ele>
        <time>2026-09-14T00:44:46.752Z</time>
      </trkpt>
      <trkpt lat="53.241444" lon="-1.145228">
        <ele>51</ele>
        <time>2026-09-14T00:44:57.088Z</time>
      </trkpt>
      <trkpt lat="53.241512" lon="-1.145864">
        <ele>51.5</ele>
        <time>2026-09-14T00:45:25.203Z</time>
      </trkpt>
      <trkpt lat="53.241651" lon="-1.146151">
        <ele>51.8</ele>
        <time>2026-09-14T00:45:41.331Z</time>
      </trkpt>
      <trkpt lat="53.241626" lon="-1.14632">
        <ele>52</ele>
        <time>2026-09-14T00:45:48.978Z</time>
      </trkpt>
      <trkpt lat="53.241889" lon="-1.147542">
        <ele>53</ele>
        <time>2026-09-14T00:46:45.604Z</time>
      </trkpt>
      <trkpt lat="53.242123" lon="-1.149405">
        <ele>56.7</ele>
        <time>2026-09-14T00:48:12.336Z</time>
      </trkpt>
      <trkpt lat="53.242203" lon="-1.149486">
        <ele>56.6</ele>
        <time>2026-09-14T00:48:19.446Z</time>
      </trkpt>
      <trkpt lat="53.242289" lon="-1.149312">
        <ele>56.3</ele>
        <time>2026-09-14T00:48:27.997Z</time>
      </trkpt>
      <trkpt lat="53.242961" lon="-1.149093">
        <ele>56.9</ele>
        <time>2026-09-14T00:49:15.484Z</time>
      </trkpt>
      <trkpt lat="53.243722" lon="-1.149078">
        <ele>56.9</ele>
        <time>2026-09-14T00:50:08.730Z</time>
      </trkpt>
      <trkpt lat="53.244119" lon="-1.148854">
        <ele>55.3</ele>
        <time>2026-09-14T00:50:35.762Z</time>
      </trkpt>
      <trkpt lat="53.244833" lon="-1.148832">
        <ele>53.8</ele>
        <time>2026-09-14T00:51:18.895Z</time>
      </trkpt>
      <trkpt lat="53.245753" lon="-1.149064">
        <ele>53.6</ele>
        <time>2026-09-14T00:52:19.836Z</time>
      </trkpt>
      <trkpt lat="53.246136" lon="-1.148651">
        <ele>53.2</ele>
        <time>2026-09-14T00:52:50.532Z</time>
      </trkpt>
      <trkpt lat="53.246322" lon="-1.148746">
        <ele>53.2</ele>
        <time>2026-09-14T00:53:03.521Z</time>
      </trkpt>
      <trkpt lat="53.246771" lon="-1.149332">
        <ele>52.2</ele>
        <time>2026-09-14T00:53:40.357Z</time>
      </trkpt>
      <trkpt lat="53.247141" lon="-1.150202">
        <ele>51.5</ele>
        <time>2026-09-14T00:54:21.462Z</time>
      </trkpt>
      <trkpt lat="53.247915" lon="-1.153101">
        <ele>53.8</ele>
        <time>2026-09-14T00:56:35.617Z</time>
      </trkpt>
      <trkpt lat="53.247923" lon="-1.153374">
        <ele>54.1</ele>
        <time>2026-09-14T00:56:47.515Z</time>
      </trkpt>
      <trkpt lat="53.248021" lon="-1.153514">
        <ele>54.4</ele>
        <time>2026-09-14T00:56:57.177Z</time>
      </trkpt>
      <trkpt lat="53.248154" lon="-1.154585">
        <ele>55.6</ele>
        <time>2026-09-14T00:57:45.933Z</time>
      </trkpt>
      <trkpt lat="53.248449" lon="-1.155842">
        <ele>55.8</ele>
        <time>2026-09-14T00:58:43.805Z</time>
      </trkpt>
      <trkpt lat="53.248414" lon="-1.156297">
        <ele>55.7</ele>
        <time>2026-09-14T00:59:02.735Z</time>
      </trkpt>
      <trkpt lat="53.248802" lon="-1.158098">
        <ele>56.9</ele>
        <time>2026-09-14T01:00:24.135Z</time>
      </trkpt>
      <trkpt lat="53.251299" lon="-1.163278">
        <ele>58.1</ele>
        <time>2026-09-14T01:05:03.247Z</time>
      </trkpt>
      <trkpt lat="53.251365" lon="-1.163652">
        <ele>57.9</ele>
        <time>2026-09-14T01:05:19.442Z</time>
      </trkpt>
      <trkpt lat="53.251628" lon="-1.164163">
        <ele>57.8</ele>
        <time>2026-09-14T01:05:46.553Z</time>
      </trkpt>
      <trkpt lat="53.25167" lon="-1.165003">
        <ele>57.4</ele>
        <time>2026-09-14T01:06:20.334Z</time>
      </trkpt>
      <trkpt lat="53.25203" lon="-1.166158">
        <ele>57.5</ele>
        <time>2026-09-14T01:07:13.288Z</time>
      </trkpt>
      <trkpt lat="53.252058" lon="-1.166497">
        <ele>57.5</ele>
        <time>2026-09-14T01:07:27.414Z</time>
      </trkpt>
      <trkpt lat="53.252596" lon="-1.167675">
        <ele>56.5</ele>
        <time>2026-09-14T01:08:25.808Z</time>
      </trkpt>
      <trkpt lat="53.252612" lon="-1.168064">
        <ele>55.7</ele>
        <time>2026-09-14T01:08:40.680Z</time>
      </trkpt>
      <trkpt lat="53.252838" lon="-1.168297">
        <ele>55.2</ele>
        <time>2026-09-14T01:08:56.817Z</time>
      </trkpt>
      <trkpt lat="53.252988" lon="-1.168693">
        <ele>55</ele>
        <time>2026-09-14T01:09:14.971Z</time>
      </trkpt>
      <trkpt lat="53.253212" lon="-1.169727">
        <ele>54.5</ele>
        <time>2026-09-14T01:09:58.645Z</time>
      </trkpt>
      <trkpt lat="53.253418" lon="-1.169992">
        <ele>54.4</ele>
        <time>2026-09-14T01:10:15.974Z</time>
      </trkpt>
      <trkpt lat="53.253986" lon="-1.170187">
        <ele>54.2</ele>
        <time>2026-09-14T01:10:55.161Z</time>
      </trkpt>
      <trkpt lat="53.25434" lon="-1.169999">
        <ele>54</ele>
        <time>2026-09-14T01:11:20.189Z</time>
      </trkpt>
      <trkpt lat="53.254724" lon="-1.170042">
        <ele>53.9</ele>
        <time>2026-09-14T01:11:46.150Z</time>
      </trkpt>
      <trkpt lat="53.255105" lon="-1.170312">
        <ele>53.7</ele>
        <time>2026-09-14T01:12:14.093Z</time>
      </trkpt>
      <trkpt lat="53.25549" lon="-1.170169">
        <ele>53.8</ele>
        <time>2026-09-14T01:12:41.030Z</time>
      </trkpt>
      <trkpt lat="53.256084" lon="-1.170332">
        <ele>54.7</ele>
        <time>2026-09-14T01:13:24.233Z</time>
      </trkpt>
      <trkpt lat="53.256913" lon="-1.170192">
        <ele>56.1</ele>
        <time>2026-09-14T01:14:25.556Z</time>
      </trkpt>
      <trkpt lat="53.257326" lon="-1.170229">
        <ele>56.8</ele>
        <time>2026-09-14T01:14:56.097Z</time>
      </trkpt>
      <trkpt lat="53.257492" lon="-1.170385">
        <ele>57</ele>
        <time>2026-09-14T01:15:10.047Z</time>
      </trkpt>
      <trkpt lat="53.257283" lon="-1.171013">
        <ele>56.8</ele>
        <time>2026-09-14T01:15:39.574Z</time>
      </trkpt>
      <trkpt lat="53.257015" lon="-1.171344">
        <ele>56.4</ele>
        <time>2026-09-14T01:16:01.651Z</time>
      </trkpt>
      <trkpt lat="53.256735" lon="-1.171992">
        <ele>55.3</ele>
        <time>2026-09-14T01:16:31.790Z</time>
      </trkpt>
      <trkpt lat="53.256428" lon="-1.172267">
        <ele>55</ele>
        <time>2026-09-14T01:16:53.904Z</time>
      </trkpt>
      <trkpt lat="53.25552" lon="-1.173938">
        <ele>54.7</ele>
        <time>2026-09-14T01:18:25.185Z</time>
      </trkpt>
      <trkpt lat="53.2538" lon="-1.177479">
        <ele>57.6</ele>
        <time>2026-09-14T01:21:37.969Z</time>
      </trkpt>
      <trkpt lat="53.253004" lon="-1.178146">
        <ele>60.3</ele>
        <time>2026-09-14T01:22:43.352Z</time>
      </trkpt>
      <trkpt lat="53.252904" lon="-1.178434">
        <ele>61.1</ele>
        <time>2026-09-14T01:22:58.958Z</time>
      </trkpt>
      <trkpt lat="53.253186" lon="-1.180051">
        <ele>64.5</ele>
        <time>2026-09-14T01:24:18.658Z</time>
      </trkpt>
      <trkpt lat="53.254597" lon="-1.182972">
        <ele>66.3</ele>
        <time>2026-09-14T01:27:03.934Z</time>
      </trkpt>
      <trkpt lat="53.255191" lon="-1.184676">
        <ele>67.2</ele>
        <time>2026-09-14T01:28:27.836Z</time>
      </trkpt>
      <trkpt lat="53.255196" lon="-1.185173">
        <ele>69.7</ele>
        <time>2026-09-14T01:28:50.344Z</time>
      </trkpt>
      <trkpt lat="53.255431" lon="-1.18524">
        <ele>72</ele>
        <time>2026-09-14T01:29:12.179Z</time>
      </trkpt>
      <trkpt lat="53.256017" lon="-1.185935">
        <ele>74.8</ele>
        <time>2026-09-14T01:30:12.525Z</time>
      </trkpt>
      <trkpt lat="53.256364" lon="-1.18645">
        <ele>74.4</ele>
        <time>2026-09-14T01:30:47.273Z</time>
      </trkpt>
      <trkpt lat="53.256899" lon="-1.187338">
        <ele>70.7</ele>
        <time>2026-09-14T01:31:31.448Z</time>
      </trkpt>
      <trkpt lat="53.256982" lon="-1.187747">
        <ele>70.2</ele>
        <time>2026-09-14T01:31:46.350Z</time>
      </trkpt>
      <trkpt lat="53.257118" lon="-1.187861">
        <ele>70.1</ele>
        <time>2026-09-14T01:31:56.116Z</time>
      </trkpt>
      <trkpt lat="53.257521" lon="-1.188752">
        <ele>70.9</ele>
        <time>2026-09-14T01:32:42.394Z</time>
      </trkpt>
      <trkpt lat="53.258696" lon="-1.191673">
        <ele>75.6</ele>
        <time>2026-09-14T01:35:19.777Z</time>
      </trkpt>
      <trkpt lat="53.259655" lon="-1.194888">
        <ele>77.1</ele>
        <time>2026-09-14T01:37:56.995Z</time>
      </trkpt>
      <trkpt lat="53.260277" lon="-1.196217">
        <ele>81.6</ele>
        <time>2026-09-14T01:39:12.189Z</time>
      </trkpt>
      <trkpt lat="53.260398" lon="-1.196628">
        <ele>83.5</ele>
        <time>2026-09-14T01:39:34.966Z</time>
      </trkpt>
      <trkpt lat="53.260397" lon="-1.197058">
        <ele>85.6</ele>
        <time>2026-09-14T01:39:57.840Z</time>
      </trkpt>
      <trkpt lat="53.260281" lon="-1.198368">
        <ele>93.3</ele>
        <time>2026-09-14T01:41:10.901Z</time>
      </trkpt>
      <trkpt lat="53.259956" lon="-1.20094">
        <ele>95.6</ele>
        <time>2026-09-14T01:43:18.505Z</time>
      </trkpt>
      <trkpt lat="53.259963" lon="-1.202039">
        <ele>90.8</ele>
        <time>2026-09-14T01:44:01.390Z</time>
      </trkpt>
      <trkpt lat="53.260466" lon="-1.202434">
        <ele>79.1</ele>
        <time>2026-09-14T01:44:23.517Z</time>
      </trkpt>
      <trkpt lat="53.260778" lon="-1.202334">
        <ele>76.3</ele>
        <time>2026-09-14T01:44:35.475Z</time>
      </trkpt>
      <trkpt lat="53.261057" lon="-1.202318">
        <ele>74.1</ele>
        <time>2026-09-14T01:44:48.540Z</time>
      </trkpt>
      <trkpt lat="53.261257" lon="-1.20255">
        <ele>73.2</ele>
        <time>2026-09-14T01:45:01.178Z</time>
      </trkpt>
      <trkpt lat="53.261753" lon="-1.201496">
        <ele>72</ele>
        <time>2026-09-14T01:45:51.352Z</time>
      </trkpt>
      <trkpt lat="53.26223" lon="-1.199185">
        <ele>72.4</ele>
        <time>2026-09-14T01:47:30.193Z</time>
      </trkpt>
      <trkpt lat="53.262786" lon="-1.19769">
        <ele>72.4</ele>
        <time>2026-09-14T01:48:43.032Z</time>
      </trkpt>
      <trkpt lat="53.263411" lon="-1.196645">
        <ele>73.5</ele>
        <time>2026-09-14T01:49:45.291Z</time>
      </trkpt>
      <trkpt lat="53.263692" lon="-1.196402">
        <ele>74.8</ele>
        <time>2026-09-14T01:50:08.951Z</time>
      </trkpt>
      <trkpt lat="53.264044" lon="-1.196357">
        <ele>76.6</ele>
        <time>2026-09-14T01:50:37.973Z</time>
      </trkpt>
      <trkpt lat="53.264155" lon="-1.196184">
        <ele>77.4</ele>
        <time>2026-09-14T01:50:50.651Z</time>
      </trkpt>
      <trkpt lat="53.263744" lon="-1.195222">
        <ele>74.7</ele>
        <time>2026-09-14T01:51:34.448Z</time>
      </trkpt>
      <trkpt lat="53.263606" lon="-1.194529">
        <ele>72.2</ele>
        <time>2026-09-14T01:51:58.640Z</time>
      </trkpt>
      <trkpt lat="53.264276" lon="-1.19182">
        <ele>70.9</ele>
        <time>2026-09-14T01:53:49.747Z</time>
      </trkpt>
      <trkpt lat="53.264491" lon="-1.191356">
        <ele>70.8</ele>
        <time>2026-09-14T01:54:13.162Z</time>
      </trkpt>
      <trkpt lat="53.264418" lon="-1.191361">
        <ele>70.8</ele>
        <time>2026-09-14T01:54:18.149Z</time>
      </trkpt>
      <trkpt lat="53.264472" lon="-1.191468">
        <ele>70.8</ele>
        <time>2026-09-14T01:54:23.865Z</time>
      </trkpt>
      <trkpt lat="53.264379" lon="-1.191481">
        <ele>70.8</ele>
        <time>2026-09-14T01:54:30.275Z</time>
      </trkpt>
      <trkpt lat="53.264465" lon="-1.191455">
        <ele>70.8</ele>
        <time>2026-09-14T01:54:36.277Z</time>
      </trkpt>
      <trkpt lat="53.264417" lon="-1.191512">
        <ele>70.8</ele>
        <time>2026-09-14T01:54:40.225Z</time>
      </trkpt>
      <trkpt lat="53.264458" lon="-1.190895">
        <ele>70.4</ele>
        <time>2026-09-14T01:55:05.130Z</time>
      </trkpt>
      <trkpt lat="53.264654" lon="-1.190404">
        <ele>69.7</ele>
        <time>2026-09-14T01:55:27.857Z</time>
      </trkpt>
      <trkpt lat="53.264934" lon="-1.188842">
        <ele>67.1</ele>
        <time>2026-09-14T01:56:27.484Z</time>
      </trkpt>
      <trkpt lat="53.264914" lon="-1.18763">
        <ele>65.6</ele>
        <time>2026-09-14T01:57:11.974Z</time>
      </trkpt>
      <trkpt lat="53.264291" lon="-1.184973">
        <ele>62.2</ele>
        <time>2026-09-14T01:58:58.705Z</time>
      </trkpt>
      <trkpt lat="53.264144" lon="-1.183752">
        <ele>61.3</ele>
        <time>2026-09-14T01:59:45.869Z</time>
      </trkpt>
      <trkpt lat="53.264187" lon="-1.179239">
        <ele>59.9</ele>
        <time>2026-09-14T02:02:45.729Z</time>
      </trkpt>
      <trkpt lat="53.264424" lon="-1.174643">
        <ele>59.4</ele>
        <time>2026-09-14T02:05:52.271Z</time>
      </trkpt>
      <trkpt lat="53.264403" lon="-1.173795">
        <ele>59.6</ele>
        <time>2026-09-14T02:06:26.993Z</time>
      </trkpt>
      <trkpt lat="53.264223" lon="-1.172626">
        <ele>60.4</ele>
        <time>2026-09-14T02:07:18.392Z</time>
      </trkpt>
      <trkpt lat="53.264371" lon="-1.171731">
        <ele>61.6</ele>
        <time>2026-09-14T02:07:59.206Z</time>
      </trkpt>
      <trkpt lat="53.26518" lon="-1.169869">
        <ele>69</ele>
        <time>2026-09-14T02:09:51.723Z</time>
      </trkpt>
      <trkpt lat="53.265209" lon="-1.169525">
        <ele>70.4</ele>
        <time>2026-09-14T02:10:09.288Z</time>
      </trkpt>
      <trkpt lat="53.263831" lon="-1.166585">
        <ele>69.3</ele>
        <time>2026-09-14T02:12:43.578Z</time>
      </trkpt>
      <trkpt lat="53.264813" lon="-1.165799">
        <ele>66.8</ele>
        <time>2026-09-14T02:13:54.723Z</time>
      </trkpt>
      <trkpt lat="53.265679" lon="-1.164569">
        <ele>64.2</ele>
        <time>2026-09-14T02:15:04.835Z</time>
      </trkpt>
      <trkpt lat="53.266227" lon="-1.16439">
        <ele>63.5</ele>
        <time>2026-09-14T02:15:39.860Z</time>
      </trkpt>
      <trkpt lat="53.266726" lon="-1.163649">
        <ele>61.5</ele>
        <time>2026-09-14T02:16:21.217Z</time>
      </trkpt>
      <trkpt lat="53.267088" lon="-1.162115">
        <ele>56.7</ele>
        <time>2026-09-14T02:17:16.973Z</time>
      </trkpt>
      <trkpt lat="53.267417" lon="-1.161348">
        <ele>55.2</ele>
        <time>2026-09-14T02:17:48.962Z</time>
      </trkpt>
      <trkpt lat="53.267141" lon="-1.160423">
        <ele>54.6</ele>
        <time>2026-09-14T02:18:28.063Z</time>
      </trkpt>
      <trkpt lat="53.266952" lon="-1.160195">
        <ele>54.4</ele>
        <time>2026-09-14T02:18:43.394Z</time>
      </trkpt>
      <trkpt lat="53.266985" lon="-1.159328">
        <ele>53.5</ele>
        <time>2026-09-14T02:19:16.749Z</time>
      </trkpt>
      <trkpt lat="53.266588" lon="-1.158886">
        <ele>53.3</ele>
        <time>2026-09-14T02:19:47.886Z</time>
      </trkpt>
      <trkpt lat="53.266593" lon="-1.158742">
        <ele>53.3</ele>
        <time>2026-09-14T02:19:53.716Z</time>
      </trkpt>
      <trkpt lat="53.266984" lon="-1.157859">
        <ele>53.8</ele>
        <time>2026-09-14T02:20:40.211Z</time>
      </trkpt>
      <trkpt lat="53.268491" lon="-1.155471">
        <ele>56.9</ele>
        <time>2026-09-14T02:23:11.219Z</time>
      </trkpt>
      <trkpt lat="53.26955" lon="-1.153558">
        <ele>58.8</ele>
        <time>2026-09-14T02:25:04.882Z</time>
      </trkpt>
      <trkpt lat="53.270304" lon="-1.152389">
        <ele>59.4</ele>
        <time>2026-09-14T02:26:18.565Z</time>
      </trkpt>
      <trkpt lat="53.272141" lon="-1.149941">
        <ele>66.9</ele>
        <time>2026-09-14T02:29:17.034Z</time>
      </trkpt>
      <trkpt lat="53.27215" lon="-1.149537">
        <ele>66.5</ele>
        <time>2026-09-14T02:29:35.644Z</time>
      </trkpt>
      <trkpt lat="53.272417" lon="-1.149229">
        <ele>66.6</ele>
        <time>2026-09-14T02:29:57.392Z</time>
      </trkpt>
      <trkpt lat="53.271538" lon="-1.147939">
        <ele>67.8</ele>
        <time>2026-09-14T02:31:20.853Z</time>
      </trkpt>
      <trkpt lat="53.271394" lon="-1.147065">
        <ele>69.9</ele>
        <time>2026-09-14T02:32:01.284Z</time>
      </trkpt>
      <trkpt lat="53.271465" lon="-1.146483">
        <ele>71.9</ele>
        <time>2026-09-14T02:32:30.430Z</time>
      </trkpt>
      <trkpt lat="53.271394" lon="-1.145929">
        <ele>74.5</ele>
        <time>2026-09-14T02:32:59.918Z</time>
      </trkpt>
      <trkpt lat="53.271524" lon="-1.14547">
        <ele>76.6</ele>
        <time>2026-09-14T02:33:26.795Z</time>
      </trkpt>
      <trkpt lat="53.271475" lon="-1.145209">
        <ele>77.8</ele>
        <time>2026-09-14T02:33:41.185Z</time>
      </trkpt>
      <trkpt lat="53.271639" lon="-1.144318">
        <ele>82.5</ele>
        <time>2026-09-14T02:34:31.473Z</time>
      </trkpt>
      <trkpt lat="53.272049" lon="-1.14391">
        <ele>88.7</ele>
        <time>2026-09-14T02:35:16.343Z</time>
      </trkpt>
      <trkpt lat="53.272064" lon="-1.143753">
        <ele>90.6</ele>
        <time>2026-09-14T02:35:25.573Z</time>
      </trkpt>
      <trkpt lat="53.272235" lon="-1.14369">
        <ele>92.6</ele>
        <time>2026-09-14T02:35:42.590Z</time>
      </trkpt>
      <trkpt lat="53.272333" lon="-1.143445">
        <ele>94.6</ele>
        <time>2026-09-14T02:35:59.721Z</time>
      </trkpt>
      <trkpt lat="53.272529" lon="-1.142031">
        <ele>102.5</ele>
        <time>2026-09-14T02:37:21.311Z</time>
      </trkpt>
      <trkpt lat="53.272633" lon="-1.141808">
        <ele>103.2</ele>
        <time>2026-09-14T02:37:36.599Z</time>
      </trkpt>
      <trkpt lat="53.272688" lon="-1.140962">
        <ele>103.4</ele>
        <time>2026-09-14T02:38:13.628Z</time>
      </trkpt>
      <trkpt lat="53.272196" lon="-1.139197">
        <ele>101.6</ele>
        <time>2026-09-14T02:39:30.179Z</time>
      </trkpt>
      <trkpt lat="53.272146" lon="-1.137755">
        <ele>101.9</ele>
        <time>2026-09-14T02:40:27.536Z</time>
      </trkpt>
      <trkpt lat="53.272062" lon="-1.137423">
        <ele>102.1</ele>
        <time>2026-09-14T02:40:42.650Z</time>
      </trkpt>
      <trkpt lat="53.272044" lon="-1.136171">
        <ele>102</ele>
        <time>2026-09-14T02:41:34.328Z</time>
      </trkpt>
      <trkpt lat="53.272115" lon="-1.135591">
        <ele>102.2</ele>
        <time>2026-09-14T02:41:58.744Z</time>
      </trkpt>
      <trkpt lat="53.272039" lon="-1.135258">
        <ele>102.1</ele>
        <time>2026-09-14T02:42:13.499Z</time>
      </trkpt>
      <trkpt lat="53.272117" lon="-1.134414">
        <ele>101.4</ele>
        <time>2026-09-14T02:42:46.838Z</time>
      </trkpt>
      <trkpt lat="53.272065" lon="-1.133604">
        <ele>101.3</ele>
        <time>2026-09-14T02:43:19.094Z</time>
      </trkpt>
      <trkpt lat="53.272129" lon="-1.133322">
        <ele>101.2</ele>
        <time>2026-09-14T02:43:31.315Z</time>
      </trkpt>
      <trkpt lat="53.272114" lon="-1.132376">
        <ele>101.1</ele>
        <time>2026-09-14T02:44:09.715Z</time>
      </trkpt>
      <trkpt lat="53.272227" lon="-1.131823">
        <ele>101.5</ele>
        <time>2026-09-14T02:44:34.071Z</time>
      </trkpt>
      <trkpt lat="53.272383" lon="-1.131661">
        <ele>101.5</ele>
        <time>2026-09-14T02:44:47.108Z</time>
      </trkpt>
      <trkpt lat="53.272321" lon="-1.131464">
        <ele>101.6</ele>
        <time>2026-09-14T02:44:56.380Z</time>
      </trkpt>
      <trkpt lat="53.272398" lon="-1.130504">
        <ele>101.5</ele>
        <time>2026-09-14T02:45:36.163Z</time>
      </trkpt>
      <trkpt lat="53.272813" lon="-1.129085">
        <ele>102.6</ele>
        <time>2026-09-14T02:46:42.954Z</time>
      </trkpt>
      <trkpt lat="53.272875" lon="-1.128218">
        <ele>102.9</ele>
        <time>2026-09-14T02:47:20.352Z</time>
      </trkpt>
      <trkpt lat="53.273136" lon="-1.127156">
        <ele>103.4</ele>
        <time>2026-09-14T02:48:08.912Z</time>
      </trkpt>
      <trkpt lat="53.273174" lon="-1.126477">
        <ele>103.2</ele>
        <time>2026-09-14T02:48:37.266Z</time>
      </trkpt>
      <trkpt lat="53.273104" lon="-1.126089">
        <ele>103.2</ele>
        <time>2026-09-14T02:48:53.681Z</time>
      </trkpt>
      <trkpt lat="53.273308" lon="-1.12479">
        <ele>103.6</ele>
        <time>2026-09-14T02:49:49.791Z</time>
      </trkpt>
      <trkpt lat="53.273328" lon="-1.124352">
        <ele>103.7</ele>
        <time>2026-09-14T02:50:08.213Z</time>
      </trkpt>
      <trkpt lat="53.273287" lon="-1.123883">
        <ele>103.5</ele>
        <time>2026-09-14T02:50:27.519Z</time>
      </trkpt>
      <trkpt lat="53.273403" lon="-1.123352">
        <ele>102.9</ele>
        <time>2026-09-14T02:50:49.400Z</time>
      </trkpt>
      <trkpt lat="53.273432" lon="-1.122129">
        <ele>102.1</ele>
        <time>2026-09-14T02:51:36.726Z</time>
      </trkpt>
      <trkpt lat="53.273661" lon="-1.121523">
        <ele>101.8</ele>
        <time>2026-09-14T02:52:04.916Z</time>
      </trkpt>
      <trkpt lat="53.273663" lon="-1.120902">
        <ele>101.8</ele>
        <time>2026-09-14T02:52:29.992Z</time>
      </trkpt>
      <trkpt lat="53.273616" lon="-1.120645">
        <ele>101.8</ele>
        <time>2026-09-14T02:52:41.030Z</time>
      </trkpt>
      <trkpt lat="53.273871" lon="-1.118441">
        <ele>98.9</ele>
        <time>2026-09-14T02:54:05.310Z</time>
      </trkpt>
      <trkpt lat="53.273902" lon="-1.117415">
        <ele>97.8</ele>
        <time>2026-09-14T02:54:43.668Z</time>
      </trkpt>
      <trkpt lat="53.274075" lon="-1.117018">
        <ele>97.3</ele>
        <time>2026-09-14T02:55:02.258Z</time>
      </trkpt>
      <trkpt lat="53.2744" lon="-1.114929">
        <ele>95</ele>
        <time>2026-09-14T02:56:23.925Z</time>
      </trkpt>
      <trkpt lat="53.274588" lon="-1.114425">
        <ele>94.2</ele>
        <time>2026-09-14T02:56:46.274Z</time>
      </trkpt>
      <trkpt lat="53.274562" lon="-1.114012">
        <ele>93.6</ele>
        <time>2026-09-14T02:57:01.576Z</time>
      </trkpt>
      <trkpt lat="53.274606" lon="-1.113399">
        <ele>92.6</ele>
        <time>2026-09-14T02:57:24.031Z</time>
      </trkpt>
      <trkpt lat="53.274877" lon="-1.112111">
        <ele>90.8</ele>
        <time>2026-09-14T02:58:14.242Z</time>
      </trkpt>
      <trkpt lat="53.274916" lon="-1.11131">
        <ele>90.1</ele>
        <time>2026-09-14T02:58:44.415Z</time>
      </trkpt>
      <trkpt lat="53.27527" lon="-1.108928">
        <ele>89.1</ele>
        <time>2026-09-14T03:00:21.273Z</time>
      </trkpt>
      <trkpt lat="53.275532" lon="-1.107629">
        <ele>89.7</ele>
        <time>2026-09-14T03:01:17.134Z</time>
      </trkpt>
      <trkpt lat="53.275478" lon="-1.107151">
        <ele>89.9</ele>
        <time>2026-09-14T03:01:37.758Z</time>
      </trkpt>
      <trkpt lat="53.275706" lon="-1.106379">
        <ele>88.3</ele>
        <time>2026-09-14T03:02:10.379Z</time>
      </trkpt>
      <trkpt lat="53.275711" lon="-1.105745">
        <ele>86.9</ele>
        <time>2026-09-14T03:02:32.604Z</time>
      </trkpt>
      <trkpt lat="53.275782" lon="-1.105352">
        <ele>86.2</ele>
        <time>2026-09-14T03:02:47.105Z</time>
      </trkpt>
      <trkpt lat="53.275883" lon="-1.105086">
        <ele>85.7</ele>
        <time>2026-09-14T03:02:58.468Z</time>
      </trkpt>
      <trkpt lat="53.275877" lon="-1.104484">
        <ele>84.9</ele>
        <time>2026-09-14T03:03:20.441Z</time>
      </trkpt>
      <trkpt lat="53.276097" lon="-1.103574">
        <ele>85.1</ele>
        <time>2026-09-14T03:03:59.606Z</time>
      </trkpt>
      <trkpt lat="53.276109" lon="-1.102914">
        <ele>84.1</ele>
        <time>2026-09-14T03:04:25.732Z</time>
      </trkpt>
      <trkpt lat="53.27623" lon="-1.102551">
        <ele>83.3</ele>
        <time>2026-09-14T03:04:40.697Z</time>
      </trkpt>
      <trkpt lat="53.278423" lon="-1.08478">
        <ele>56.9</ele>
        <time>2026-09-14T03:15:45.081Z</time>
      </trkpt>
      <trkpt lat="53.278169" lon="-1.084803">
        <ele>57</ele>
        <time>2026-09-14T03:16:00.762Z</time>
      </trkpt>
      <trkpt lat="53.278361" lon="-1.084782">
        <ele>57.2</ele>
        <time>2026-09-14T03:16:14.423Z</time>
      </trkpt>
      <trkpt lat="53.278361" lon="-1.084623">
        <ele>57.3</ele>
        <time>2026-09-14T03:16:21.275Z</time>
      </trkpt>
      <trkpt lat="53.278371" lon="-1.084828">
        <ele>57.4</ele>
        <time>2026-09-14T03:16:30.216Z</time>
      </trkpt>
      <trkpt lat="53.278333" lon="-1.08487">
        <ele>57.7</ele>
        <time>2026-09-14T03:16:33.527Z</time>
      </trkpt>
      <trkpt lat="53.278328" lon="-1.084691">
        <ele>57.8</ele>
        <time>2026-09-14T03:16:41.351Z</time>
      </trkpt>
      <trkpt lat="53.278452" lon="-1.084701">
        <ele>57.9</ele>
        <time>2026-09-14T03:16:50.416Z</time>
      </trkpt>
      <trkpt lat="53.277608" lon="-1.083282">
        <ele>58.7</ele>
        <time>2026-09-14T03:18:15.847Z</time>
      </trkpt>
      <trkpt lat="53.276869" lon="-1.08231">
        <ele>59.3</ele>
        <time>2026-09-14T03:19:22.320Z</time>
      </trkpt>
      <trkpt lat="53.276569" lon="-1.081609">
        <ele>58.7</ele>
        <time>2026-09-14T03:19:57.722Z</time>
      </trkpt>
      <trkpt lat="53.275841" lon="-1.080387">
        <ele>56.6</ele>
        <time>2026-09-14T03:21:03.050Z</time>
      </trkpt>
      <trkpt lat="53.275416" lon="-1.079896">
        <ele>55.1</ele>
        <time>2026-09-14T03:21:34.871Z</time>
      </trkpt>
      <trkpt lat="53.274759" lon="-1.078617">
        <ele>54.6</ele>
        <time>2026-09-14T03:22:40.054Z</time>
      </trkpt>
      <trkpt lat="53.27454" lon="-1.078541">
        <ele>54.2</ele>
        <time>2026-09-14T03:22:54.912Z</time>
      </trkpt>
      <trkpt lat="53.274223" lon="-1.077995">
        <ele>53.5</ele>
        <time>2026-09-14T03:23:23.905Z</time>
      </trkpt>
      <trkpt lat="53.273735" lon="-1.077562">
        <ele>52.4</ele>
        <time>2026-09-14T03:23:58.825Z</time>
      </trkpt>
      <trkpt lat="53.273294" lon="-1.076817">
        <ele>52.2</ele>
        <time>2026-09-14T03:24:39.753Z</time>
      </trkpt>
      <trkpt lat="53.272865" lon="-1.07623">
        <ele>52.8</ele>
        <time>2026-09-14T03:25:18.404Z</time>
      </trkpt>
      <trkpt lat="53.271805" lon="-1.07494">
        <ele>54.6</ele>
        <time>2026-09-14T03:26:53.633Z</time>
      </trkpt>
      <trkpt lat="53.271608" lon="-1.074426">
        <ele>54.7</ele>
        <time>2026-09-14T03:27:19.982Z</time>
      </trkpt>
      <trkpt lat="53.27133" lon="-1.074102">
        <ele>55</ele>
        <time>2026-09-14T03:27:43.849Z</time>
      </trkpt>
      <trkpt lat="53.270781" lon="-1.07377">
        <ele>54.9</ele>
        <time>2026-09-14T03:28:24.336Z</time>
      </trkpt>
      <trkpt lat="53.27077" lon="-1.073539">
        <ele>54.9</ele>
        <time>2026-09-14T03:28:33.795Z</time>
      </trkpt>
      <trkpt lat="53.270555" lon="-1.073092">
        <ele>55.1</ele>
        <time>2026-09-14T03:28:57.796Z</time>
      </trkpt>
      <trkpt lat="53.270755" lon="-1.072402">
        <ele>55.4</ele>
        <time>2026-09-14T03:29:30.173Z</time>
      </trkpt>
      <trkpt lat="53.271096" lon="-1.072116">
        <ele>55.8</ele>
        <time>2026-09-14T03:29:57.355Z</time>
      </trkpt>
      <trkpt lat="53.271604" lon="-1.071344">
        <ele>56.7</ele>
        <time>2026-09-14T03:30:47.072Z</time>
      </trkpt>
      <trkpt lat="53.27196" lon="-1.071142">
        <ele>56.4</ele>
        <time>2026-09-14T03:31:13.547Z</time>
      </trkpt>
      <trkpt lat="53.272478" lon="-1.070494">
        <ele>55.5</ele>
        <time>2026-09-14T03:31:55.642Z</time>
      </trkpt>
      <trkpt lat="53.27308" lon="-1.070157">
        <ele>55.4</ele>
        <time>2026-09-14T03:32:37.717Z</time>
      </trkpt>
      <trkpt lat="53.273744" lon="-1.06952">
        <ele>54.7</ele>
        <time>2026-09-14T03:33:28.944Z</time>
      </trkpt>
      <trkpt lat="53.273807" lon="-1.069301">
        <ele>54.6</ele>
        <time>2026-09-14T03:33:38.532Z</time>
      </trkpt>
      <trkpt lat="53.276146" lon="-1.067289">
        <ele>50.9</ele>
        <time>2026-09-14T03:36:28.120Z</time>
      </trkpt>
      <trkpt lat="53.277626" lon="-1.065774">
        <ele>48.3</ele>
        <time>2026-09-14T03:38:19.609Z</time>
      </trkpt>
      <trkpt lat="53.277639" lon="-1.065596">
        <ele>47.9</ele>
        <time>2026-09-14T03:38:26.438Z</time>
      </trkpt>
      <trkpt lat="53.27848" lon="-1.064249">
        <ele>43.4</ele>
        <time>2026-09-14T03:39:33.088Z</time>
      </trkpt>
      <trkpt lat="53.278472" lon="-1.064136">
        <ele>43.1</ele>
        <time>2026-09-14T03:39:36.997Z</time>
      </trkpt>
      <trkpt lat="53.278679" lon="-1.063959">
        <ele>42.3</ele>
        <time>2026-09-14T03:39:50.545Z</time>
      </trkpt>
      <trkpt lat="53.27866" lon="-1.063841">
        <ele>42.1</ele>
        <time>2026-09-14T03:39:54.802Z</time>
      </trkpt>
      <trkpt lat="53.278952" lon="-1.063244">
        <ele>41.3</ele>
        <time>2026-09-14T03:40:22.953Z</time>
      </trkpt>
      <trkpt lat="53.27938" lon="-1.062689">
        <ele>41.2</ele>
        <time>2026-09-14T03:40:58.651Z</time>
      </trkpt>
      <trkpt lat="53.279666" lon="-1.061998">
        <ele>41.7</ele>
        <time>2026-09-14T03:41:33.757Z</time>
      </trkpt>
      <trkpt lat="53.279817" lon="-1.061923">
        <ele>41.9</ele>
        <time>2026-09-14T03:41:45.090Z</time>
      </trkpt>
      <trkpt lat="53.279959" lon="-1.061485">
        <ele>42</ele>
        <time>2026-09-14T03:42:06.155Z</time>
      </trkpt>
      <trkpt lat="53.280559" lon="-1.06063">
        <ele>42.3</ele>
        <time>2026-09-14T03:43:01.190Z</time>
      </trkpt>
      <trkpt lat="53.280731" lon="-1.06017">
        <ele>42.5</ele>
        <time>2026-09-14T03:43:23.919Z</time>
      </trkpt>
      <trkpt lat="53.280976" lon="-1.059957">
        <ele>42.8</ele>
        <time>2026-09-14T03:43:43.592Z</time>
      </trkpt>
      <trkpt lat="53.281852" lon="-1.058702">
        <ele>44.5</ele>
        <time>2026-09-14T03:45:07.769Z</time>
      </trkpt>
      <trkpt lat="53.282043" lon="-1.058157">
        <ele>45</ele>
        <time>2026-09-14T03:45:35.377Z</time>
      </trkpt>
      <trkpt lat="53.282503" lon="-1.057764">
        <ele>46</ele>
        <time>2026-09-14T03:46:13.509Z</time>
      </trkpt>
      <trkpt lat="53.282999" lon="-1.056905">
        <ele>47.8</ele>
        <time>2026-09-14T03:47:07.495Z</time>
      </trkpt>
      <trkpt lat="53.283068" lon="-1.057028">
        <ele>48</ele>
        <time>2026-09-14T03:47:15.173Z</time>
      </trkpt>
      <trkpt lat="53.284004" lon="-1.05566">
        <ele>51.4</ele>
        <time>2026-09-14T03:48:50.634Z</time>
      </trkpt>
      <trkpt lat="53.284265" lon="-1.055475">
        <ele>52.3</ele>
        <time>2026-09-14T03:49:12.518Z</time>
      </trkpt>
      <trkpt lat="53.284697" lon="-1.054877">
        <ele>53.9</ele>
        <time>2026-09-14T03:49:56.041Z</time>
      </trkpt>
      <trkpt lat="53.28494" lon="-1.054403">
        <ele>54.4</ele>
        <time>2026-09-14T03:50:24.236Z</time>
      </trkpt>
      <trkpt lat="53.285201" lon="-1.054296">
        <ele>55</ele>
        <time>2026-09-14T03:50:44.104Z</time>
      </trkpt>
      <trkpt lat="53.285379" lon="-1.053828">
        <ele>55.8</ele>
        <time>2026-09-14T03:51:09.233Z</time>
      </trkpt>
      <trkpt lat="53.285763" lon="-1.053355">
        <ele>56</ele>
        <time>2026-09-14T03:51:43.800Z</time>
      </trkpt>
      <trkpt lat="53.285966" lon="-1.05289">
        <ele>55.6</ele>
        <time>2026-09-14T03:52:07.182Z</time>
      </trkpt>
      <trkpt lat="53.286148" lon="-1.052107">
        <ele>54.9</ele>
        <time>2026-09-14T03:52:39.669Z</time>
      </trkpt>
      <trkpt lat="53.28725" lon="-1.045334">
        <ele>50.7</ele>
        <time>2026-09-14T03:57:14.403Z</time>
      </trkpt>
      <trkpt lat="53.287489" lon="-1.044004">
        <ele>49.3</ele>
        <time>2026-09-14T03:58:08.577Z</time>
      </trkpt>
      <trkpt lat="53.287621" lon="-1.043725">
        <ele>48.8</ele>
        <time>2026-09-14T03:58:21.872Z</time>
      </trkpt>
      <trkpt lat="53.28759" lon="-1.043406">
        <ele>48.2</ele>
        <time>2026-09-14T03:58:33.555Z</time>
      </trkpt>
      <trkpt lat="53.288116" lon="-1.040573">
        <ele>42</ele>
        <time>2026-09-14T04:00:17.543Z</time>
      </trkpt>
      <trkpt lat="53.288077" lon="-1.040467">
        <ele>42</ele>
        <time>2026-09-14T04:00:21.904Z</time>
      </trkpt>
      <trkpt lat="53.287761" lon="-1.039997">
        <ele>41.3</ele>
        <time>2026-09-14T04:00:49.117Z</time>
      </trkpt>
      <trkpt lat="53.286176" lon="-1.038545">
        <ele>39.4</ele>
        <time>2026-09-14T04:02:46.751Z</time>
      </trkpt>
      <trkpt lat="53.286079" lon="-1.038688">
        <ele>38.8</ele>
        <time>2026-09-14T04:02:55.117Z</time>
      </trkpt>
      <trkpt lat="53.284458" lon="-1.039349">
        <ele>43.1</ele>
        <time>2026-09-14T04:05:00.197Z</time>
      </trkpt>
      <trkpt lat="53.284058" lon="-1.039702">
        <ele>44.4</ele>
        <time>2026-09-14T04:05:34.880Z</time>
      </trkpt>
      <trkpt lat="53.284003" lon="-1.039875">
        <ele>44.8</ele>
        <time>2026-09-14T04:05:44.016Z</time>
      </trkpt>
      <trkpt lat="53.283907" lon="-1.039787">
        <ele>45.2</ele>
        <time>2026-09-14T04:05:52.689Z</time>
      </trkpt>
      <trkpt lat="53.282851" lon="-1.042321">
        <ele>48.7</ele>
        <time>2026-09-14T04:08:11.217Z</time>
      </trkpt>
      <trkpt lat="53.282542" lon="-1.042305">
        <ele>48.8</ele>
        <time>2026-09-14T04:08:34.032Z</time>
      </trkpt>
      <trkpt lat="53.281497" lon="-1.042998">
        <ele>49</ele>
        <time>2026-09-14T04:09:51.967Z</time>
      </trkpt>
      <trkpt lat="53.280532" lon="-1.043276">
        <ele>49.3</ele>
        <time>2026-09-14T04:10:59.941Z</time>
      </trkpt>
      <trkpt lat="53.28013" lon="-1.042931">
        <ele>49.4</ele>
        <time>2026-09-14T04:11:31.363Z</time>
      </trkpt>
      <trkpt lat="53.279934" lon="-1.042943">
        <ele>49.1</ele>
        <time>2026-09-14T04:11:44.646Z</time>
      </trkpt>
      <trkpt lat="53.278486" lon="-1.044091">
        <ele>46.8</ele>
        <time>2026-09-14T04:13:27.593Z</time>
      </trkpt>
      <trkpt lat="53.276129" lon="-1.045075">
        <ele>46.9</ele>
        <time>2026-09-14T04:16:10.354Z</time>
      </trkpt>
      <trkpt lat="53.275864" lon="-1.045307">
        <ele>46.6</ele>
        <time>2026-09-14T04:16:30.830Z</time>
      </trkpt>
      <trkpt lat="53.275644" lon="-1.045415">
        <ele>46.5</ele>
        <time>2026-09-14T04:16:46.042Z</time>
      </trkpt>
      <trkpt lat="53.275386" lon="-1.04536">
        <ele>46.3</ele>
        <time>2026-09-14T04:17:03.413Z</time>
      </trkpt>
      <trkpt lat="53.274544" lon="-1.04607">
        <ele>46.3</ele>
        <time>2026-09-14T04:18:07.695Z</time>
      </trkpt>
      <trkpt lat="53.273593" lon="-1.04485">
        <ele>43.1</ele>
        <time>2026-09-14T04:19:24.520Z</time>
      </trkpt>
      <trkpt lat="53.272036" lon="-1.043217">
        <ele>36.2</ele>
        <time>2026-09-14T04:21:12.415Z</time>
      </trkpt>
      <trkpt lat="53.271735" lon="-1.042135">
        <ele>35.4</ele>
        <time>2026-09-14T04:21:54.936Z</time>
      </trkpt>
      <trkpt lat="53.271217" lon="-1.040995">
        <ele>32.9</ele>
        <time>2026-09-14T04:22:48.249Z</time>
      </trkpt>
      <trkpt lat="53.270811" lon="-1.040406">
        <ele>30.9</ele>
        <time>2026-09-14T04:23:19.952Z</time>
      </trkpt>
      <trkpt lat="53.270205" lon="-1.039787">
        <ele>29.8</ele>
        <time>2026-09-14T04:24:03.364Z</time>
      </trkpt>
      <trkpt lat="53.269697" lon="-1.039585">
        <ele>29.8</ele>
        <time>2026-09-14T04:24:37.791Z</time>
      </trkpt>
      <trkpt lat="53.268729" lon="-1.038931">
        <ele>33.3</ele>
        <time>2026-09-14T04:25:56.608Z</time>
      </trkpt>
      <trkpt lat="53.268702" lon="-1.038631">
        <ele>34.4</ele>
        <time>2026-09-14T04:26:11.096Z</time>
      </trkpt>
      <trkpt lat="53.266572" lon="-1.034066">
        <ele>48</ele>
        <time>2026-09-14T04:30:50.271Z</time>
      </trkpt>
      <trkpt lat="53.266103" lon="-1.032195">
        <ele>52.3</ele>
        <time>2026-09-14T04:32:27.409Z</time>
      </trkpt>
      <trkpt lat="53.264991" lon="-1.030038">
        <ele>51.9</ele>
        <time>2026-09-14T04:34:31.390Z</time>
      </trkpt>
      <trkpt lat="53.264056" lon="-1.029974">
        <ele>49.9</ele>
        <time>2026-09-14T04:35:33.039Z</time>
      </trkpt>
      <trkpt lat="53.263394" lon="-1.030078">
        <ele>47.9</ele>
        <time>2026-09-14T04:36:13.659Z</time>
      </trkpt>
      <trkpt lat="53.263132" lon="-1.029538">
        <ele>47.5</ele>
        <time>2026-09-14T04:36:39.409Z</time>
      </trkpt>
      <trkpt lat="53.263183" lon="-1.029627">
        <ele>47.4</ele>
        <time>2026-09-14T04:36:44.180Z</time>
      </trkpt>
      <trkpt lat="53.263214" lon="-1.029532">
        <ele>47.3</ele>
        <time>2026-09-14T04:36:48.276Z</time>
      </trkpt>
      <trkpt lat="53.263249" lon="-1.029758">
        <ele>47</ele>
        <time>2026-09-14T04:36:57.113Z</time>
      </trkpt>
      <trkpt lat="53.263261" lon="-1.029625">
        <ele>46.9</ele>
        <time>2026-09-14T04:37:02.204Z</time>
      </trkpt>
      <trkpt lat="53.263181" lon="-1.029717">
        <ele>46.7</ele>
        <time>2026-09-14T04:37:08.349Z</time>
      </trkpt>
      <trkpt lat="53.2632" lon="-1.02963">
        <ele>46.6</ele>
        <time>2026-09-14T04:37:11.844Z</time>
      </trkpt>
      <trkpt lat="53.26282" lon="-1.02925">
        <ele>45.7</ele>
        <time>2026-09-14T04:37:39.640Z</time>
      </trkpt>
      <trkpt lat="53.262005" lon="-1.029735">
        <ele>42.8</ele>
        <time>2026-09-14T04:38:31.466Z</time>
      </trkpt>
      <trkpt lat="53.261443" lon="-1.029278">
        <ele>41.7</ele>
        <time>2026-09-14T04:39:09.306Z</time>
      </trkpt>
      <trkpt lat="53.261114" lon="-1.029213">
        <ele>41</ele>
        <time>2026-09-14T04:39:30.152Z</time>
      </trkpt>
      <trkpt lat="53.26088" lon="-1.028807">
        <ele>40.5</ele>
        <time>2026-09-14T04:39:51.461Z</time>
      </trkpt>
      <trkpt lat="53.259945" lon="-1.030792">
        <ele>41.3</ele>
        <time>2026-09-14T04:41:36.020Z</time>
      </trkpt>
      <trkpt lat="53.259707" lon="-1.031586">
        <ele>41.8</ele>
        <time>2026-09-14T04:42:13.551Z</time>
      </trkpt>
      <trkpt lat="53.257702" lon="-1.036222">
        <ele>46.6</ele>
        <time>2026-09-14T04:46:22.692Z</time>
      </trkpt>
      <trkpt lat="53.257644" lon="-1.036612">
        <ele>47.1</ele>
        <time>2026-09-14T04:46:40.272Z</time>
      </trkpt>
      <trkpt lat="53.256546" lon="-1.039591">
        <ele>52.1</ele>
        <time>2026-09-14T04:49:19.051Z</time>
      </trkpt>
      <trkpt lat="53.255624" lon="-1.041621">
        <ele>53.6</ele>
        <time>2026-09-14T04:51:12.162Z</time>
      </trkpt>
      <trkpt lat="53.255443" lon="-1.041831">
        <ele>53.5</ele>
        <time>2026-09-14T04:51:27.839Z</time>
      </trkpt>
      <trkpt lat="53.254723" lon="-1.043551">
        <ele>53.9</ele>
        <time>2026-09-14T04:52:54.884Z</time>
      </trkpt>
      <trkpt lat="53.254462" lon="-1.044093">
        <ele>53.6</ele>
        <time>2026-09-14T04:53:23.550Z</time>
      </trkpt>
      <trkpt lat="53.254089" lon="-1.044722">
        <ele>53.4</ele>
        <time>2026-09-14T04:53:59.076Z</time>
      </trkpt>
      <trkpt lat="53.253369" lon="-1.046524">
        <ele>54.6</ele>
        <time>2026-09-14T04:55:30.306Z</time>
      </trkpt>
      <trkpt lat="53.253037" lon="-1.047902">
        <ele>54.5</ele>
        <time>2026-09-14T04:56:32.729Z</time>
      </trkpt>
      <trkpt lat="53.252617" lon="-1.051043">
        <ele>48.6</ele>
        <time>2026-09-14T04:58:32.457Z</time>
      </trkpt>
      <trkpt lat="53.252525" lon="-1.051112">
        <ele>48.6</ele>
        <time>2026-09-14T04:58:38.574Z</time>
      </trkpt>
      <trkpt lat="53.252501" lon="-1.051388">
        <ele>48.7</ele>
        <time>2026-09-14T04:58:50.226Z</time>
      </trkpt>
      <trkpt lat="53.251775" lon="-1.053037">
        <ele>51.6</ele>
        <time>2026-09-14T05:00:21.878Z</time>
      </trkpt>
      <trkpt lat="53.250828" lon="-1.05484">
        <ele>56.2</ele>
        <time>2026-09-14T05:02:12.704Z</time>
      </trkpt>
      <trkpt lat="53.250828" lon="-1.055011">
        <ele>56.6</ele>
        <time>2026-09-14T05:02:20.730Z</time>
      </trkpt>
      <trkpt lat="53.250531" lon="-1.055608">
        <ele>58</ele>
        <time>2026-09-14T05:02:57.071Z</time>
      </trkpt>
      <trkpt lat="53.250224" lon="-1.056024">
        <ele>59</ele>
        <time>2026-09-14T05:03:27.552Z</time>
      </trkpt>
      <trkpt lat="53.2491" lon="-1.058375">
        <ele>63.6</ele>
        <time>2026-09-14T05:05:45.159Z</time>
      </trkpt>
      <trkpt lat="53.24827" lon="-1.059652">
        <ele>62.9</ele>
        <time>2026-09-14T05:07:07.260Z</time>
      </trkpt>
      <trkpt lat="53.247345" lon="-1.061474">
        <ele>65.3</ele>
        <time>2026-09-14T05:08:48.389Z</time>
      </trkpt>
      <trkpt lat="53.246735" lon="-1.062824">
        <ele>65.2</ele>
        <time>2026-09-14T05:10:00.849Z</time>
      </trkpt>
      <trkpt lat="53.246468" lon="-1.063114">
        <ele>66.1</ele>
        <time>2026-09-14T05:10:23.311Z</time>
      </trkpt>
      <trkpt lat="53.24562" lon="-1.064497">
        <ele>67.6</ele>
        <time>2026-09-14T05:11:50.494Z</time>
      </trkpt>
      <trkpt lat="53.245091" lon="-1.065464">
        <ele>68.6</ele>
        <time>2026-09-14T05:12:47.402Z</time>
      </trkpt>
      <trkpt lat="53.244736" lon="-1.065718">
        <ele>68.6</ele>
        <time>2026-09-14T05:13:14.941Z</time>
      </trkpt>
      <trkpt lat="53.243783" lon="-1.066974">
        <ele>69.8</ele>
        <time>2026-09-14T05:14:41.110Z</time>
      </trkpt>
      <trkpt lat="53.241934" lon="-1.070077">
        <ele>74.7</ele>
        <time>2026-09-14T05:17:53.879Z</time>
      </trkpt>
      <trkpt lat="53.240939" lon="-1.072159">
        <ele>74.9</ele>
        <time>2026-09-14T05:19:49.327Z</time>
      </trkpt>
      <trkpt lat="53.240547" lon="-1.07415">
        <ele>75.8</ele>
        <time>2026-09-14T05:21:16.974Z</time>
      </trkpt>
      <trkpt lat="53.240192" lon="-1.075899">
        <ele>75.1</ele>
        <time>2026-09-14T05:22:33.176Z</time>
      </trkpt>
      <trkpt lat="53.240085" lon="-1.076132">
        <ele>75.1</ele>
        <time>2026-09-14T05:22:44.951Z</time>
      </trkpt>
      <trkpt lat="53.239655" lon="-1.078318">
        <ele>73.5</ele>
        <time>2026-09-14T05:24:15.164Z</time>
      </trkpt>
      <trkpt lat="53.238994" lon="-1.080813">
        <ele>72.8</ele>
        <time>2026-09-14T05:26:03.472Z</time>
      </trkpt>
      <trkpt lat="53.238999" lon="-1.081042">
        <ele>72.9</ele>
        <time>2026-09-14T05:26:12.848Z</time>
      </trkpt>
      <trkpt lat="53.238853" lon="-1.081296">
        <ele>73.3</ele>
        <time>2026-09-14T05:26:28.254Z</time>
      </trkpt>
      <trkpt lat="53.238474" lon="-1.08277">
        <ele>74.1</ele>
        <time>2026-09-14T05:27:37.136Z</time>
      </trkpt>
      <trkpt lat="53.238238" lon="-1.083858">
        <ele>73.5</ele>
        <time>2026-09-14T05:28:24.965Z</time>
      </trkpt>
      <trkpt lat="53.238239" lon="-1.084116">
        <ele>73.2</ele>
        <time>2026-09-14T05:28:34.944Z</time>
      </trkpt>
      <trkpt lat="53.238137" lon="-1.084273">
        <ele>72.8</ele>
        <time>2026-09-14T05:28:43.461Z</time>
      </trkpt>
      <trkpt lat="53.237699" lon="-1.086509">
        <ele>71.7</ele>
        <time>2026-09-14T05:30:15.584Z</time>
      </trkpt>
      <trkpt lat="53.237327" lon="-1.089649">
        <ele>72.5</ele>
        <time>2026-09-14T05:32:26.628Z</time>
      </trkpt>
      <trkpt lat="53.23732" lon="-1.092252">
        <ele>74.6</ele>
        <time>2026-09-14T05:34:17.638Z</time>
      </trkpt>
      <trkpt lat="53.237242" lon="-1.093045">
        <ele>75.3</ele>
        <time>2026-09-14T05:34:52.702Z</time>
      </trkpt>
      <trkpt lat="53.236774" lon="-1.096093">
        <ele>77.2</ele>
        <time>2026-09-14T05:37:08.428Z</time>
      </trkpt>
      <trkpt lat="53.236582" lon="-1.098526">
        <ele>75.8</ele>
        <time>2026-09-14T05:38:49.983Z</time>
      </trkpt>
      <trkpt lat="53.236403" lon="-1.099161">
        <ele>75.6</ele>
        <time>2026-09-14T05:39:17.740Z</time>
      </trkpt>
      <trkpt lat="53.236241" lon="-1.100733">
        <ele>74.7</ele>
        <time>2026-09-14T05:40:20.956Z</time>
      </trkpt>
      <trkpt lat="53.235951" lon="-1.102057">
        <ele>74.5</ele>
        <time>2026-09-14T05:41:17.321Z</time>
      </trkpt>
      <trkpt lat="53.235963" lon="-1.102631">
        <ele>74.6</ele>
        <time>2026-09-14T05:41:40.841Z</time>
      </trkpt>
      <trkpt lat="53.235738" lon="-1.103795">
        <ele>75.8</ele>
        <time>2026-09-14T05:42:33.846Z</time>
      </trkpt>
      <trkpt lat="53.235804" lon="-1.104014">
        <ele>75.8</ele>
        <time>2026-09-14T05:42:44.494Z</time>
      </trkpt>
      <trkpt lat="53.23578" lon="-1.1039">
        <ele>75.8</ele>
        <time>2026-09-14T05:42:49.461Z</time>
      </trkpt>
      <trkpt lat="53.235749" lon="-1.104346">
        <ele>75.8</ele>
        <time>2026-09-14T05:43:07.919Z</time>
      </trkpt>
      <trkpt lat="53.235684" lon="-1.104216">
        <ele>75.8</ele>
        <time>2026-09-14T05:43:14.882Z</time>
      </trkpt>
      <trkpt lat="53.235772" lon="-1.103794">
        <ele>75.8</ele>
        <time>2026-09-14T05:43:33.252Z</time>
      </trkpt>
      <trkpt lat="53.235254" lon="-1.103147">
        <ele>75.6</ele>
        <time>2026-09-14T05:44:17.278Z</time>
      </trkpt>
      <trkpt lat="53.234385" lon="-1.101472">
        <ele>76.8</ele>
        <time>2026-09-14T05:45:50.478Z</time>
      </trkpt>
      <trkpt lat="53.232892" lon="-1.099746">
        <ele>62.5</ele>
        <time>2026-09-14T05:47:32.837Z</time>
      </trkpt>
      <trkpt lat="53.232681" lon="-1.099377">
        <ele>61.3</ele>
        <time>2026-09-14T05:47:47.769Z</time>
      </trkpt>
      <trkpt lat="53.230785" lon="-1.097501">
        <ele>53.4</ele>
        <time>2026-09-14T05:49:55.274Z</time>
      </trkpt>
      <trkpt lat="53.229204" lon="-1.096328">
        <ele>46.4</ele>
        <time>2026-09-14T05:51:34.598Z</time>
      </trkpt>
      <trkpt lat="53.22851" lon="-1.09606">
        <ele>44.9</ele>
        <time>2026-09-14T05:52:16.105Z</time>
      </trkpt>
      <trkpt lat="53.228296" lon="-1.095774">
        <ele>44.7</ele>
        <time>2026-09-14T05:52:33.480Z</time>
      </trkpt>
      <trkpt lat="53.226032" lon="-1.095766">
        <ele>44.6</ele>
        <time>2026-09-14T05:55:08.151Z</time>
      </trkpt>
      <trkpt lat="53.224104" lon="-1.096388">
        <ele>49.6</ele>
        <time>2026-09-14T05:57:30.022Z</time>
      </trkpt>
      <trkpt lat="53.222238" lon="-1.096773">
        <ele>54.5</ele>
        <time>2026-09-14T05:59:53.850Z</time>
      </trkpt>
      <trkpt lat="53.220201" lon="-1.097463">
        <ele>58.8</ele>
        <time>2026-09-14T06:02:31.309Z</time>
      </trkpt>
      <trkpt lat="53.21941" lon="-1.097456">
        <ele>61.4</ele>
        <time>2026-09-14T06:03:31.422Z</time>
      </trkpt>
      <trkpt lat="53.219425" lon="-1.096998">
        <ele>61.6</ele>
        <time>2026-09-14T06:03:52.472Z</time>
      </trkpt>
      <trkpt lat="53.21925" lon="-1.095778">
        <ele>63.1</ele>
        <time>2026-09-14T06:04:47.879Z</time>
      </trkpt>
      <trkpt lat="53.219284" lon="-1.095377">
        <ele>62.8</ele>
        <time>2026-09-14T06:05:05.434Z</time>
      </trkpt>
      <trkpt lat="53.219103" lon="-1.092476">
        <ele>60.1</ele>
        <time>2026-09-14T06:06:57.295Z</time>
      </trkpt>
      <trkpt lat="53.21892" lon="-1.091313">
        <ele>58.4</ele>
        <time>2026-09-14T06:07:42.812Z</time>
      </trkpt>
      <trkpt lat="53.218925" lon="-1.090677">
        <ele>56.9</ele>
        <time>2026-09-14T06:08:05.626Z</time>
      </trkpt>
      <trkpt lat="53.218794" lon="-1.089615">
        <ele>54.6</ele>
        <time>2026-09-14T06:08:43.079Z</time>
      </trkpt>
      <trkpt lat="53.218827" lon="-1.088635">
        <ele>52.8</ele>
        <time>2026-09-14T06:09:17.600Z</time>
      </trkpt>
      <trkpt lat="53.218734" lon="-1.087431">
        <ele>51.5</ele>
        <time>2026-09-14T06:10:02.308Z</time>
      </trkpt>
      <trkpt lat="53.218234" lon="-1.083526">
        <ele>56.2</ele>
        <time>2026-09-14T06:12:54.557Z</time>
      </trkpt>
      <trkpt lat="53.217919" lon="-1.079593">
        <ele>55.3</ele>
        <time>2026-09-14T06:15:43.581Z</time>
      </trkpt>
      <trkpt lat="53.217756" lon="-1.079472">
        <ele>55.2</ele>
        <time>2026-09-14T06:15:55.616Z</time>
      </trkpt>
      <trkpt lat="53.217546" lon="-1.078797">
        <ele>55.6</ele>
        <time>2026-09-14T06:16:27.564Z</time>
      </trkpt>
      <trkpt lat="53.212016" lon="-1.073372">
        <ele>61.2</ele>
        <time>2026-09-14T06:24:05.332Z</time>
      </trkpt>
      <trkpt lat="53.21159" lon="-1.072942">
        <ele>62.5</ele>
        <time>2026-09-14T06:24:41.052Z</time>
      </trkpt>
      <trkpt lat="53.210381" lon="-1.071776">
        <ele>65.4</ele>
        <time>2026-09-14T06:26:26.381Z</time>
      </trkpt>
      <trkpt lat="53.209616" lon="-1.071575">
        <ele>64.7</ele>
        <time>2026-09-14T06:27:21.986Z</time>
      </trkpt>
      <trkpt lat="53.209377" lon="-1.071628">
        <ele>64.4</ele>
        <time>2026-09-14T06:27:37.813Z</time>
      </trkpt>
      <trkpt lat="53.209096" lon="-1.071425">
        <ele>64</ele>
        <time>2026-09-14T06:27:57.637Z</time>
      </trkpt>
      <trkpt lat="53.208865" lon="-1.071492">
        <ele>63.4</ele>
        <time>2026-09-14T06:28:12.413Z</time>
      </trkpt>
      <trkpt lat="53.207496" lon="-1.071269">
        <ele>56.6</ele>
        <time>2026-09-14T06:29:28.401Z</time>
      </trkpt>
      <trkpt lat="53.207252" lon="-1.071116">
        <ele>56.5</ele>
        <time>2026-09-14T06:29:43.061Z</time>
      </trkpt>
      <trkpt lat="53.2068" lon="-1.071125">
        <ele>58</ele>
        <time>2026-09-14T06:30:16.822Z</time>
      </trkpt>
      <trkpt lat="53.206676" lon="-1.071278">
        <ele>58.7</ele>
        <time>2026-09-14T06:30:29.244Z</time>
      </trkpt>
      <trkpt lat="53.20646" lon="-1.071019">
        <ele>60</ele>
        <time>2026-09-14T06:30:51.195Z</time>
      </trkpt>
      <trkpt lat="53.205757" lon="-1.07086">
        <ele>61.1</ele>
        <time>2026-09-14T06:31:45.814Z</time>
      </trkpt>
      <trkpt lat="53.205686" lon="-1.070724">
        <ele>60.9</ele>
        <time>2026-09-14T06:31:53.145Z</time>
      </trkpt>
      <trkpt lat="53.205724" lon="-1.070611">
        <ele>60.6</ele>
        <time>2026-09-14T06:31:57.672Z</time>
      </trkpt>
      <trkpt lat="53.205723" lon="-1.070618">
        <ele>60.1</ele>
        <time>2026-09-14T06:31:57.923Z</time>
      </trkpt>
      <trkpt lat="53.205801" lon="-1.070751">
        <ele>59.8</ele>
        <time>2026-09-14T06:32:04.426Z</time>
      </trkpt>
      <trkpt lat="53.205707" lon="-1.070822">
        <ele>59.7</ele>
        <time>2026-09-14T06:32:11.139Z</time>
      </trkpt>
      <trkpt lat="53.205444" lon="-1.070681">
        <ele>60.3</ele>
        <time>2026-09-14T06:32:29.214Z</time>
      </trkpt>
      <trkpt lat="53.205522" lon="-1.070666">
        <ele>60.3</ele>
        <time>2026-09-14T06:32:34.870Z</time>
      </trkpt>
      <trkpt lat="53.205486" lon="-1.071803">
        <ele>61.1</ele>
        <time>2026-09-14T06:33:24.538Z</time>
      </trkpt>
      <trkpt lat="53.205291" lon="-1.07241">
        <ele>61.8</ele>
        <time>2026-09-14T06:33:54.610Z</time>
      </trkpt>
      <trkpt lat="53.204953" lon="-1.072842">
        <ele>63.3</ele>
        <time>2026-09-14T06:34:27.234Z</time>
      </trkpt>
      <trkpt lat="53.20496" lon="-1.073687">
        <ele>64.2</ele>
        <time>2026-09-14T06:35:05.954Z</time>
      </trkpt>
      <trkpt lat="53.204484" lon="-1.076195">
        <ele>69.7</ele>
        <time>2026-09-14T06:37:08.773Z</time>
      </trkpt>
      <trkpt lat="53.204277" lon="-1.077843">
        <ele>67.6</ele>
        <time>2026-09-14T06:38:22.122Z</time>
      </trkpt>
      <trkpt lat="53.205156" lon="-1.079018">
        <ele>70.7</ele>
        <time>2026-09-14T06:39:41.088Z</time>
      </trkpt>
      <trkpt lat="53.206364" lon="-1.081282">
        <ele>69.2</ele>
        <time>2026-09-14T06:41:48.866Z</time>
      </trkpt>
      <trkpt lat="53.20762" lon="-1.082934">
        <ele>65.5</ele>
        <time>2026-09-14T06:43:31.210Z</time>
      </trkpt>
      <trkpt lat="53.209025" lon="-1.08568">
        <ele>68.8</ele>
        <time>2026-09-14T06:45:59.062Z</time>
      </trkpt>
      <trkpt lat="53.209389" lon="-1.086855">
        <ele>70.2</ele>
        <time>2026-09-14T06:46:57.342Z</time>
      </trkpt>
      <trkpt lat="53.209524" lon="-1.08752">
        <ele>70.7</ele>
        <time>2026-09-14T06:47:28.245Z</time>
      </trkpt>
      <trkpt lat="53.210324" lon="-1.089385">
        <ele>72.8</ele>
        <time>2026-09-14T06:49:08.719Z</time>
      </trkpt>
      <trkpt lat="53.21058" lon="-1.09073">
        <ele>73.8</ele>
        <time>2026-09-14T06:50:10.395Z</time>
      </trkpt>
      <trkpt lat="53.2106" lon="-1.092124">
        <ele>76.3</ele>
        <time>2026-09-14T06:51:13.060Z</time>
      </trkpt>
      <trkpt lat="53.210768" lon="-1.093657">
        <ele>76.9</ele>
        <time>2026-09-14T06:52:22.174Z</time>
      </trkpt>
      <trkpt lat="53.209616" lon="-1.093737">
        <ele>79.3</ele>
        <time>2026-09-14T06:53:46.456Z</time>
      </trkpt>
      <trkpt lat="53.209099" lon="-1.093926">
        <ele>79.1</ele>
        <time>2026-09-14T06:54:24.933Z</time>
      </trkpt>
      <trkpt lat="53.207908" lon="-1.093929">
        <ele>76.9</ele>
        <time>2026-09-14T06:55:41.629Z</time>
      </trkpt>
      <trkpt lat="53.206337" lon="-1.093751">
        <ele>73.6</ele>
        <time>2026-09-14T06:57:20.207Z</time>
      </trkpt>
      <trkpt lat="53.204638" lon="-1.093805">
        <ele>79.1</ele>
        <time>2026-09-14T06:59:20.442Z</time>
      </trkpt>
      <trkpt lat="53.201907" lon="-1.093612">
        <ele>92.8</ele>
        <time>2026-09-14T07:03:03.003Z</time>
      </trkpt>
      <trkpt lat="53.201711" lon="-1.093574">
        <ele>93.2</ele>
        <time>2026-09-14T07:03:19.145Z</time>
      </trkpt>
      <trkpt lat="53.201719" lon="-1.093247">
        <ele>93.1</ele>
        <time>2026-09-14T07:03:33.069Z</time>
      </trkpt>
      <trkpt lat="53.20067" lon="-1.093081">
        <ele>89.8</ele>
        <time>2026-09-14T07:04:38.770Z</time>
      </trkpt>
      <trkpt lat="53.197485" lon="-1.093115">
        <ele>77.9</ele>
        <time>2026-09-14T07:07:43.428Z</time>
      </trkpt>
      <trkpt lat="53.193972" lon="-1.093034">
        <ele>79</ele>
        <time>2026-09-14T07:11:27.360Z</time>
      </trkpt>
      <trkpt lat="53.191071" lon="-1.092925">
        <ele>73.8</ele>
        <time>2026-09-14T07:14:40.937Z</time>
      </trkpt>
      <trkpt lat="53.191033" lon="-1.093757">
        <ele>72.9</ele>
        <time>2026-09-14T07:15:12.529Z</time>
      </trkpt>
      <trkpt lat="53.190763" lon="-1.09467">
        <ele>71.4</ele>
        <time>2026-09-14T07:15:50.404Z</time>
      </trkpt>
      <trkpt lat="53.190585" lon="-1.096229">
        <ele>67.8</ele>
        <time>2026-09-14T07:16:46.384Z</time>
      </trkpt>
      <trkpt lat="53.190342" lon="-1.096922">
        <ele>65.9</ele>
        <time>2026-09-14T07:17:13.936Z</time>
      </trkpt>
      <trkpt lat="53.190546" lon="-1.097851">
        <ele>65.4</ele>
        <time>2026-09-14T07:17:50.615Z</time>
      </trkpt>
      <trkpt lat="53.191251" lon="-1.09963">
        <ele>67.3</ele>
        <time>2026-09-14T07:19:21.336Z</time>
      </trkpt>
      <trkpt lat="53.19186" lon="-1.101718">
        <ele>69.9</ele>
        <time>2026-09-14T07:21:04.087Z</time>
      </trkpt>
      <trkpt lat="53.192478" lon="-1.103406">
        <ele>72.1</ele>
        <time>2026-09-14T07:22:32.246Z</time>
      </trkpt>
      <trkpt lat="53.192497" lon="-1.103584">
        <ele>72.2</ele>
        <time>2026-09-14T07:22:40.254Z</time>
      </trkpt>
      <trkpt lat="53.192414" lon="-1.103696">
        <ele>72.3</ele>
        <time>2026-09-14T07:22:47.961Z</time>
      </trkpt>
      <trkpt lat="53.19247" lon="-1.104201">
        <ele>72.7</ele>
        <time>2026-09-14T07:23:10.181Z</time>
      </trkpt>
      <trkpt lat="53.193451" lon="-1.107674">
        <ele>76.9</ele>
        <time>2026-09-14T07:26:00.379Z</time>
      </trkpt>
      <trkpt lat="53.193512" lon="-1.109143">
        <ele>78.4</ele>
        <time>2026-09-14T07:27:05.809Z</time>
      </trkpt>
      <trkpt lat="53.193421" lon="-1.110017">
        <ele>79.2</ele>
        <time>2026-09-14T07:27:44.963Z</time>
      </trkpt>
      <trkpt lat="53.193364" lon="-1.111">
        <ele>80.6</ele>
        <time>2026-09-14T07:28:29.144Z</time>
      </trkpt>
      <trkpt lat="53.193549" lon="-1.11256">
        <ele>83.4</ele>
        <time>2026-09-14T07:29:42.427Z</time>
      </trkpt>
      <trkpt lat="53.193526" lon="-1.11419">
        <ele>86.6</ele>
        <time>2026-09-14T07:30:58.662Z</time>
      </trkpt>
      <trkpt lat="53.193765" lon="-1.115511">
        <ele>90.5</ele>
        <time>2026-09-14T07:32:05.094Z</time>
      </trkpt>
      <trkpt lat="53.193748" lon="-1.115918">
        <ele>92.2</ele>
        <time>2026-09-14T07:32:25.562Z</time>
      </trkpt>
      <trkpt lat="53.194001" lon="-1.116576">
        <ele>93</ele>
        <time>2026-09-14T07:33:02.645Z</time>
      </trkpt>
      <trkpt lat="53.193933" lon="-1.116789">
        <ele>93.3</ele>
        <time>2026-09-14T07:33:13.382Z</time>
      </trkpt>
      <trkpt lat="53.193981" lon="-1.116936">
        <ele>93.5</ele>
        <time>2026-09-14T07:33:20.386Z</time>
      </trkpt>
      <trkpt lat="53.194117" lon="-1.116502">
        <ele>93.2</ele>
        <time>2026-09-14T07:33:40.876Z</time>
      </trkpt>
      <trkpt lat="53.194281" lon="-1.116381">
        <ele>93</ele>
        <time>2026-09-14T07:33:52.902Z</time>
      </trkpt>
      <trkpt lat="53.194565" lon="-1.115778">
        <ele>92.6</ele>
        <time>2026-09-14T07:34:23.132Z</time>
      </trkpt>
      <trkpt lat="53.194757" lon="-1.115584">
        <ele>92.5</ele>
        <time>2026-09-14T07:34:38.041Z</time>
      </trkpt>
      <trkpt lat="53.194949" lon="-1.11509">
        <ele>92.3</ele>
        <time>2026-09-14T07:35:01.758Z</time>
      </trkpt>
      <trkpt lat="53.195009" lon="-1.11508">
        <ele>92.3</ele>
        <time>2026-09-14T07:35:05.874Z</time>
      </trkpt>
      <trkpt lat="53.195036" lon="-1.115318">
        <ele>92.4</ele>
        <time>2026-09-14T07:35:15.781Z</time>
      </trkpt>
      <trkpt lat="53.194968" lon="-1.115305">
        <ele>92.4</ele>
        <time>2026-09-14T07:35:20.520Z</time>
      </trkpt>
      <trkpt lat="53.195059" lon="-1.115167">
        <ele>92.4</ele>
        <time>2026-09-14T07:35:29.125Z</time>
      </trkpt>
      <trkpt lat="53.194972" lon="-1.114992">
        <ele>92.4</ele>
        <time>2026-09-14T07:35:38.660Z</time>
      </trkpt>
      <trkpt lat="53.195147" lon="-1.114958">
        <ele>92.6</ele>
        <time>2026-09-14T07:35:50.976Z</time>
      </trkpt>
      <trkpt lat="53.195575" lon="-1.114241">
        <ele>93.9</ele>
        <time>2026-09-14T07:36:35.304Z</time>
      </trkpt>
      <trkpt lat="53.196322" lon="-1.113333">
        <ele>93.3</ele>
        <time>2026-09-14T07:37:40.076Z</time>
      </trkpt>
      <trkpt lat="53.196826" lon="-1.113069">
        <ele>93.3</ele>
        <time>2026-09-14T07:38:15.682Z</time>
      </trkpt>
      <trkpt lat="53.197345" lon="-1.112503">
        <ele>92.9</ele>
        <time>2026-09-14T07:38:57.594Z</time>
      </trkpt>
      <trkpt lat="53.197516" lon="-1.112487">
        <ele>93.1</ele>
        <time>2026-09-14T07:39:09.223Z</time>
      </trkpt>
      <trkpt lat="53.198639" lon="-1.111482">
        <ele>95.2</ele>
        <time>2026-09-14T07:40:42.957Z</time>
      </trkpt>
      <trkpt lat="53.198819" lon="-1.111201">
        <ele>95.7</ele>
        <time>2026-09-14T07:41:01.175Z</time>
      </trkpt>
      <trkpt lat="53.200246" lon="-1.110352">
        <ele>93</ele>
        <time>2026-09-14T07:42:39.403Z</time>
      </trkpt>
      <trkpt lat="53.200414" lon="-1.110356">
        <ele>92.9</ele>
        <time>2026-09-14T07:42:50.085Z</time>
      </trkpt>
      <trkpt lat="53.20201" lon="-1.10941">
        <ele>85.2</ele>
        <time>2026-09-14T07:44:25.472Z</time>
      </trkpt>
      <trkpt lat="53.202261" lon="-1.109128">
        <ele>83.8</ele>
        <time>2026-09-14T07:44:42.216Z</time>
      </trkpt>
      <trkpt lat="53.203097" lon="-1.108762">
        <ele>87.8</ele>
        <time>2026-09-14T07:45:47.444Z</time>
      </trkpt>
      <trkpt lat="53.20446" lon="-1.107802">
        <ele>88.2</ele>
        <time>2026-09-14T07:47:37.545Z</time>
      </trkpt>
      <trkpt lat="53.204736" lon="-1.107482">
        <ele>88.3</ele>
        <time>2026-09-14T07:48:00.910Z</time>
      </trkpt>
      <trkpt lat="53.20651" lon="-1.106315">
        <ele>91.5</ele>
        <time>2026-09-14T07:50:20.483Z</time>
      </trkpt>
      <trkpt lat="53.206714" lon="-1.106072">
        <ele>91.5</ele>
        <time>2026-09-14T07:50:38.835Z</time>
      </trkpt>
      <trkpt lat="53.206845" lon="-1.105404">
        <ele>91.9</ele>
        <time>2026-09-14T07:51:08.522Z</time>
      </trkpt>
      <trkpt lat="53.206904" lon="-1.105326">
        <ele>91.9</ele>
        <time>2026-09-14T07:51:13.878Z</time>
      </trkpt>
      <trkpt lat="53.208391" lon="-1.106074">
        <ele>91.3</ele>
        <time>2026-09-14T07:52:58.776Z</time>
      </trkpt>
      <trkpt lat="53.208951" lon="-1.106137">
        <ele>90.1</ele>
        <time>2026-09-14T07:53:35.853Z</time>
      </trkpt>
      <trkpt lat="53.209361" lon="-1.10596">
        <ele>89.2</ele>
        <time>2026-09-14T07:54:02.183Z</time>
      </trkpt>
      <trkpt lat="53.209891" lon="-1.105936">
        <ele>88.3</ele>
        <time>2026-09-14T07:54:35.536Z</time>
      </trkpt>
      <trkpt lat="53.21063" lon="-1.105595">
        <ele>86.4</ele>
        <time>2026-09-14T07:55:23.146Z</time>
      </trkpt>
      <trkpt lat="53.211003" lon="-1.105236">
        <ele>85.1</ele>
        <time>2026-09-14T07:55:49.227Z</time>
      </trkpt>
      <trkpt lat="53.211566" lon="-1.10442">
        <ele>82.9</ele>
        <time>2026-09-14T07:56:33.737Z</time>
      </trkpt>
      <trkpt lat="53.211969" lon="-1.104144">
        <ele>82.1</ele>
        <time>2026-09-14T07:57:00.294Z</time>
      </trkpt>
      <trkpt lat="53.21288" lon="-1.103899">
        <ele>80.1</ele>
        <time>2026-09-14T07:57:57.862Z</time>
      </trkpt>
      <trkpt lat="53.213444" lon="-1.103819">
        <ele>77.9</ele>
        <time>2026-09-14T07:58:31.909Z</time>
      </trkpt>
      <trkpt lat="53.214282" lon="-1.103841">
        <ele>74.4</ele>
        <time>2026-09-14T07:59:19.408Z</time>
      </trkpt>
      <trkpt lat="53.216069" lon="-1.103512">
        <ele>66.8</ele>
        <time>2026-09-14T08:01:00.562Z</time>
      </trkpt>
      <trkpt lat="53.216644" lon="-1.103506">
        <ele>64.5</ele>
        <time>2026-09-14T08:01:32.975Z</time>
      </trkpt>
      <trkpt lat="53.21708" lon="-1.103574">
        <ele>63</ele>
        <time>2026-09-14T08:01:58.162Z</time>
      </trkpt>
      <trkpt lat="53.217991" lon="-1.104051">
        <ele>60.2</ele>
        <time>2026-09-14T08:02:54.857Z</time>
      </trkpt>
      <trkpt lat="53.218556" lon="-1.104138">
        <ele>58.8</ele>
        <time>2026-09-14T08:03:29.088Z</time>
      </trkpt>
      <trkpt lat="53.21889" lon="-1.104449">
        <ele>58</ele>
        <time>2026-09-14T08:03:52.656Z</time>
      </trkpt>
      <trkpt lat="53.219516" lon="-1.104466">
        <ele>56</ele>
        <time>2026-09-14T08:04:30.397Z</time>
      </trkpt>
      <trkpt lat="53.21982" lon="-1.104708">
        <ele>55.2</ele>
        <time>2026-09-14T08:04:50.569Z</time>
      </trkpt>
      <trkpt lat="53.220567" lon="-1.104672">
        <ele>53.5</ele>
        <time>2026-09-14T08:05:36.648Z</time>
      </trkpt>
      <trkpt lat="53.220814" lon="-1.10481">
        <ele>52.9</ele>
        <time>2026-09-14T08:05:52.725Z</time>
      </trkpt>
      <trkpt lat="53.221013" lon="-1.104701">
        <ele>52.6</ele>
        <time>2026-09-14T08:06:05.882Z</time>
      </trkpt>
      <trkpt lat="53.222244" lon="-1.104964">
        <ele>50.1</ele>
        <time>2026-09-14T08:07:23.794Z</time>
      </trkpt>
      <trkpt lat="53.222605" lon="-1.10493">
        <ele>49.3</ele>
        <time>2026-09-14T08:07:46.354Z</time>
      </trkpt>
      <trkpt lat="53.222707" lon="-1.104804">
        <ele>49.1</ele>
        <time>2026-09-14T08:07:54.274Z</time>
      </trkpt>
      <trkpt lat="53.223485" lon="-1.105173">
        <ele>47.8</ele>
        <time>2026-09-14T08:08:45.844Z</time>
      </trkpt>
      <trkpt lat="53.223717" lon="-1.105429">
        <ele>47.4</ele>
        <time>2026-09-14T08:09:03.606Z</time>
      </trkpt>
      <trkpt lat="53.224391" lon="-1.105472">
        <ele>46.4</ele>
        <time>2026-09-14T08:09:46.888Z</time>
      </trkpt>
      <trkpt lat="53.225833" lon="-1.106466">
        <ele>43.8</ele>
        <time>2026-09-14T08:11:26.321Z</time>
      </trkpt>
      <trkpt lat="53.226737" lon="-1.106746">
        <ele>44</ele>
        <time>2026-09-14T08:12:26.726Z</time>
      </trkpt>
      <trkpt lat="53.226945" lon="-1.106683">
        <ele>44</ele>
        <time>2026-09-14T08:12:41.360Z</time>
      </trkpt>
      <trkpt lat="53.227524" lon="-1.107074">
        <ele>45.6</ele>
        <time>2026-09-14T08:13:27.909Z</time>
      </trkpt>
      <trkpt lat="53.22806" lon="-1.107847">
        <ele>47.3</ele>
        <time>2026-09-14T08:14:21.872Z</time>
      </trkpt>
      <trkpt lat="53.228735" lon="-1.109349">
        <ele>50</ele>
        <time>2026-09-14T08:15:47.302Z</time>
      </trkpt>
      <trkpt lat="53.229404" lon="-1.109936">
        <ele>51.5</ele>
        <time>2026-09-14T08:16:44.348Z</time>
      </trkpt>
      <trkpt lat="53.229542" lon="-1.110242">
        <ele>52.3</ele>
        <time>2026-09-14T08:17:01.729Z</time>
      </trkpt>
      <trkpt lat="53.230179" lon="-1.110952">
        <ele>55.2</ele>
        <time>2026-09-14T08:18:02.803Z</time>
      </trkpt>
      <trkpt lat="53.230347" lon="-1.111262">
        <ele>55.5</ele>
        <time>2026-09-14T08:18:22.366Z</time>
      </trkpt>
      <trkpt lat="53.230408" lon="-1.11162">
        <ele>56.2</ele>
        <time>2026-09-14T08:18:39.106Z</time>
      </trkpt>
      <trkpt lat="53.230756" lon="-1.110908">
        <ele>58.1</ele>
        <time>2026-09-14T08:19:22.444Z</time>
      </trkpt>
      <trkpt lat="53.230986" lon="-1.110856">
        <ele>59.3</ele>
        <time>2026-09-14T08:19:41.110Z</time>
      </trkpt>
      <trkpt lat="53.231212" lon="-1.110418">
        <ele>61.3</ele>
        <time>2026-09-14T08:20:10.355Z</time>
      </trkpt>
      <trkpt lat="53.23153" lon="-1.11017">
        <ele>63.1</ele>
        <time>2026-09-14T08:20:39.935Z</time>
      </trkpt>
      <trkpt lat="53.231777" lon="-1.109657">
        <ele>64.2</ele>
        <time>2026-09-14T08:21:11.554Z</time>
      </trkpt>
      <trkpt lat="53.231777" lon="-1.1099">
        <ele>64.6</ele>
        <time>2026-09-14T08:21:22.733Z</time>
      </trkpt>
      <trkpt lat="53.231901" lon="-1.109857">
        <ele>64.9</ele>
        <time>2026-09-14T08:21:32.432Z</time>
      </trkpt>
      <trkpt lat="53.231955" lon="-1.109624">
        <ele>65.3</ele>
        <time>2026-09-14T08:21:43.804Z</time>
      </trkpt>
      <trkpt lat="53.232178" lon="-1.109477">
        <ele>65.8</ele>
        <time>2026-09-14T08:22:02.032Z</time>
      </trkpt>
      <trkpt lat="53.232361" lon="-1.10911">
        <ele>66.3</ele>
        <time>2026-09-14T08:22:23.478Z</time>
      </trkpt>
      <trkpt lat="53.232944" lon="-1.108455">
        <ele>67.5</ele>
        <time>2026-09-14T08:23:15.434Z</time>
      </trkpt>
      <trkpt lat="53.233298" lon="-1.107888">
        <ele>68.5</ele>
        <time>2026-09-14T08:23:51.883Z</time>
      </trkpt>
      <trkpt lat="53.233668" lon="-1.107011">
        <ele>70</ele>
        <time>2026-09-14T08:24:40.313Z</time>
      </trkpt>
      <trkpt lat="53.234276" lon="-1.106363">
        <ele>72</ele>
        <time>2026-09-14T08:25:35.464Z</time>
      </trkpt>
      <trkpt lat="53.23455" lon="-1.105663">
        <ele>73.4</ele>
        <time>2026-09-14T08:26:14.062Z</time>
      </trkpt>
      <trkpt lat="53.235182" lon="-1.104794">
        <ele>74.9</ele>
        <time>2026-09-14T08:27:15.765Z</time>
      </trkpt>
      <trkpt lat="53.235293" lon="-1.104496">
        <ele>75.2</ele>
        <time>2026-09-14T08:27:31.320Z</time>
      </trkpt>
      <trkpt lat="53.235717" lon="-1.104183">
        <ele>75.9</ele>
        <time>2026-09-14T08:28:05.270Z</time>
      </trkpt>
      <trkpt lat="53.235762" lon="-1.103961">
        <ele>75.8</ele>
        <time>2026-09-14T08:28:15.323Z</time>
      </trkpt>
      <trkpt lat="53.235774" lon="-1.103945">
        <ele>75.8</ele>
        <time>2026-09-14T08:28:16.368Z</time>
      </trkpt>
      <trkpt lat="53.235731" lon="-1.104555">
        <ele>75.8</ele>
        <time>2026-09-14T08:28:41.400Z</time>
      </trkpt>
      <trkpt lat="53.236" lon="-1.105169">
        <ele>75.4</ele>
        <time>2026-09-14T08:29:12.009Z</time>
      </trkpt>
      <trkpt lat="53.23776" lon="-1.107742">
        <ele>65.6</ele>
        <time>2026-09-14T08:31:27.171Z</time>
      </trkpt>
      <trkpt lat="53.23816" lon="-1.108087">
        <ele>64.6</ele>
        <time>2026-09-14T08:31:52.911Z</time>
      </trkpt>
      <trkpt lat="53.239192" lon="-1.109586">
        <ele>65.5</ele>
        <time>2026-09-14T08:33:26.597Z</time>
      </trkpt>
      <trkpt lat="53.239656" lon="-1.110646">
        <ele>59.8</ele>
        <time>2026-09-14T08:34:15.239Z</time>
      </trkpt>
      <trkpt lat="53.240027" lon="-1.111826">
        <ele>54.1</ele>
        <time>2026-09-14T08:34:54.415Z</time>
      </trkpt>
      <trkpt lat="53.240664" lon="-1.114523">
        <ele>60.8</ele>
        <time>2026-09-14T08:36:55.707Z</time>
      </trkpt>
      <trkpt lat="53.240701" lon="-1.115084">
        <ele>60.8</ele>
        <time>2026-09-14T08:37:22.185Z</time>
      </trkpt>
      <trkpt lat="53.240832" lon="-1.115504">
        <ele>60.5</ele>
        <time>2026-09-14T08:37:41.230Z</time>
      </trkpt>
      <trkpt lat="53.24081" lon="-1.115912">
        <ele>60.6</ele>
        <time>2026-09-14T08:37:57.781Z</time>
      </trkpt>
      <trkpt lat="53.240976" lon="-1.116461">
        <ele>61.5</ele>
        <time>2026-09-14T08:38:24.903Z</time>
      </trkpt>
      <trkpt lat="53.240955" lon="-1.116932">
        <ele>62</ele>
        <time>2026-09-14T08:38:46.171Z</time>
      </trkpt>
      <trkpt lat="53.241072" lon="-1.117182">
        <ele>61.7</ele>
        <time>2026-09-14T08:38:59.464Z</time>
      </trkpt>
      <trkpt lat="53.24123" lon="-1.118069">
        <ele>57.7</ele>
        <time>2026-09-14T08:39:28.418Z</time>
      </trkpt>
      <trkpt lat="53.241167" lon="-1.118592">
        <ele>55.1</ele>
        <time>2026-09-14T08:39:43.862Z</time>
      </trkpt>
      <trkpt lat="53.241403" lon="-1.119513">
        <ele>53.8</ele>
        <time>2026-09-14T08:40:17.543Z</time>
      </trkpt>
      <trkpt lat="53.24136" lon="-1.119776">
        <ele>54.3</ele>
        <time>2026-09-14T08:40:28.221Z</time>
      </trkpt>
      <trkpt lat="53.241502" lon="-1.120391">
        <ele>54.6</ele>
        <time>2026-09-14T08:40:57.053Z</time>
      </trkpt>
      <trkpt lat="53.24142" lon="-1.120739">
        <ele>54.7</ele>
        <time>2026-09-14T08:41:12.872Z</time>
      </trkpt>
      <trkpt lat="53.241644" lon="-1.121723">
        <ele>53.4</ele>
        <time>2026-09-14T08:41:53.424Z</time>
      </trkpt>
      <trkpt lat="53.241709" lon="-1.122432">
        <ele>51.8</ele>
        <time>2026-09-14T08:42:19.348Z</time>
      </trkpt>
      <trkpt lat="53.241761" lon="-1.124924">
        <ele>52.4</ele>
        <time>2026-09-14T08:43:59.440Z</time>
      </trkpt>
      <trkpt lat="53.241958" lon="-1.127423">
        <ele>55</ele>
        <time>2026-09-14T08:45:47.994Z</time>
      </trkpt>
      <trkpt lat="53.242383" lon="-1.130166">
        <ele>55.3</ele>
        <time>2026-09-14T08:47:49.184Z</time>
      </trkpt>
      <trkpt lat="53.242828" lon="-1.132151">
        <ele>51.8</ele>
        <time>2026-09-14T08:49:12.091Z</time>
      </trkpt>
      <trkpt lat="53.243631" lon="-1.134036">
        <ele>49.7</ele>
        <time>2026-09-14T08:50:38.272Z</time>
      </trkpt>
      <trkpt lat="53.243604" lon="-1.134514">
        <ele>49.6</ele>
        <time>2026-09-14T08:50:56.843Z</time>
      </trkpt>
      <trkpt lat="53.241681" lon="-1.141143">
        <ele>47.7</ele>
        <time>2026-09-14T08:55:53.833Z</time>
      </trkpt>
      <trkpt lat="53.241835" lon="-1.144491">
        <ele>50.1</ele>
        <time>2026-09-14T08:58:12.332Z</time>
      </trkpt>
      <trkpt lat="53.241677" lon="-1.144914">
        <ele>50.6</ele>
        <time>2026-09-14T08:58:33.980Z</time>
      </trkpt>
      <trkpt lat="53.241428" lon="-1.145228">
        <ele>51</ele>
        <time>2026-09-14T08:58:56.818Z</time>
      </trkpt>
      <trkpt lat="53.241884" lon="-1.147452">
        <ele>52.8</ele>
        <time>2026-09-14T09:00:38.983Z</time>
      </trkpt>
      <trkpt lat="53.242128" lon="-1.149375">
        <ele>56.6</ele>
        <time>2026-09-14T09:02:07.556Z</time>
      </trkpt>
      <trkpt lat="53.24273" lon="-1.149113">
        <ele>56.6</ele>
        <time>2026-09-14T09:02:54.293Z</time>
      </trkpt>
      <trkpt lat="53.244505" lon="-1.148805">
        <ele>54.3</ele>
        <time>2026-09-14T09:04:51.606Z</time>
      </trkpt>
      <trkpt lat="53.245699" lon="-1.149062">
        <ele>53.6</ele>
        <time>2026-09-14T09:06:10.567Z</time>
      </trkpt>
      <trkpt lat="53.246088" lon="-1.148589">
        <ele>53.2</ele>
        <time>2026-09-14T09:06:42.639Z</time>
      </trkpt>
      <trkpt lat="53.246743" lon="-1.149297">
        <ele>52.3</ele>
        <time>2026-09-14T09:07:33.738Z</time>
      </trkpt>
      <trkpt lat="53.247187" lon="-1.150308">
        <ele>51.5</ele>
        <time>2026-09-14T09:08:22.712Z</time>
      </trkpt>
      <trkpt lat="53.24816" lon="-1.154132">
        <ele>55.4</ele>
        <time>2026-09-14T09:11:20.820Z</time>
      </trkpt>
      <trkpt lat="53.24841" lon="-1.156256">
        <ele>55.7</ele>
        <time>2026-09-14T09:12:54.208Z</time>
      </trkpt>
      <trkpt lat="53.248948" lon="-1.158549">
        <ele>57</ele>
        <time>2026-09-14T09:14:38.054Z</time>
      </trkpt>
      <trkpt lat="53.251306" lon="-1.163363">
        <ele>58.1</ele>
        <time>2026-09-14T09:18:59.026Z</time>
      </trkpt>
      <trkpt lat="53.251552" lon="-1.164177">
        <ele>57.8</ele>
        <time>2026-09-14T09:19:36.816Z</time>
      </trkpt>
      <trkpt lat="53.251745" lon="-1.165502">
        <ele>57.4</ele>
        <time>2026-09-14T09:20:31.560Z</time>
      </trkpt>
      <trkpt lat="53.251939" lon="-1.166261">
        <ele>57.5</ele>
        <time>2026-09-14T09:21:05.126Z</time>
      </trkpt>
      <trkpt lat="53.252275" lon="-1.167262">
        <ele>57.3</ele>
        <time>2026-09-14T09:21:52.111Z</time>
      </trkpt>
      <trkpt lat="53.252987" lon="-1.168749">
        <ele>55</ele>
        <time>2026-09-14T09:23:05.580Z</time>
      </trkpt>
      <trkpt lat="53.25321" lon="-1.169704">
        <ele>54.5</ele>
        <time>2026-09-14T09:23:44.699Z</time>
      </trkpt>
      <trkpt lat="53.253417" lon="-1.169985">
        <ele>54.4</ele>
        <time>2026-09-14T09:24:02.453Z</time>
      </trkpt>
      <trkpt lat="53.253962" lon="-1.170189">
        <ele>54.2</ele>
        <time>2026-09-14T09:24:40.185Z</time>
      </trkpt>
      <trkpt lat="53.254502" lon="-1.170001">
        <ele>54</ele>
        <time>2026-09-14T09:25:17.455Z</time>
      </trkpt>
      <trkpt lat="53.25514" lon="-1.170314">
        <ele>53.7</ele>
        <time>2026-09-14T09:26:02.280Z</time>
      </trkpt>
      <trkpt lat="53.255412" lon="-1.17018">
        <ele>53.8</ele>
        <time>2026-09-14T09:26:21.570Z</time>
      </trkpt>
      <trkpt lat="53.256388" lon="-1.170355">
        <ele>55.1</ele>
        <time>2026-09-14T09:27:32.332Z</time>
      </trkpt>
      <trkpt lat="53.2567" lon="-1.170177">
        <ele>55.6</ele>
        <time>2026-09-14T09:27:56.366Z</time>
      </trkpt>
      <trkpt lat="53.257097" lon="-1.170362">
        <ele>56.5</ele>
        <time>2026-09-14T09:28:27.052Z</time>
      </trkpt>
      <trkpt lat="53.257452" lon="-1.170258">
        <ele>57</ele>
        <time>2026-09-14T09:28:53.804Z</time>
      </trkpt>
      <trkpt lat="53.257544" lon="-1.170343">
        <ele>57</ele>
        <time>2026-09-14T09:29:01.371Z</time>
      </trkpt>
      <trkpt lat="53.25717" lon="-1.171108">
        <ele>56.7</ele>
        <time>2026-09-14T09:29:41.177Z</time>
      </trkpt>
      <trkpt lat="53.25612" lon="-1.172708">
        <ele>54.9</ele>
        <time>2026-09-14T09:31:14.194Z</time>
      </trkpt>
      <trkpt lat="53.253848" lon="-1.177403">
        <ele>57.2</ele>
        <time>2026-09-14T09:35:23.429Z</time>
      </trkpt>
      <trkpt lat="53.252944" lon="-1.17815">
        <ele>60.6</ele>
        <time>2026-09-14T09:36:36.516Z</time>
      </trkpt>
      <trkpt lat="53.252903" lon="-1.178344">
        <ele>61.1</ele>
        <time>2026-09-14T09:36:46.240Z</time>
      </trkpt>
      <trkpt lat="53.253155" lon="-1.179992">
        <ele>64.5</ele>
        <time>2026-09-14T09:38:06.554Z</time>
      </trkpt>
      <trkpt lat="53.254605" lon="-1.183073">
        <ele>66.6</ele>
        <time>2026-09-14T09:40:59.391Z</time>
      </trkpt>
      <trkpt lat="53.255184" lon="-1.184618">
        <ele>67.2</ele>
        <time>2026-09-14T09:42:16.945Z</time>
      </trkpt>
      <trkpt lat="53.255225" lon="-1.185163">
        <ele>69.3</ele>
        <time>2026-09-14T09:42:41.360Z</time>
      </trkpt>
      <trkpt lat="53.255173" lon="-1.185165">
        <ele>69.3</ele>
        <time>2026-09-14T09:42:46.057Z</time>
      </trkpt>
      <trkpt lat="53.255374" lon="-1.185194">
        <ele>72</ele>
        <time>2026-09-14T09:43:04.277Z</time>
      </trkpt>
      <trkpt lat="53.256157" lon="-1.186109">
        <ele>75.2</ele>
        <time>2026-09-14T09:44:23.433Z</time>
      </trkpt>
      <trkpt lat="53.256264" lon="-1.186427">
        <ele>74.4</ele>
        <time>2026-09-14T09:44:39.788Z</time>
      </trkpt>
      <trkpt lat="53.256931" lon="-1.187465">
        <ele>70.2</ele>
        <time>2026-09-14T09:45:30.539Z</time>
      </trkpt>
      <trkpt lat="53.257667" lon="-1.189134">
        <ele>72.2</ele>
        <time>2026-09-14T09:46:51.826Z</time>
      </trkpt>
      <trkpt lat="53.258173" lon="-1.190579">
        <ele>75.3</ele>
        <time>2026-09-14T09:48:07.560Z</time>
      </trkpt>
      <trkpt lat="53.25849" lon="-1.191174">
        <ele>76.2</ele>
        <time>2026-09-14T09:48:44.202Z</time>
      </trkpt>
      <trkpt lat="53.259514" lon="-1.194241">
        <ele>76.1</ele>
        <time>2026-09-14T09:51:10.523Z</time>
      </trkpt>
      <trkpt lat="53.259735" lon="-1.195138">
        <ele>77.5</ele>
        <time>2026-09-14T09:51:51.248Z</time>
      </trkpt>
      <trkpt lat="53.260373" lon="-1.196574">
        <ele>82.6</ele>
        <time>2026-09-14T09:53:17.236Z</time>
      </trkpt>
      <trkpt lat="53.260406" lon="-1.197055">
        <ele>84.7</ele>
        <time>2026-09-14T09:53:41.534Z</time>
      </trkpt>
      <trkpt lat="53.26028" lon="-1.197756">
        <ele>88.9</ele>
        <time>2026-09-14T09:54:21.410Z</time>
      </trkpt>
      <trkpt lat="53.260309" lon="-1.198327">
        <ele>92.5</ele>
        <time>2026-09-14T09:54:53.377Z</time>
      </trkpt>
      <trkpt lat="53.260023" lon="-1.200737">
        <ele>95.5</ele>
        <time>2026-09-14T09:56:50.282Z</time>
      </trkpt>
      <trkpt lat="53.259978" lon="-1.201955">
        <ele>93.2</ele>
        <time>2026-09-14T09:57:41.135Z</time>
      </trkpt>
      <trkpt lat="53.259995" lon="-1.20208">
        <ele>91.9</ele>
        <time>2026-09-14T09:57:45.398Z</time>
      </trkpt>
      <trkpt lat="53.260422" lon="-1.202352">
        <ele>81.3</ele>
        <time>2026-09-14T09:58:01.648Z</time>
      </trkpt>
      <trkpt lat="53.260433" lon="-1.202484">
        <ele>79.3</ele>
        <time>2026-09-14T09:58:04.644Z</time>
      </trkpt>
      <trkpt lat="53.260687" lon="-1.202395">
        <ele>77.4</ele>
        <time>2026-09-14T09:58:16.289Z</time>
      </trkpt>
      <trkpt lat="53.260673" lon="-1.202278">
        <ele>77.4</ele>
        <time>2026-09-14T09:58:19.441Z</time>
      </trkpt>
      <trkpt lat="53.260899" lon="-1.202425">
        <ele>74.8</ele>
        <time>2026-09-14T09:58:30.665Z</time>
      </trkpt>
      <trkpt lat="53.261048" lon="-1.202262">
        <ele>74.1</ele>
        <time>2026-09-14T09:58:40.251Z</time>
      </trkpt>
      <trkpt lat="53.261176" lon="-1.202535">
        <ele>73.8</ele>
        <time>2026-09-14T09:58:51.168Z</time>
      </trkpt>
      <trkpt lat="53.26131" lon="-1.202554">
        <ele>73.1</ele>
        <time>2026-09-14T09:58:59.085Z</time>
      </trkpt>
      <trkpt lat="53.261887" lon="-1.200989">
        <ele>72</ele>
        <time>2026-09-14T10:00:09.692Z</time>
      </trkpt>
      <trkpt lat="53.262174" lon="-1.199414">
        <ele>72.3</ele>
        <time>2026-09-14T10:01:16.166Z</time>
      </trkpt>
      <trkpt lat="53.262673" lon="-1.197935">
        <ele>72.5</ele>
        <time>2026-09-14T10:02:26.710Z</time>
      </trkpt>
      <trkpt lat="53.263138" lon="-1.197008">
        <ele>72.7</ele>
        <time>2026-09-14T10:03:16.926Z</time>
      </trkpt>
      <trkpt lat="53.263579" lon="-1.196393">
        <ele>74.3</ele>
        <time>2026-09-14T10:03:58.815Z</time>
      </trkpt>
      <trkpt lat="53.2639" lon="-1.196403">
        <ele>76</ele>
        <time>2026-09-14T10:04:24.392Z</time>
      </trkpt>
      <trkpt lat="53.264103" lon="-1.196179">
        <ele>77.4</ele>
        <time>2026-09-14T10:04:44.918Z</time>
      </trkpt>
      <trkpt lat="53.2637" lon="-1.194959">
        <ele>73.4</ele>
        <time>2026-09-14T10:05:36.051Z</time>
      </trkpt>
      <trkpt lat="53.263657" lon="-1.194234">
        <ele>71.8</ele>
        <time>2026-09-14T10:06:00.337Z</time>
      </trkpt>
      <trkpt lat="53.264402" lon="-1.191399">
        <ele>70.8</ele>
        <time>2026-09-14T10:08:01.068Z</time>
      </trkpt>
      <trkpt lat="53.26448" lon="-1.191457">
        <ele>70.8</ele>
        <time>2026-09-14T10:08:06.801Z</time>
      </trkpt>
      <trkpt lat="53.264416" lon="-1.191402">
        <ele>70.8</ele>
        <time>2026-09-14T10:08:11.684Z</time>
      </trkpt>
      <trkpt lat="53.264414" lon="-1.191496">
        <ele>70.8</ele>
        <time>2026-09-14T10:08:15.501Z</time>
      </trkpt>
      <trkpt lat="53.264413" lon="-1.191225">
        <ele>70.7</ele>
        <time>2026-09-14T10:08:26.500Z</time>
      </trkpt>
      <trkpt lat="53.264652" lon="-1.190379">
        <ele>69.7</ele>
        <time>2026-09-14T10:09:02.911Z</time>
      </trkpt>
      <trkpt lat="53.264918" lon="-1.188861">
        <ele>67.1</ele>
        <time>2026-09-14T10:10:01.010Z</time>
      </trkpt>
      <trkpt lat="53.264948" lon="-1.188201">
        <ele>66.3</ele>
        <time>2026-09-14T10:10:25.155Z</time>
      </trkpt>
      <trkpt lat="53.264859" lon="-1.187236">
        <ele>65.1</ele>
        <time>2026-09-14T10:11:01.625Z</time>
      </trkpt>
      <trkpt lat="53.264341" lon="-1.185009">
        <ele>62.3</ele>
        <time>2026-09-14T10:12:31.107Z</time>
      </trkpt>
      <trkpt lat="53.264127" lon="-1.183238">
        <ele>60.8</ele>
        <time>2026-09-14T10:13:39.657Z</time>
      </trkpt>
      <trkpt lat="53.264172" lon="-1.181826">
        <ele>60.1</ele>
        <time>2026-09-14T10:14:34.772Z</time>
      </trkpt>
      <trkpt lat="53.264255" lon="-1.181751">
        <ele>60.2</ele>
        <time>2026-09-14T10:14:41.116Z</time>
      </trkpt>
      <trkpt lat="53.26416" lon="-1.181608">
        <ele>60.3</ele>
        <time>2026-09-14T10:14:50.250Z</time>
      </trkpt>
      <trkpt lat="53.264174" lon="-1.180446">
        <ele>60.2</ele>
        <time>2026-09-14T10:15:38.229Z</time>
      </trkpt>
      <trkpt lat="53.264426" lon="-1.174425">
        <ele>59.4</ele>
        <time>2026-09-14T10:19:43.850Z</time>
      </trkpt>
      <trkpt lat="53.264259" lon="-1.172564">
        <ele>60.4</ele>
        <time>2026-09-14T10:21:01.303Z</time>
      </trkpt>
      <trkpt lat="53.264431" lon="-1.171622">
        <ele>61.9</ele>
        <time>2026-09-14T10:21:44.401Z</time>
      </trkpt>
      <trkpt lat="53.265166" lon="-1.169934">
        <ele>68.8</ele>
        <time>2026-09-14T10:23:26.871Z</time>
      </trkpt>
      <trkpt lat="53.265218" lon="-1.169525">
        <ele>70.4</ele>
        <time>2026-09-14T10:23:48.083Z</time>
      </trkpt>
      <trkpt lat="53.263911" lon="-1.16677">
        <ele>69.5</ele>
        <time>2026-09-14T10:26:14.469Z</time>
      </trkpt>
      <trkpt lat="53.263891" lon="-1.166539">
        <ele>69.2</ele>
        <time>2026-09-14T10:26:23.827Z</time>
      </trkpt>
      <trkpt lat="53.264446" lon="-1.166158">
        <ele>67.7</ele>
        <time>2026-09-14T10:27:00.595Z</time>
      </trkpt>
      <trkpt lat="53.265745" lon="-1.164577">
        <ele>64.1</ele>
        <time>2026-09-14T10:28:39.643Z</time>
      </trkpt>
      <trkpt lat="53.266098" lon="-1.164501">
        <ele>63.7</ele>
        <time>2026-09-14T10:29:01.872Z</time>
      </trkpt>
      <trkpt lat="53.266355" lon="-1.164278">
        <ele>63.2</ele>
        <time>2026-09-14T10:29:20.519Z</time>
      </trkpt>
      <trkpt lat="53.266694" lon="-1.163662">
        <ele>61.5</ele>
        <time>2026-09-14T10:29:50.687Z</time>
      </trkpt>
      <trkpt lat="53.267125" lon="-1.162128">
        <ele>56.5</ele>
        <time>2026-09-14T10:30:47.144Z</time>
      </trkpt>
      <trkpt lat="53.267372" lon="-1.161419">
        <ele>55.3</ele>
        <time>2026-09-14T10:31:14.874Z</time>
      </trkpt>
      <trkpt lat="53.2673" lon="-1.160839">
        <ele>54.8</ele>
        <time>2026-09-14T10:31:37.029Z</time>
      </trkpt>
      <trkpt lat="53.267025" lon="-1.160159">
        <ele>54.4</ele>
        <time>2026-09-14T10:32:09.138Z</time>
      </trkpt>
      <trkpt lat="53.267034" lon="-1.15937">
        <ele>53.6</ele>
        <time>2026-09-14T10:32:39.745Z</time>
      </trkpt>
      <trkpt lat="53.266549" lon="-1.158783">
        <ele>53.3</ele>
        <time>2026-09-14T10:33:18.972Z</time>
      </trkpt>
      <trkpt lat="53.266942" lon="-1.157975">
        <ele>53.7</ele>
        <time>2026-09-14T10:34:01.911Z</time>
      </trkpt>
      <trkpt lat="53.268446" lon="-1.155568">
        <ele>56.8</ele>
        <time>2026-09-14T10:36:33.184Z</time>
      </trkpt>
      <trkpt lat="53.269664" lon="-1.15338">
        <ele>58.9</ele>
        <time>2026-09-14T10:38:43.350Z</time>
      </trkpt>
      <trkpt lat="53.272067" lon="-1.15007">
        <ele>66.5</ele>
        <time>2026-09-14T10:42:36.012Z</time>
      </trkpt>
      <trkpt lat="53.272048" lon="-1.149961">
        <ele>66.8</ele>
        <time>2026-09-14T10:42:41.162Z</time>
      </trkpt>
      <trkpt lat="53.272128" lon="-1.150016">
        <ele>66.6</ele>
        <time>2026-09-14T10:42:47.103Z</time>
      </trkpt>
      <trkpt lat="53.272164" lon="-1.149516">
        <ele>66.5</ele>
        <time>2026-09-14T10:43:07.787Z</time>
      </trkpt>
      <trkpt lat="53.272429" lon="-1.149247">
        <ele>66.6</ele>
        <time>2026-09-14T10:43:28.804Z</time>
      </trkpt>
      <trkpt lat="53.271585" lon="-1.148038">
        <ele>67.6</ele>
        <time>2026-09-14T10:44:47.785Z</time>
      </trkpt>
      <trkpt lat="53.271416" lon="-1.147264">
        <ele>69</ele>
        <time>2026-09-14T10:45:23.892Z</time>
      </trkpt>
      <trkpt lat="53.271477" lon="-1.146885">
        <ele>70.1</ele>
        <time>2026-09-14T10:45:42.427Z</time>
      </trkpt>
      <trkpt lat="53.27144" lon="-1.145488">
        <ele>75.2</ele>
        <time>2026-09-14T10:46:53.596Z</time>
      </trkpt>
      <trkpt lat="53.271582" lon="-1.144752">
        <ele>78.4</ele>
        <time>2026-09-14T10:47:33.600Z</time>
      </trkpt>
      <trkpt lat="53.271978" lon="-1.143973">
        <ele>85.1</ele>
        <time>2026-09-14T10:48:29.871Z</time>
      </trkpt>
      <trkpt lat="53.272172" lon="-1.143729">
        <ele>91.5</ele>
        <time>2026-09-14T10:48:53.822Z</time>
      </trkpt>
      <trkpt lat="53.272297" lon="-1.143576">
        <ele>93.5</ele>
        <time>2026-09-14T10:49:09.548Z</time>
      </trkpt>
      <trkpt lat="53.272683" lon="-1.141245">
        <ele>103.4</ele>
        <time>2026-09-14T10:51:24.287Z</time>
      </trkpt>
      <trkpt lat="53.272601" lon="-1.14061">
        <ele>103.1</ele>
        <time>2026-09-14T10:51:56.821Z</time>
      </trkpt>
      <trkpt lat="53.272243" lon="-1.139373">
        <ele>101.7</ele>
        <time>2026-09-14T10:52:49.718Z</time>
      </trkpt>
      <trkpt lat="53.272114" lon="-1.13823">
        <ele>101.7</ele>
        <time>2026-09-14T10:53:35.516Z</time>
      </trkpt>
      <trkpt lat="53.272122" lon="-1.137346">
        <ele>102.1</ele>
        <time>2026-09-14T10:54:12.362Z</time>
      </trkpt>
      <trkpt lat="53.272015" lon="-1.13635">
        <ele>102.1</ele>
        <time>2026-09-14T10:54:54.584Z</time>
      </trkpt>
      <trkpt lat="53.2721" lon="-1.135609">
        <ele>102.2</ele>
        <time>2026-09-14T10:55:25.706Z</time>
      </trkpt>
      <trkpt lat="53.272118" lon="-1.132559">
        <ele>101</ele>
        <time>2026-09-14T10:57:28.263Z</time>
      </trkpt>
      <trkpt lat="53.272236" lon="-1.131825">
        <ele>101.5</ele>
        <time>2026-09-14T10:57:59.050Z</time>
      </trkpt>
      <trkpt lat="53.272348" lon="-1.131678">
        <ele>101.5</ele>
        <time>2026-09-14T10:58:09.138Z</time>
      </trkpt>
      <trkpt lat="53.272302" lon="-1.131265">
        <ele>101.6</ele>
        <time>2026-09-14T10:58:26.590Z</time>
      </trkpt>
      <trkpt lat="53.272413" lon="-1.130523">
        <ele>101.5</ele>
        <time>2026-09-14T10:58:58.005Z</time>
      </trkpt>
      <trkpt lat="53.272885" lon="-1.128737">
        <ele>102.7</ele>
        <time>2026-09-14T11:00:20.642Z</time>
      </trkpt>
      <trkpt lat="53.273441" lon="-1.122198">
        <ele>102.1</ele>
        <time>2026-09-14T11:04:53.344Z</time>
      </trkpt>
      <trkpt lat="53.273596" lon="-1.121213">
        <ele>101.8</ele>
        <time>2026-09-14T11:05:34.806Z</time>
      </trkpt>
      <trkpt lat="53.273847" lon="-1.118144">
        <ele>98.7</ele>
        <time>2026-09-14T11:07:34.166Z</time>
      </trkpt>
      <trkpt lat="53.274059" lon="-1.117171">
        <ele>97.5</ele>
        <time>2026-09-14T11:08:13.397Z</time>
      </trkpt>
      <trkpt lat="53.274232" lon="-1.116137">
        <ele>96.5</ele>
        <time>2026-09-14T11:08:54.065Z</time>
      </trkpt>
      <trkpt lat="53.274226" lon="-1.115836">
        <ele>96</ele>
        <time>2026-09-14T11:09:05.428Z</time>
      </trkpt>
      <trkpt lat="53.274488" lon="-1.114555">
        <ele>94.5</ele>
        <time>2026-09-14T11:09:56.034Z</time>
      </trkpt>
      <trkpt lat="53.274485" lon="-1.114176">
        <ele>93.9</ele>
        <time>2026-09-14T11:10:10.145Z</time>
      </trkpt>
      <trkpt lat="53.274597" lon="-1.113901">
        <ele>93.4</ele>
        <time>2026-09-14T11:10:22.250Z</time>
      </trkpt>
      <trkpt lat="53.274807" lon="-1.112654">
        <ele>91.5</ele>
        <time>2026-09-14T11:11:09.576Z</time>
      </trkpt>
      <trkpt lat="53.275163" lon="-1.110063">
        <ele>89.7</ele>
        <time>2026-09-14T11:12:51.129Z</time>
      </trkpt>
      <trkpt lat="53.27513" lon="-1.109837">
        <ele>89.4</ele>
        <time>2026-09-14T11:13:00.262Z</time>
      </trkpt>
      <trkpt lat="53.275299" lon="-1.109411">
        <ele>89.5</ele>
        <time>2026-09-14T11:13:20.834Z</time>
      </trkpt>
      <trkpt lat="53.275311" lon="-1.108795">
        <ele>89</ele>
        <time>2026-09-14T11:13:45.168Z</time>
      </trkpt>
      <trkpt lat="53.275489" lon="-1.107867">
        <ele>89.5</ele>
        <time>2026-09-14T11:14:25.194Z</time>
      </trkpt>
      <trkpt lat="53.275498" lon="-1.107255">
        <ele>89.9</ele>
        <time>2026-09-14T11:14:51.405Z</time>
      </trkpt>
      <trkpt lat="53.275636" lon="-1.1067">
        <ele>88.9</ele>
        <time>2026-09-14T11:15:15.174Z</time>
      </trkpt>
      <trkpt lat="53.27576" lon="-1.105376">
        <ele>86.3</ele>
        <time>2026-09-14T11:16:02.731Z</time>
      </trkpt>
      <trkpt lat="53.275914" lon="-1.105133">
        <ele>85.7</ele>
        <time>2026-09-14T11:16:15.261Z</time>
      </trkpt>
      <trkpt lat="53.275915" lon="-1.104408">
        <ele>84.8</ele>
        <time>2026-09-14T11:16:41.968Z</time>
      </trkpt>
      <trkpt lat="53.276114" lon="-1.103697">
        <ele>85.1</ele>
        <time>2026-09-14T11:17:13.246Z</time>
      </trkpt>
      <trkpt lat="53.276191" lon="-1.102542">
        <ele>83.4</ele>
        <time>2026-09-14T11:17:58.405Z</time>
      </trkpt>
      <trkpt lat="53.276328" lon="-1.102027">
        <ele>82.5</ele>
        <time>2026-09-14T11:18:18.975Z</time>
      </trkpt>
      <trkpt lat="53.276419" lon="-1.101382">
        <ele>82.1</ele>
        <time>2026-09-14T11:18:44.040Z</time>
      </trkpt>
      <trkpt lat="53.276458" lon="-1.100678">
        <ele>81.7</ele>
        <time>2026-09-14T11:19:11.803Z</time>
      </trkpt>
      <trkpt lat="53.276578" lon="-1.100421">
        <ele>81.3</ele>
        <time>2026-09-14T11:19:24.418Z</time>
      </trkpt>
      <trkpt lat="53.276595" lon="-1.099762">
        <ele>80.6</ele>
        <time>2026-09-14T11:19:49.254Z</time>
      </trkpt>
      <trkpt lat="53.276872" lon="-1.0982">
        <ele>78.2</ele>
        <time>2026-09-14T11:20:49.443Z</time>
      </trkpt>
      <trkpt lat="53.276828" lon="-1.097996">
        <ele>78</ele>
        <time>2026-09-14T11:20:57.439Z</time>
      </trkpt>
      <trkpt lat="53.276904" lon="-1.097613">
        <ele>77.5</ele>
        <time>2026-09-14T11:21:12.618Z</time>
      </trkpt>
      <trkpt lat="53.276361" lon="-1.094922">
        <ele>76.5</ele>
        <time>2026-09-14T11:23:04.956Z</time>
      </trkpt>
      <trkpt lat="53.277082" lon="-1.091618">
        <ele>73.2</ele>
        <time>2026-09-14T11:25:22.078Z</time>
      </trkpt>
      <trkpt lat="53.277232" lon="-1.091239">
        <ele>72.6</ele>
        <time>2026-09-14T11:25:39.374Z</time>
      </trkpt>
      <trkpt lat="53.277443" lon="-1.09001">
        <ele>70.6</ele>
        <time>2026-09-14T11:26:26.061Z</time>
      </trkpt>
      <trkpt lat="53.277777" lon="-1.088922">
        <ele>68.2</ele>
        <time>2026-09-14T11:27:09.795Z</time>
      </trkpt>
      <trkpt lat="53.277898" lon="-1.088158">
        <ele>66.4</ele>
        <time>2026-09-14T11:27:37.322Z</time>
      </trkpt>
      <trkpt lat="53.278082" lon="-1.087718">
        <ele>65</ele>
        <time>2026-09-14T11:27:55.540Z</time>
      </trkpt>
      <trkpt lat="53.278132" lon="-1.087152">
        <ele>63.6</ele>
        <time>2026-09-14T11:28:14.778Z</time>
      </trkpt>
      <trkpt lat="53.278626" lon="-1.085115">
        <ele>57.2</ele>
        <time>2026-09-14T11:29:27.002Z</time>
      </trkpt>
      <trkpt lat="53.278553" lon="-1.084883">
        <ele>57.1</ele>
        <time>2026-09-14T11:29:35.921Z</time>
      </trkpt>
      <trkpt lat="53.278402" lon="-1.084811">
        <ele>57</ele>
        <time>2026-09-14T11:29:46.453Z</time>
      </trkpt>
      <trkpt lat="53.278447" lon="-1.084754">
        <ele>56.9</ele>
        <time>2026-09-14T11:29:50.256Z</time>
      </trkpt>
      <trkpt lat="53.278343" lon="-1.084693">
        <ele>56.9</ele>
        <time>2026-09-14T11:29:57.683Z</time>
      </trkpt>
      <trkpt lat="53.278433" lon="-1.084748">
        <ele>56.9</ele>
        <time>2026-09-14T11:30:04.226Z</time>
      </trkpt>
      <trkpt lat="53.278384" lon="-1.084837">
        <ele>56.9</ele>
        <time>2026-09-14T11:30:09.165Z</time>
      </trkpt>
      <trkpt lat="53.278419" lon="-1.084736">
        <ele>56.9</ele>
        <time>2026-09-14T11:30:13.989Z</time>
      </trkpt>
      <trkpt lat="53.278308" lon="-1.084733">
        <ele>57</ele>
        <time>2026-09-14T11:30:21.660Z</time>
      </trkpt>
      <trkpt lat="53.27837" lon="-1.084734">
        <ele>57</ele>
        <time>2026-09-14T11:30:25.987Z</time>
      </trkpt>
      <trkpt lat="53.278336" lon="-1.084745">
        <ele>57</ele>
        <time>2026-09-14T11:30:28.403Z</time>
      </trkpt>
      <trkpt lat="53.278334" lon="-1.084745">
        <ele>57</ele>
        <time>2026-09-14T11:30:28.542Z</time>
      </trkpt>
      <trkpt lat="53.278439" lon="-1.084706">
        <ele>57.1</ele>
        <time>2026-09-14T11:30:36.049Z</time>
      </trkpt>
      <trkpt lat="53.27806" lon="-1.084723">
        <ele>57.2</ele>
        <time>2026-09-14T11:31:02.547Z</time>
      </trkpt>
      <trkpt lat="53.278376" lon="-1.084703">
        <ele>56.9</ele>
        <time>2026-09-14T11:31:23.985Z</time>
      </trkpt>
      <trkpt lat="53.278599" lon="-1.084936">
        <ele>57.1</ele>
        <time>2026-09-14T11:31:41.903Z</time>
      </trkpt>
      <trkpt lat="53.279472" lon="-1.087496">
        <ele>63</ele>
        <time>2026-09-14T11:33:58.933Z</time>
      </trkpt>
      <trkpt lat="53.280462" lon="-1.089109">
        <ele>60.3</ele>
        <time>2026-09-14T11:35:38.192Z</time>
      </trkpt>
      <trkpt lat="53.280743" lon="-1.089773">
        <ele>56.2</ele>
        <time>2026-09-14T11:36:06.318Z</time>
      </trkpt>
      <trkpt lat="53.281535" lon="-1.090536">
        <ele>54.9</ele>
        <time>2026-09-14T11:36:58.624Z</time>
      </trkpt>
      <trkpt lat="53.281884" lon="-1.090855">
        <ele>54</ele>
        <time>2026-09-14T11:37:23.895Z</time>
      </trkpt>
      <trkpt lat="53.28253" lon="-1.091557">
        <ele>53.7</ele>
        <time>2026-09-14T11:38:14.369Z</time>
      </trkpt>
      <trkpt lat="53.283013" lon="-1.09182">
        <ele>56</ele>
        <time>2026-09-14T11:38:51.693Z</time>
      </trkpt>
      <trkpt lat="53.284151" lon="-1.092181">
        <ele>63.7</ele>
        <time>2026-09-14T11:40:30.848Z</time>
      </trkpt>
      <trkpt lat="53.284471" lon="-1.092166">
        <ele>64.6</ele>
        <time>2026-09-14T11:40:58.113Z</time>
      </trkpt>
      <trkpt lat="53.28459" lon="-1.092308">
        <ele>65.1</ele>
        <time>2026-09-14T11:41:09.476Z</time>
      </trkpt>
      <trkpt lat="53.285289" lon="-1.092499">
        <ele>66.4</ele>
        <time>2026-09-14T11:42:02.674Z</time>
      </trkpt>
      <trkpt lat="53.28617" lon="-1.092633">
        <ele>67.3</ele>
        <time>2026-09-14T11:43:07.187Z</time>
      </trkpt>
      <trkpt lat="53.286322" lon="-1.092761">
        <ele>67.4</ele>
        <time>2026-09-14T11:43:19.371Z</time>
      </trkpt>
      <trkpt lat="53.286662" lon="-1.092683">
        <ele>67.8</ele>
        <time>2026-09-14T11:43:43.971Z</time>
      </trkpt>
      <trkpt lat="53.287396" lon="-1.092862">
        <ele>69.2</ele>
        <time>2026-09-14T11:44:38.689Z</time>
      </trkpt>
      <trkpt lat="53.288784" lon="-1.093414">
        <ele>67.9</ele>
        <time>2026-09-14T11:46:16.880Z</time>
      </trkpt>
      <trkpt lat="53.288842" lon="-1.089979">
        <ele>62.4</ele>
        <time>2026-09-14T11:48:25.700Z</time>
      </trkpt>
      <trkpt lat="53.288741" lon="-1.088802">
        <ele>60.6</ele>
        <time>2026-09-14T11:49:08.830Z</time>
      </trkpt>
      <trkpt lat="53.288828" lon="-1.08833">
        <ele>59.5</ele>
        <time>2026-09-14T11:49:26.537Z</time>
      </trkpt>
      <trkpt lat="53.288722" lon="-1.087587">
        <ele>57.3</ele>
        <time>2026-09-14T11:49:52.013Z</time>
      </trkpt>
      <trkpt lat="53.288744" lon="-1.086905">
        <ele>56.1</ele>
        <time>2026-09-14T11:50:15.294Z</time>
      </trkpt>
      <trkpt lat="53.288872" lon="-1.085077">
        <ele>55.1</ele>
        <time>2026-09-14T11:51:25.932Z</time>
      </trkpt>
      <trkpt lat="53.288791" lon="-1.084629">
        <ele>53.8</ele>
        <time>2026-09-14T11:51:43.719Z</time>
      </trkpt>
      <trkpt lat="53.288853" lon="-1.084353">
        <ele>53</ele>
        <time>2026-09-14T11:51:53.451Z</time>
      </trkpt>
      <trkpt lat="53.28889" lon="-1.076663">
        <ele>55.8</ele>
        <time>2026-09-14T11:57:15.137Z</time>
      </trkpt>
      <trkpt lat="53.288928" lon="-1.076357">
        <ele>56.6</ele>
        <time>2026-09-14T11:57:28.450Z</time>
      </trkpt>
      <trkpt lat="53.289113" lon="-1.076105">
        <ele>57.2</ele>
        <time>2026-09-14T11:57:47.191Z</time>
      </trkpt>
      <trkpt lat="53.290251" lon="-1.076542">
        <ele>49.9</ele>
        <time>2026-09-14T11:58:54.501Z</time>
      </trkpt>
      <trkpt lat="53.29034" lon="-1.076677">
        <ele>49.8</ele>
        <time>2026-09-14T11:59:00.792Z</time>
      </trkpt>
      <trkpt lat="53.290116" lon="-1.077269">
        <ele>50.2</ele>
        <time>2026-09-14T11:59:30.276Z</time>
      </trkpt>
      <trkpt lat="53.290029" lon="-1.080135">
        <ele>67.9</ele>
        <time>2026-09-14T12:02:05.952Z</time>
      </trkpt>
      <trkpt lat="53.289662" lon="-1.082811">
        <ele>68.2</ele>
        <time>2026-09-14T12:04:23.926Z</time>
      </trkpt>
      <trkpt lat="53.289656" lon="-1.083564">
        <ele>67.8</ele>
        <time>2026-09-14T12:04:54.777Z</time>
      </trkpt>
      <trkpt lat="53.289825" lon="-1.08457">
        <ele>67.5</ele>
        <time>2026-09-14T12:05:36.424Z</time>
      </trkpt>
      <trkpt lat="53.290242" lon="-1.085529">
        <ele>67.5</ele>
        <time>2026-09-14T12:06:24.620Z</time>
      </trkpt>
      <trkpt lat="53.290569" lon="-1.086635">
        <ele>68.1</ele>
        <time>2026-09-14T12:07:16.222Z</time>
      </trkpt>
      <trkpt lat="53.290849" lon="-1.087117">
        <ele>68.2</ele>
        <time>2026-09-14T12:07:44.577Z</time>
      </trkpt>
      <trkpt lat="53.291767" lon="-1.087591">
        <ele>67.9</ele>
        <time>2026-09-14T12:08:50.126Z</time>
      </trkpt>
      <trkpt lat="53.292236" lon="-1.087508">
        <ele>66.6</ele>
        <time>2026-09-14T12:09:20.896Z</time>
      </trkpt>
      <trkpt lat="53.292804" lon="-1.086656">
        <ele>60.7</ele>
        <time>2026-09-14T12:10:00.686Z</time>
      </trkpt>
      <trkpt lat="53.293066" lon="-1.085933">
        <ele>59.5</ele>
        <time>2026-09-14T12:10:27.328Z</time>
      </trkpt>
      <trkpt lat="53.293434" lon="-1.085563">
        <ele>58</ele>
        <time>2026-09-14T12:10:53.070Z</time>
      </trkpt>
      <trkpt lat="53.294103" lon="-1.085374">
        <ele>55.3</ele>
        <time>2026-09-14T12:11:32.018Z</time>
      </trkpt>
      <trkpt lat="53.29469" lon="-1.085861">
        <ele>53.5</ele>
        <time>2026-09-14T12:12:10.394Z</time>
      </trkpt>
      <trkpt lat="53.294949" lon="-1.085935">
        <ele>53</ele>
        <time>2026-09-14T12:12:26.440Z</time>
      </trkpt>
      <trkpt lat="53.296167" lon="-1.085374">
        <ele>55.7</ele>
        <time>2026-09-14T12:13:58.800Z</time>
      </trkpt>
      <trkpt lat="53.29583" lon="-1.084594">
        <ele>57.8</ele>
        <time>2026-09-14T12:14:42.863Z</time>
      </trkpt>
      <trkpt lat="53.295721" lon="-1.084099">
        <ele>57.8</ele>
        <time>2026-09-14T12:15:06.781Z</time>
      </trkpt>
      <trkpt lat="53.295982" lon="-1.081709">
        <ele>56.1</ele>
        <time>2026-09-14T12:16:42.212Z</time>
      </trkpt>
      <trkpt lat="53.296112" lon="-1.081257">
        <ele>55.8</ele>
        <time>2026-09-14T12:17:01.749Z</time>
      </trkpt>
      <trkpt lat="53.296022" lon="-1.080987">
        <ele>55.2</ele>
        <time>2026-09-14T12:17:13.389Z</time>
      </trkpt>
      <trkpt lat="53.296142" lon="-1.080334">
        <ele>53.4</ele>
        <time>2026-09-14T12:17:36.544Z</time>
      </trkpt>
      <trkpt lat="53.296323" lon="-1.079822">
        <ele>51.5</ele>
        <time>2026-09-14T12:17:55.956Z</time>
      </trkpt>
      <trkpt lat="53.296565" lon="-1.079498">
        <ele>49.5</ele>
        <time>2026-09-14T12:18:12.100Z</time>
      </trkpt>
      <trkpt lat="53.297286" lon="-1.079519">
        <ele>44.2</ele>
        <time>2026-09-14T12:18:47.693Z</time>
      </trkpt>
      <trkpt lat="53.297182" lon="-1.079216">
        <ele>42.4</ele>
        <time>2026-09-14T12:18:57.763Z</time>
      </trkpt>
      <trkpt lat="53.297537" lon="-1.07904">
        <ele>38.8</ele>
        <time>2026-09-14T12:19:14.483Z</time>
      </trkpt>
      <trkpt lat="53.297948" lon="-1.079544">
        <ele>35.5</ele>
        <time>2026-09-14T12:19:38.846Z</time>
      </trkpt>
      <trkpt lat="53.298221" lon="-1.079431">
        <ele>33.6</ele>
        <time>2026-09-14T12:19:53.034Z</time>
      </trkpt>
      <trkpt lat="53.298714" lon="-1.080013">
        <ele>32.3</ele>
        <time>2026-09-14T12:20:27.960Z</time>
      </trkpt>
      <trkpt lat="53.298844" lon="-1.07996">
        <ele>32.1</ele>
        <time>2026-09-14T12:20:36.474Z</time>
      </trkpt>
      <trkpt lat="53.29911" lon="-1.080179">
        <ele>31.9</ele>
        <time>2026-09-14T12:20:55.986Z</time>
      </trkpt>
      <trkpt lat="53.299325" lon="-1.080551">
        <ele>31.9</ele>
        <time>2026-09-14T12:21:16.711Z</time>
      </trkpt>
      <trkpt lat="53.299866" lon="-1.081042">
        <ele>31.9</ele>
        <time>2026-09-14T12:21:58.982Z</time>
      </trkpt>
      <trkpt lat="53.300171" lon="-1.081531">
        <ele>32.1</ele>
        <time>2026-09-14T12:22:28.245Z</time>
      </trkpt>
      <trkpt lat="53.300308" lon="-1.081834">
        <ele>32.2</ele>
        <time>2026-09-14T12:22:44.163Z</time>
      </trkpt>
      <trkpt lat="53.300812" lon="-1.083969">
        <ele>31.3</ele>
        <time>2026-09-14T12:24:16.267Z</time>
      </trkpt>
      <trkpt lat="53.301086" lon="-1.084333">
        <ele>31.1</ele>
        <time>2026-09-14T12:24:39.606Z</time>
      </trkpt>
      <trkpt lat="53.301468" lon="-1.084517">
        <ele>30.5</ele>
        <time>2026-09-14T12:25:05.597Z</time>
      </trkpt>
      <trkpt lat="53.301453" lon="-1.085201">
        <ele>29.5</ele>
        <time>2026-09-14T12:25:31.211Z</time>
      </trkpt>
      <trkpt lat="53.301961" lon="-1.085488">
        <ele>30</ele>
        <time>2026-09-14T12:26:07.160Z</time>
      </trkpt>
      <trkpt lat="53.302219" lon="-1.08557">
        <ele>29.8</ele>
        <time>2026-09-14T12:26:25.463Z</time>
      </trkpt>
      <trkpt lat="53.302219" lon="-1.085381">
        <ele>29.8</ele>
        <time>2026-09-14T12:26:33.034Z</time>
      </trkpt>
      <trkpt lat="53.30324" lon="-1.083259">
        <ele>29.3</ele>
        <time>2026-09-14T12:28:23.095Z</time>
      </trkpt>
      <trkpt lat="53.303613" lon="-1.081987">
        <ele>29.2</ele>
        <time>2026-09-14T12:29:20.614Z</time>
      </trkpt>
      <trkpt lat="53.30373" lon="-1.080662">
        <ele>29</ele>
        <time>2026-09-14T12:30:15.136Z</time>
      </trkpt>
      <trkpt lat="53.303679" lon="-1.079439">
        <ele>28.8</ele>
        <time>2026-09-14T12:31:04.862Z</time>
      </trkpt>
      <trkpt lat="53.303737" lon="-1.077839">
        <ele>28.9</ele>
        <time>2026-09-14T12:32:10.476Z</time>
      </trkpt>
      <trkpt lat="53.304461" lon="-1.073793">
        <ele>28.5</ele>
        <time>2026-09-14T12:35:03.148Z</time>
      </trkpt>
      <trkpt lat="53.305147" lon="-1.072614">
        <ele>28.4</ele>
        <time>2026-09-14T12:36:10.252Z</time>
      </trkpt>
      <trkpt lat="53.305859" lon="-1.072338">
        <ele>29.9</ele>
        <time>2026-09-14T12:37:02.288Z</time>
      </trkpt>
      <trkpt lat="53.305796" lon="-1.072069">
        <ele>29.9</ele>
        <time>2026-09-14T12:37:15.024Z</time>
      </trkpt>
      <trkpt lat="53.306368" lon="-1.071465">
        <ele>28.5</ele>
        <time>2026-09-14T12:37:58.057Z</time>
      </trkpt>
      <trkpt lat="53.307571" lon="-1.06938">
        <ele>28.5</ele>
        <time>2026-09-14T12:39:53.899Z</time>
      </trkpt>
      <trkpt lat="53.308252" lon="-1.067903">
        <ele>28.6</ele>
        <time>2026-09-14T12:41:10.582Z</time>
      </trkpt>
      <trkpt lat="53.308487" lon="-1.067621">
        <ele>28.7</ele>
        <time>2026-09-14T12:41:30.569Z</time>
      </trkpt>
      <trkpt lat="53.308804" lon="-1.066694">
        <ele>28.5</ele>
        <time>2026-09-14T12:42:14.189Z</time>
      </trkpt>
      <trkpt lat="53.309218" lon="-1.064951">
        <ele>28.8</ele>
        <time>2026-09-14T12:43:31.358Z</time>
      </trkpt>
      <trkpt lat="53.309379" lon="-1.063292">
        <ele>28.7</ele>
        <time>2026-09-14T12:44:40.623Z</time>
      </trkpt>
      <trkpt lat="53.309502" lon="-1.06258">
        <ele>28.8</ele>
        <time>2026-09-14T12:45:11.038Z</time>
      </trkpt>
      <trkpt lat="53.310499" lon="-1.061023">
        <ele>29.2</ele>
        <time>2026-09-14T12:46:45.860Z</time>
      </trkpt>
      <trkpt lat="53.31091" lon="-1.060205">
        <ele>29.3</ele>
        <time>2026-09-14T12:47:30.211Z</time>
      </trkpt>
      <trkpt lat="53.310931" lon="-1.06085">
        <ele>29.4</ele>
        <time>2026-09-14T12:47:56.950Z</time>
      </trkpt>
      <trkpt lat="53.310873" lon="-1.060259">
        <ele>29.4</ele>
        <time>2026-09-14T12:48:21.675Z</time>
      </trkpt>
      <trkpt lat="53.311816" lon="-1.058663">
        <ele>29.2</ele>
        <time>2026-09-14T12:49:53.297Z</time>
      </trkpt>
      <trkpt lat="53.312312" lon="-1.05823">
        <ele>29.3</ele>
        <time>2026-09-14T12:50:31.627Z</time>
      </trkpt>
      <trkpt lat="53.312489" lon="-1.057929">
        <ele>29.4</ele>
        <time>2026-09-14T12:50:49.150Z</time>
      </trkpt>
      <trkpt lat="53.312794" lon="-1.057135">
        <ele>29.3</ele>
        <time>2026-09-14T12:51:27.884Z</time>
      </trkpt>
      <trkpt lat="53.313127" lon="-1.055682">
        <ele>29.1</ele>
        <time>2026-09-14T12:52:31.165Z</time>
      </trkpt>
      <trkpt lat="53.313717" lon="-1.054706">
        <ele>28.9</ele>
        <time>2026-09-14T12:53:27.556Z</time>
      </trkpt>
      <trkpt lat="53.313764" lon="-1.053954">
        <ele>29.4</ele>
        <time>2026-09-14T12:53:58.907Z</time>
      </trkpt>
      <trkpt lat="53.313545" lon="-1.053174">
        <ele>29.8</ele>
        <time>2026-09-14T12:54:35.748Z</time>
      </trkpt>
      <trkpt lat="53.313774" lon="-1.052691">
        <ele>28.7</ele>
        <time>2026-09-14T12:55:00.149Z</time>
      </trkpt>
      <trkpt lat="53.313512" lon="-1.05242">
        <ele>28.2</ele>
        <time>2026-09-14T12:55:19.085Z</time>
      </trkpt>
      <trkpt lat="53.313501" lon="-1.051911">
        <ele>27.9</ele>
        <time>2026-09-14T12:55:38.763Z</time>
      </trkpt>
      <trkpt lat="53.314557" lon="-1.04873">
        <ele>27.8</ele>
        <time>2026-09-14T12:58:07.002Z</time>
      </trkpt>
      <trkpt lat="53.314668" lon="-1.048159">
        <ele>27.6</ele>
        <time>2026-09-14T12:58:31.509Z</time>
      </trkpt>
      <trkpt lat="53.314726" lon="-1.046768">
        <ele>27.5</ele>
        <time>2026-09-14T12:59:28.076Z</time>
      </trkpt>
      <trkpt lat="53.315172" lon="-1.045229">
        <ele>27.1</ele>
        <time>2026-09-14T13:00:37.411Z</time>
      </trkpt>
      <trkpt lat="53.315644" lon="-1.042632">
        <ele>27.1</ele>
        <time>2026-09-14T13:02:28.034Z</time>
      </trkpt>
      <trkpt lat="53.315658" lon="-1.040994">
        <ele>26.9</ele>
        <time>2026-09-14T13:03:35.017Z</time>
      </trkpt>
      <trkpt lat="53.315594" lon="-1.040139">
        <ele>26.9</ele>
        <time>2026-09-14T13:04:10.160Z</time>
      </trkpt>
      <trkpt lat="53.315479" lon="-1.039932">
        <ele>26.9</ele>
        <time>2026-09-14T13:04:21.698Z</time>
      </trkpt>
      <trkpt lat="53.315507" lon="-1.039622">
        <ele>26.8</ele>
        <time>2026-09-14T13:04:34.400Z</time>
      </trkpt>
      <trkpt lat="53.314873" lon="-1.038228">
        <ele>26.7</ele>
        <time>2026-09-14T13:05:45.826Z</time>
      </trkpt>
      <trkpt lat="53.314727" lon="-1.037418">
        <ele>26.7</ele>
        <time>2026-09-14T13:06:20.441Z</time>
      </trkpt>
      <trkpt lat="53.314939" lon="-1.036362">
        <ele>26.8</ele>
        <time>2026-09-14T13:07:06.327Z</time>
      </trkpt>
      <trkpt lat="53.315253" lon="-1.03545">
        <ele>26.8</ele>
        <time>2026-09-14T13:07:49.667Z</time>
      </trkpt>
      <trkpt lat="53.31538" lon="-1.035308">
        <ele>26.8</ele>
        <time>2026-09-14T13:08:00.157Z</time>
      </trkpt>
      <trkpt lat="53.316165" lon="-1.035217">
        <ele>27</ele>
        <time>2026-09-14T13:08:54.718Z</time>
      </trkpt>
      <trkpt lat="53.316784" lon="-1.034907">
        <ele>27.2</ele>
        <time>2026-09-14T13:09:39.651Z</time>
      </trkpt>
      <trkpt lat="53.316892" lon="-1.0341">
        <ele>27.3</ele>
        <time>2026-09-14T13:10:13.984Z</time>
      </trkpt>
      <trkpt lat="53.316575" lon="-1.033241">
        <ele>27.3</ele>
        <time>2026-09-14T13:10:55.581Z</time>
      </trkpt>
      <trkpt lat="53.31673" lon="-1.032663">
        <ele>27.2</ele>
        <time>2026-09-14T13:11:21.457Z</time>
      </trkpt>
      <trkpt lat="53.316838" lon="-1.032589">
        <ele>27.1</ele>
        <time>2026-09-14T13:11:29.326Z</time>
      </trkpt>
      <trkpt lat="53.31769" lon="-1.032778">
        <ele>27.2</ele>
        <time>2026-09-14T13:12:28.355Z</time>
      </trkpt>
      <trkpt lat="53.318471" lon="-1.032511">
        <ele>27.3</ele>
        <time>2026-09-14T13:13:23.400Z</time>
      </trkpt>
      <trkpt lat="53.319217" lon="-1.031668">
        <ele>27.3</ele>
        <time>2026-09-14T13:14:25.381Z</time>
      </trkpt>
      <trkpt lat="53.319701" lon="-1.030459">
        <ele>27.4</ele>
        <time>2026-09-14T13:15:25.244Z</time>
      </trkpt>
      <trkpt lat="53.320271" lon="-1.028844">
        <ele>27.3</ele>
        <time>2026-09-14T13:16:42.203Z</time>
      </trkpt>
      <trkpt lat="53.320336" lon="-1.028168">
        <ele>27.2</ele>
        <time>2026-09-14T13:17:10.129Z</time>
      </trkpt>
      <trkpt lat="53.320123" lon="-1.027777">
        <ele>26.9</ele>
        <time>2026-09-14T13:17:31.301Z</time>
      </trkpt>
      <trkpt lat="53.319982" lon="-1.027714">
        <ele>27</ele>
        <time>2026-09-14T13:17:41.324Z</time>
      </trkpt>
      <trkpt lat="53.320163" lon="-1.027709">
        <ele>27.2</ele>
        <time>2026-09-14T13:17:54.268Z</time>
      </trkpt>
      <trkpt lat="53.319955" lon="-1.027316">
        <ele>27.4</ele>
        <time>2026-09-14T13:18:16.565Z</time>
      </trkpt>
      <trkpt lat="53.319186" lon="-1.026413">
        <ele>27.4</ele>
        <time>2026-09-14T13:19:21.542Z</time>
      </trkpt>
      <trkpt lat="53.31911" lon="-1.025879">
        <ele>27.3</ele>
        <time>2026-09-14T13:19:43.984Z</time>
      </trkpt>
      <trkpt lat="53.319177" lon="-1.025361">
        <ele>27.3</ele>
        <time>2026-09-14T13:20:05.577Z</time>
      </trkpt>
      <trkpt lat="53.319299" lon="-1.025267">
        <ele>27.3</ele>
        <time>2026-09-14T13:20:14.801Z</time>
      </trkpt>
      <trkpt lat="53.319874" lon="-1.02559">
        <ele>27</ele>
        <time>2026-09-14T13:20:55.699Z</time>
      </trkpt>
      <trkpt lat="53.320612" lon="-1.025529">
        <ele>27.2</ele>
        <time>2026-09-14T13:21:46.279Z</time>
      </trkpt>
      <trkpt lat="53.320815" lon="-1.025331">
        <ele>27.2</ele>
        <time>2026-09-14T13:22:02.563Z</time>
      </trkpt>
      <trkpt lat="53.321216" lon="-1.024508">
        <ele>27.3</ele>
        <time>2026-09-14T13:22:46.361Z</time>
      </trkpt>
      <trkpt lat="53.321343" lon="-1.024467">
        <ele>27.3</ele>
        <time>2026-09-14T13:22:55.297Z</time>
      </trkpt>
      <trkpt lat="53.321792" lon="-1.024756">
        <ele>27.2</ele>
        <time>2026-09-14T13:23:28.092Z</time>
      </trkpt>
      <trkpt lat="53.322073" lon="-1.025569">
        <ele>27.2</ele>
        <time>2026-09-14T13:24:06.460Z</time>
      </trkpt>
      <trkpt lat="53.32238" lon="-1.026082">
        <ele>27.1</ele>
        <time>2026-09-14T13:24:36.116Z</time>
      </trkpt>
      <trkpt lat="53.32296" lon="-1.026617">
        <ele>27.3</ele>
        <time>2026-09-14T13:25:21.784Z</time>
      </trkpt>
      <trkpt lat="53.323457" lon="-1.026823">
        <ele>27.5</ele>
        <time>2026-09-14T13:25:57.488Z</time>
      </trkpt>
      <trkpt lat="53.323991" lon="-1.026295">
        <ele>27.4</ele>
        <time>2026-09-14T13:26:40.251Z</time>
      </trkpt>
      <trkpt lat="53.326041" lon="-1.026486">
        <ele>27.1</ele>
        <time>2026-09-14T13:29:00.319Z</time>
      </trkpt>
      <trkpt lat="53.328459" lon="-1.026651">
        <ele>27.1</ele>
        <time>2026-09-14T13:31:46.030Z</time>
      </trkpt>
      <trkpt lat="53.330676" lon="-1.026495">
        <ele>27.3</ele>
        <time>2026-09-14T13:34:18.729Z</time>
      </trkpt>
      <trkpt lat="53.331523" lon="-1.026774">
        <ele>27.4</ele>
        <time>2026-09-14T13:35:18.277Z</time>
      </trkpt>
      <trkpt lat="53.331885" lon="-1.02656">
        <ele>27.7</ele>
        <time>2026-09-14T13:35:45.024Z</time>
      </trkpt>
      <trkpt lat="53.33303" lon="-1.024931">
        <ele>28.3</ele>
        <time>2026-09-14T13:37:30.428Z</time>
      </trkpt>
      <trkpt lat="53.333263" lon="-1.024437">
        <ele>28.2</ele>
        <time>2026-09-14T13:37:56.555Z</time>
      </trkpt>
      <trkpt lat="53.33393" lon="-1.0237">
        <ele>28</ele>
        <time>2026-09-14T13:38:50.810Z</time>
      </trkpt>
      <trkpt lat="53.334309" lon="-1.023021">
        <ele>27.9</ele>
        <time>2026-09-14T13:39:28.549Z</time>
      </trkpt>
      <trkpt lat="53.334416" lon="-1.02236">
        <ele>27.4</ele>
        <time>2026-09-14T13:39:55.852Z</time>
      </trkpt>
      <trkpt lat="53.334271" lon="-1.021595">
        <ele>27.2</ele>
        <time>2026-09-14T13:40:27.605Z</time>
      </trkpt>
      <trkpt lat="53.333203" lon="-1.019367">
        <ele>27.1</ele>
        <time>2026-09-14T13:42:24.059Z</time>
      </trkpt>
      <trkpt lat="53.332935" lon="-1.018508">
        <ele>27.2</ele>
        <time>2026-09-14T13:43:03.809Z</time>
      </trkpt>
      <trkpt lat="53.332919" lon="-1.018112">
        <ele>27.3</ele>
        <time>2026-09-14T13:43:20.266Z</time>
      </trkpt>
      <trkpt lat="53.333264" lon="-1.016729">
        <ele>27.4</ele>
        <time>2026-09-14T13:44:22.228Z</time>
      </trkpt>
      <trkpt lat="53.333271" lon="-1.0155">
        <ele>27.4</ele>
        <time>2026-09-14T13:45:12.776Z</time>
      </trkpt>
      <trkpt lat="53.333487" lon="-1.014913">
        <ele>27.4</ele>
        <time>2026-09-14T13:45:41.055Z</time>
      </trkpt>
      <trkpt lat="53.334885" lon="-1.012818">
        <ele>28</ele>
        <time>2026-09-14T13:47:51.424Z</time>
      </trkpt>
      <trkpt lat="53.335314" lon="-1.011867">
        <ele>28.3</ele>
        <time>2026-09-14T13:48:41.069Z</time>
      </trkpt>
      <trkpt lat="53.335482" lon="-1.011194">
        <ele>28.1</ele>
        <time>2026-09-14T13:49:11.103Z</time>
      </trkpt>
      <trkpt lat="53.335621" lon="-1.010994">
        <ele>28</ele>
        <time>2026-09-14T13:49:23.414Z</time>
      </trkpt>
      <trkpt lat="53.335763" lon="-1.010064">
        <ele>28</ele>
        <time>2026-09-14T13:50:02.548Z</time>
      </trkpt>
      <trkpt lat="53.33592" lon="-1.009834">
        <ele>27.9</ele>
        <time>2026-09-14T13:50:16.791Z</time>
      </trkpt>
      <trkpt lat="53.336592" lon="-1.006699">
        <ele>27.7</ele>
        <time>2026-09-14T13:52:32.557Z</time>
      </trkpt>
      <trkpt lat="53.336946" lon="-1.005511">
        <ele>26.3</ele>
        <time>2026-09-14T13:53:25.600Z</time>
      </trkpt>
      <trkpt lat="53.337462" lon="-1.004852">
        <ele>25.8</ele>
        <time>2026-09-14T13:54:07.540Z</time>
      </trkpt>
      <trkpt lat="53.338345" lon="-1.005102">
        <ele>25.5</ele>
        <time>2026-09-14T13:55:07.615Z</time>
      </trkpt>
      <trkpt lat="53.338645" lon="-1.005056">
        <ele>25.4</ele>
        <time>2026-09-14T13:55:27.995Z</time>
      </trkpt>
      <trkpt lat="53.338836" lon="-1.004583">
        <ele>25.3</ele>
        <time>2026-09-14T13:55:51.084Z</time>
      </trkpt>
      <trkpt lat="53.339011" lon="-1.004401">
        <ele>25.4</ele>
        <time>2026-09-14T13:56:05.232Z</time>
      </trkpt>
      <trkpt lat="53.339261" lon="-1.003795">
        <ele>25.1</ele>
        <time>2026-09-14T13:56:35.017Z</time>
      </trkpt>
      <trkpt lat="53.339508" lon="-1.002843">
        <ele>24.9</ele>
        <time>2026-09-14T13:57:16.680Z</time>
      </trkpt>
      <trkpt lat="53.340218" lon="-0.998621">
        <ele>23.5</ele>
        <time>2026-09-14T14:00:12.559Z</time>
      </trkpt>
      <trkpt lat="53.340367" lon="-0.997932">
        <ele>23.1</ele>
        <time>2026-09-14T14:00:41.814Z</time>
      </trkpt>
      <trkpt lat="53.340646" lon="-0.997102">
        <ele>23</ele>
        <time>2026-09-14T14:01:20.002Z</time>
      </trkpt>
      <trkpt lat="53.341145" lon="-0.996147">
        <ele>22.8</ele>
        <time>2026-09-14T14:02:11.513Z</time>
      </trkpt>
      <trkpt lat="53.341266" lon="-0.995623">
        <ele>22.7</ele>
        <time>2026-09-14T14:02:34.267Z</time>
      </trkpt>
      <trkpt lat="53.341363" lon="-0.994908">
        <ele>22.9</ele>
        <time>2026-09-14T14:03:04.508Z</time>
      </trkpt>
      <trkpt lat="53.341283" lon="-0.99413">
        <ele>22.6</ele>
        <time>2026-09-14T14:03:36.720Z</time>
      </trkpt>
      <trkpt lat="53.340563" lon="-0.992708">
        <ele>22.6</ele>
        <time>2026-09-14T14:04:52.527Z</time>
      </trkpt>
      <trkpt lat="53.339682" lon="-0.989999">
        <ele>20.8</ele>
        <time>2026-09-14T14:06:55.565Z</time>
      </trkpt>
      <trkpt lat="53.339111" lon="-0.988974">
        <ele>20.7</ele>
        <time>2026-09-14T14:07:51.222Z</time>
      </trkpt>
      <trkpt lat="53.337641" lon="-0.986875">
        <ele>20.5</ele>
        <time>2026-09-14T14:10:03.251Z</time>
      </trkpt>
      <trkpt lat="53.33527" lon="-0.984364">
        <ele>18.6</ele>
        <time>2026-09-14T14:13:12.088Z</time>
      </trkpt>
      <trkpt lat="53.334991" lon="-0.983936">
        <ele>18.7</ele>
        <time>2026-09-14T14:13:37.414Z</time>
      </trkpt>
      <trkpt lat="53.33461" lon="-0.982248">
        <ele>18.8</ele>
        <time>2026-09-14T14:14:51.881Z</time>
      </trkpt>
      <trkpt lat="53.333277" lon="-0.97982">
        <ele>18.9</ele>
        <time>2026-09-14T14:17:07.552Z</time>
      </trkpt>
      <trkpt lat="53.33296" lon="-0.977779">
        <ele>18.8</ele>
        <time>2026-09-14T14:18:34.048Z</time>
      </trkpt>
      <trkpt lat="53.33277" lon="-0.977276">
        <ele>18.8</ele>
        <time>2026-09-14T14:18:58.390Z</time>
      </trkpt>
      <trkpt lat="53.332261" lon="-0.976661">
        <ele>18.6</ele>
        <time>2026-09-14T14:19:41.105Z</time>
      </trkpt>
      <trkpt lat="53.33192" lon="-0.974772">
        <ele>18.6</ele>
        <time>2026-09-14T14:21:01.642Z</time>
      </trkpt>
      <trkpt lat="53.331644" lon="-0.974076">
        <ele>18.8</ele>
        <time>2026-09-14T14:21:36.094Z</time>
      </trkpt>
      <trkpt lat="53.331457" lon="-0.973804">
        <ele>18.8</ele>
        <time>2026-09-14T14:21:53.310Z</time>
      </trkpt>
      <trkpt lat="53.329807" lon="-0.972455">
        <ele>18.4</ele>
        <time>2026-09-14T14:23:58.335Z</time>
      </trkpt>
      <trkpt lat="53.3293" lon="-0.972302">
        <ele>18.5</ele>
        <time>2026-09-14T14:24:33.514Z</time>
      </trkpt>
      <trkpt lat="53.328805" lon="-0.972601">
        <ele>18.5</ele>
        <time>2026-09-14T14:25:09.811Z</time>
      </trkpt>
      <trkpt lat="53.328499" lon="-0.972489">
        <ele>18.6</ele>
        <time>2026-09-14T14:25:31.440Z</time>
      </trkpt>
      <trkpt lat="53.328375" lon="-0.972075">
        <ele>18.5</ele>
        <time>2026-09-14T14:25:50.437Z</time>
      </trkpt>
      <trkpt lat="53.328364" lon="-0.971692">
        <ele>18.3</ele>
        <time>2026-09-14T14:26:05.746Z</time>
      </trkpt>
      <trkpt lat="53.328444" lon="-0.970521">
        <ele>18.4</ele>
        <time>2026-09-14T14:26:53.859Z</time>
      </trkpt>
      <trkpt lat="53.328679" lon="-0.968398">
        <ele>18.4</ele>
        <time>2026-09-14T14:28:22.625Z</time>
      </trkpt>
      <trkpt lat="53.328171" lon="-0.966647">
        <ele>18.6</ele>
        <time>2026-09-14T14:29:42.768Z</time>
      </trkpt>
      <trkpt lat="53.327621" lon="-0.965743">
        <ele>18.7</ele>
        <time>2026-09-14T14:30:36.071Z</time>
      </trkpt>
      <trkpt lat="53.327177" lon="-0.964929">
        <ele>18.7</ele>
        <time>2026-09-14T14:31:21.433Z</time>
      </trkpt>
      <trkpt lat="53.326926" lon="-0.964302">
        <ele>18.8</ele>
        <time>2026-09-14T14:31:52.521Z</time>
      </trkpt>
      <trkpt lat="53.326796" lon="-0.963416">
        <ele>18.8</ele>
        <time>2026-09-14T14:32:30.115Z</time>
      </trkpt>
      <trkpt lat="53.326662" lon="-0.962973">
        <ele>19</ele>
        <time>2026-09-14T14:32:50.701Z</time>
      </trkpt>
      <trkpt lat="53.3264" lon="-0.962276">
        <ele>19</ele>
        <time>2026-09-14T14:33:24.870Z</time>
      </trkpt>
      <trkpt lat="53.326392" lon="-0.961833">
        <ele>19.1</ele>
        <time>2026-09-14T14:33:43.158Z</time>
      </trkpt>
      <trkpt lat="53.326194" lon="-0.960901">
        <ele>19.2</ele>
        <time>2026-09-14T14:34:24.162Z</time>
      </trkpt>
      <trkpt lat="53.326234" lon="-0.960429">
        <ele>19.3</ele>
        <time>2026-09-14T14:34:43.918Z</time>
      </trkpt>
      <trkpt lat="53.326135" lon="-0.960083">
        <ele>19.4</ele>
        <time>2026-09-14T14:34:59.931Z</time>
      </trkpt>
      <trkpt lat="53.326205" lon="-0.959511">
        <ele>19.5</ele>
        <time>2026-09-14T14:35:24.255Z</time>
      </trkpt>
      <trkpt lat="53.32615" lon="-0.959294">
        <ele>19.5</ele>
        <time>2026-09-14T14:35:34.114Z</time>
      </trkpt>
      <trkpt lat="53.326178" lon="-0.959139">
        <ele>19.6</ele>
        <time>2026-09-14T14:35:40.875Z</time>
      </trkpt>
      <trkpt lat="53.32625" lon="-0.959022">
        <ele>19.7</ele>
        <time>2026-09-14T14:35:47.889Z</time>
      </trkpt>
      <trkpt lat="53.326161" lon="-0.958793">
        <ele>19.7</ele>
        <time>2026-09-14T14:35:59.296Z</time>
      </trkpt>
      <trkpt lat="53.326266" lon="-0.9584">
        <ele>19.8</ele>
        <time>2026-09-14T14:36:17.342Z</time>
      </trkpt>
      <trkpt lat="53.326254" lon="-0.957268">
        <ele>20.1</ele>
        <time>2026-09-14T14:37:04.547Z</time>
      </trkpt>
      <trkpt lat="53.32612" lon="-0.956892">
        <ele>20</ele>
        <time>2026-09-14T14:37:22.680Z</time>
      </trkpt>
      <trkpt lat="53.325731" lon="-0.956089">
        <ele>19.9</ele>
        <time>2026-09-14T14:38:04.659Z</time>
      </trkpt>
      <trkpt lat="53.324814" lon="-0.954406">
        <ele>19.8</ele>
        <time>2026-09-14T14:39:37.686Z</time>
      </trkpt>
      <trkpt lat="53.323759" lon="-0.952556">
        <ele>19.6</ele>
        <time>2026-09-14T14:41:22.125Z</time>
      </trkpt>
      <trkpt lat="53.323285" lon="-0.952296">
        <ele>19.6</ele>
        <time>2026-09-14T14:41:56.231Z</time>
      </trkpt>
      <trkpt lat="53.322638" lon="-0.952358">
        <ele>19.6</ele>
        <time>2026-09-14T14:42:40.741Z</time>
      </trkpt>
      <trkpt lat="53.322417" lon="-0.952168">
        <ele>19.5</ele>
        <time>2026-09-14T14:42:57.718Z</time>
      </trkpt>
      <trkpt lat="53.322096" lon="-0.95133">
        <ele>19.4</ele>
        <time>2026-09-14T14:43:38.123Z</time>
      </trkpt>
      <trkpt lat="53.321935" lon="-0.951037">
        <ele>19.2</ele>
        <time>2026-09-14T14:43:54.191Z</time>
      </trkpt>
      <trkpt lat="53.321319" lon="-0.949613">
        <ele>17</ele>
        <time>2026-09-14T14:45:00.335Z</time>
      </trkpt>
      <trkpt lat="53.321064" lon="-0.949503">
        <ele>16.8</ele>
        <time>2026-09-14T14:45:16.948Z</time>
      </trkpt>
      <trkpt lat="53.320515" lon="-0.949644">
        <ele>16.9</ele>
        <time>2026-09-14T14:45:54.886Z</time>
      </trkpt>
      <trkpt lat="53.320419" lon="-0.94952">
        <ele>16.9</ele>
        <time>2026-09-14T14:46:03.292Z</time>
      </trkpt>
      <trkpt lat="53.320147" lon="-0.949565">
        <ele>17</ele>
        <time>2026-09-14T14:46:22.278Z</time>
      </trkpt>
      <trkpt lat="53.31979" lon="-0.949438">
        <ele>16.9</ele>
        <time>2026-09-14T14:46:47.345Z</time>
      </trkpt>
      <trkpt lat="53.319496" lon="-0.949145">
        <ele>16.5</ele>
        <time>2026-09-14T14:47:10.098Z</time>
      </trkpt>
      <trkpt lat="53.319297" lon="-0.948389">
        <ele>16.5</ele>
        <time>2026-09-14T14:47:43.264Z</time>
      </trkpt>
      <trkpt lat="53.319252" lon="-0.947496">
        <ele>16.3</ele>
        <time>2026-09-14T14:48:19.710Z</time>
      </trkpt>
      <trkpt lat="53.319279" lon="-0.946886">
        <ele>16.4</ele>
        <time>2026-09-14T14:48:44.680Z</time>
      </trkpt>
      <trkpt lat="53.31919" lon="-0.945921">
        <ele>16.5</ele>
        <time>2026-09-14T14:49:25.120Z</time>
      </trkpt>
      <trkpt lat="53.319183" lon="-0.944969">
        <ele>16.3</ele>
        <time>2026-09-14T14:50:04.029Z</time>
      </trkpt>
      <trkpt lat="53.319237" lon="-0.944483">
        <ele>16.3</ele>
        <time>2026-09-14T14:50:24.099Z</time>
      </trkpt>
      <trkpt lat="53.31906" lon="-0.941769">
        <ele>15.4</ele>
        <time>2026-09-14T14:52:13.759Z</time>
      </trkpt>
      <trkpt lat="53.319135" lon="-0.940411">
        <ele>15.7</ele>
        <time>2026-09-14T14:53:09.095Z</time>
      </trkpt>
      <trkpt lat="53.31936" lon="-0.939964">
        <ele>15.7</ele>
        <time>2026-09-14T14:53:33.355Z</time>
      </trkpt>
      <trkpt lat="53.319435" lon="-0.939522">
        <ele>15.8</ele>
        <time>2026-09-14T14:53:52.342Z</time>
      </trkpt>
      <trkpt lat="53.319685" lon="-0.939333">
        <ele>15.8</ele>
        <time>2026-09-14T14:54:11.336Z</time>
      </trkpt>
      <trkpt lat="53.319979" lon="-0.938813">
        <ele>15.8</ele>
        <time>2026-09-14T14:54:40.711Z</time>
      </trkpt>
      <trkpt lat="53.32095" lon="-0.936657">
        <ele>15.6</ele>
        <time>2026-09-14T14:56:31.000Z</time>
      </trkpt>
      <trkpt lat="53.32167" lon="-0.935956">
        <ele>15.6</ele>
        <time>2026-09-14T14:57:27.995Z</time>
      </trkpt>
      <trkpt lat="53.321751" lon="-0.936018">
        <ele>15.6</ele>
        <time>2026-09-14T14:57:34.112Z</time>
      </trkpt>
      <trkpt lat="53.322102" lon="-0.935798">
        <ele>15.5</ele>
        <time>2026-09-14T14:57:59.604Z</time>
      </trkpt>
      <trkpt lat="53.322394" lon="-0.935339">
        <ele>15.6</ele>
        <time>2026-09-14T14:58:27.114Z</time>
      </trkpt>
      <trkpt lat="53.322461" lon="-0.935104">
        <ele>15.7</ele>
        <time>2026-09-14T14:58:37.969Z</time>
      </trkpt>
      <trkpt lat="53.322325" lon="-0.934129">
        <ele>15.7</ele>
        <time>2026-09-14T14:59:19.290Z</time>
      </trkpt>
      <trkpt lat="53.322417" lon="-0.933367">
        <ele>15.7</ele>
        <time>2026-09-14T14:59:51.183Z</time>
      </trkpt>
      <trkpt lat="53.322645" lon="-0.932748">
        <ele>15.6</ele>
        <time>2026-09-14T15:00:20.867Z</time>
      </trkpt>
      <trkpt lat="53.323267" lon="-0.931694">
        <ele>15.6</ele>
        <time>2026-09-14T15:01:21.443Z</time>
      </trkpt>
      <trkpt lat="53.323903" lon="-0.928865">
        <ele>15.7</ele>
        <time>2026-09-14T15:03:25.655Z</time>
      </trkpt>
      <trkpt lat="53.324166" lon="-0.928319">
        <ele>15.7</ele>
        <time>2026-09-14T15:03:54.487Z</time>
      </trkpt>
      <trkpt lat="53.324479" lon="-0.928021">
        <ele>15.6</ele>
        <time>2026-09-14T15:04:19.074Z</time>
      </trkpt>
      <trkpt lat="53.324907" lon="-0.927959">
        <ele>15.7</ele>
        <time>2026-09-14T15:04:48.580Z</time>
      </trkpt>
      <trkpt lat="53.326132" lon="-0.9281">
        <ele>15.7</ele>
        <time>2026-09-14T15:06:13.143Z</time>
      </trkpt>
      <trkpt lat="53.326407" lon="-0.928013">
        <ele>15.7</ele>
        <time>2026-09-14T15:06:32.364Z</time>
      </trkpt>
      <trkpt lat="53.326874" lon="-0.927604">
        <ele>15.7</ele>
        <time>2026-09-14T15:07:08.561Z</time>
      </trkpt>
      <trkpt lat="53.327116" lon="-0.927188">
        <ele>15.7</ele>
        <time>2026-09-14T15:07:32.382Z</time>
      </trkpt>
      <trkpt lat="53.327244" lon="-0.926647">
        <ele>15.7</ele>
        <time>2026-09-14T15:07:56.252Z</time>
      </trkpt>
      <trkpt lat="53.327165" lon="-0.925446">
        <ele>15.7</ele>
        <time>2026-09-14T15:08:45.814Z</time>
      </trkpt>
      <trkpt lat="53.327308" lon="-0.924815">
        <ele>15.7</ele>
        <time>2026-09-14T15:09:13.498Z</time>
      </trkpt>
      <trkpt lat="53.327827" lon="-0.92396">
        <ele>15.8</ele>
        <time>2026-09-14T15:10:03.703Z</time>
      </trkpt>
      <trkpt lat="53.328399" lon="-0.923687">
        <ele>15.8</ele>
        <time>2026-09-14T15:10:44.693Z</time>
      </trkpt>
      <trkpt lat="53.328059" lon="-0.923902">
        <ele>15.8</ele>
        <time>2026-09-14T15:11:09.654Z</time>
      </trkpt>
      <trkpt lat="53.328018" lon="-0.924052">
        <ele>15.9</ele>
        <time>2026-09-14T15:11:16.487Z</time>
      </trkpt>
      <trkpt lat="53.328494" lon="-0.923884">
        <ele>15.9</ele>
        <time>2026-09-14T15:11:50.155Z</time>
      </trkpt>
      <trkpt lat="53.328618" lon="-0.923659">
        <ele>16</ele>
        <time>2026-09-14T15:12:02.639Z</time>
      </trkpt>
      <trkpt lat="53.328712" lon="-0.923718">
        <ele>15.8</ele>
        <time>2026-09-14T15:12:09.427Z</time>
      </trkpt>
      <trkpt lat="53.328973" lon="-0.923488">
        <ele>15.7</ele>
        <time>2026-09-14T15:12:29.368Z</time>
      </trkpt>
      <trkpt lat="53.329251" lon="-0.92295">
        <ele>15.5</ele>
        <time>2026-09-14T15:12:57.750Z</time>
      </trkpt>
      <trkpt lat="53.329839" lon="-0.921264">
        <ele>15.6</ele>
        <time>2026-09-14T15:14:17.607Z</time>
      </trkpt>
      <trkpt lat="53.330629" lon="-0.91791">
        <ele>15.2</ele>
        <time>2026-09-14T15:16:44.892Z</time>
      </trkpt>
      <trkpt lat="53.330954" lon="-0.917078">
        <ele>14.4</ele>
        <time>2026-09-14T15:17:24.869Z</time>
      </trkpt>
      <trkpt lat="53.331415" lon="-0.916456">
        <ele>14.1</ele>
        <time>2026-09-14T15:18:03.838Z</time>
      </trkpt>
      <trkpt lat="53.334056" lon="-0.913947">
        <ele>13.7</ele>
        <time>2026-09-14T15:21:30.577Z</time>
      </trkpt>
      <trkpt lat="53.33452" lon="-0.913749">
        <ele>13.7</ele>
        <time>2026-09-14T15:22:03.295Z</time>
      </trkpt>
      <trkpt lat="53.334932" lon="-0.913833">
        <ele>13.7</ele>
        <time>2026-09-14T15:22:31.801Z</time>
      </trkpt>
      <trkpt lat="53.337894" lon="-0.915931">
        <ele>13.8</ele>
        <time>2026-09-14T15:26:12.959Z</time>
      </trkpt>
      <trkpt lat="53.338484" lon="-0.916015">
        <ele>13.9</ele>
        <time>2026-09-14T15:26:53.724Z</time>
      </trkpt>
      <trkpt lat="53.339291" lon="-0.915787">
        <ele>14.1</ele>
        <time>2026-09-14T15:27:50.471Z</time>
      </trkpt>
      <trkpt lat="53.339498" lon="-0.915836">
        <ele>14.2</ele>
        <time>2026-09-14T15:28:05.017Z</time>
      </trkpt>
      <trkpt lat="53.341235" lon="-0.915267">
        <ele>14</ele>
        <time>2026-09-14T15:30:06.303Z</time>
      </trkpt>
      <trkpt lat="53.342381" lon="-0.914553">
        <ele>14.3</ele>
        <time>2026-09-14T15:31:30.408Z</time>
      </trkpt>
      <trkpt lat="53.344505" lon="-0.912509">
        <ele>14.3</ele>
        <time>2026-09-14T15:34:19.270Z</time>
      </trkpt>
      <trkpt lat="53.345059" lon="-0.911706">
        <ele>14.2</ele>
        <time>2026-09-14T15:35:09.516Z</time>
      </trkpt>
      <trkpt lat="53.345524" lon="-0.910599">
        <ele>14.2</ele>
        <time>2026-09-14T15:36:04.854Z</time>
      </trkpt>
      <trkpt lat="53.345883" lon="-0.910054">
        <ele>14.2</ele>
        <time>2026-09-14T15:36:38.130Z</time>
      </trkpt>
      <trkpt lat="53.347375" lon="-0.910836">
        <ele>14.1</ele>
        <time>2026-09-14T15:38:25.267Z</time>
      </trkpt>
      <trkpt lat="53.348156" lon="-0.911078">
        <ele>14</ele>
        <time>2026-09-14T15:39:19.609Z</time>
      </trkpt>
      <trkpt lat="53.348424" lon="-0.911401">
        <ele>14</ele>
        <time>2026-09-14T15:39:42.194Z</time>
      </trkpt>
      <trkpt lat="53.348808" lon="-0.911431">
        <ele>14.1</ele>
        <time>2026-09-14T15:40:08.762Z</time>
      </trkpt>
      <trkpt lat="53.349823" lon="-0.911926">
        <ele>14.1</ele>
        <time>2026-09-14T15:41:21.594Z</time>
      </trkpt>
      <trkpt lat="53.350288" lon="-0.911701">
        <ele>14.2</ele>
        <time>2026-09-14T15:41:54.934Z</time>
      </trkpt>
      <trkpt lat="53.350893" lon="-0.911004">
        <ele>14.4</ele>
        <time>2026-09-14T15:42:45.922Z</time>
      </trkpt>
      <trkpt lat="53.351099" lon="-0.910904">
        <ele>14.3</ele>
        <time>2026-09-14T15:43:00.722Z</time>
      </trkpt>
      <trkpt lat="53.351319" lon="-0.910514">
        <ele>14.1</ele>
        <time>2026-09-14T15:43:22.166Z</time>
      </trkpt>
      <trkpt lat="53.351772" lon="-0.910156">
        <ele>13.8</ele>
        <time>2026-09-14T15:43:55.625Z</time>
      </trkpt>
      <trkpt lat="53.352356" lon="-0.909402">
        <ele>13.8</ele>
        <time>2026-09-14T15:44:45.713Z</time>
      </trkpt>
      <trkpt lat="53.353008" lon="-0.908997">
        <ele>13.9</ele>
        <time>2026-09-14T15:45:33.623Z</time>
      </trkpt>
      <trkpt lat="53.353504" lon="-0.908924">
        <ele>14</ele>
        <time>2026-09-14T15:46:08.078Z</time>
      </trkpt>
      <trkpt lat="53.35393" lon="-0.908967">
        <ele>14</ele>
        <time>2026-09-14T15:46:37.531Z</time>
      </trkpt>
      <trkpt lat="53.354714" lon="-0.90917">
        <ele>14</ele>
        <time>2026-09-14T15:47:32.017Z</time>
      </trkpt>
      <trkpt lat="53.354934" lon="-0.909347">
        <ele>14</ele>
        <time>2026-09-14T15:47:48.779Z</time>
      </trkpt>
      <trkpt lat="53.35543" lon="-0.909363">
        <ele>14.1</ele>
        <time>2026-09-14T15:48:23.058Z</time>
      </trkpt>
      <trkpt lat="53.355524" lon="-0.909494">
        <ele>14</ele>
        <time>2026-09-14T15:48:31.455Z</time>
      </trkpt>
      <trkpt lat="53.356965" lon="-0.909835">
        <ele>13.9</ele>
        <time>2026-09-14T15:50:10.838Z</time>
      </trkpt>
      <trkpt lat="53.35777" lon="-0.909494">
        <ele>13.8</ele>
        <time>2026-09-14T15:51:07.643Z</time>
      </trkpt>
      <trkpt lat="53.35878" lon="-0.90831">
        <ele>14.6</ele>
        <time>2026-09-14T15:52:33.595Z</time>
      </trkpt>
      <trkpt lat="53.358936" lon="-0.908288">
        <ele>14.2</ele>
        <time>2026-09-14T15:52:44.695Z</time>
      </trkpt>
      <trkpt lat="53.358811" lon="-0.908388">
        <ele>14.9</ele>
        <time>2026-09-14T15:52:54.787Z</time>
      </trkpt>
      <trkpt lat="53.358772" lon="-0.907902">
        <ele>15.4</ele>
        <time>2026-09-14T15:53:16.112Z</time>
      </trkpt>
      <trkpt lat="53.359048" lon="-0.907694">
        <ele>15.6</ele>
        <time>2026-09-14T15:53:38.662Z</time>
      </trkpt>
      <trkpt lat="53.35908" lon="-0.90742">
        <ele>15.9</ele>
        <time>2026-09-14T15:53:50.653Z</time>
      </trkpt>
      <trkpt lat="53.3585" lon="-0.904611">
        <ele>30.7</ele>
        <time>2026-09-14T15:56:29.299Z</time>
      </trkpt>
      <trkpt lat="53.358504" lon="-0.904252">
        <ele>32.1</ele>
        <time>2026-09-14T15:56:48.614Z</time>
      </trkpt>
      <trkpt lat="53.358549" lon="-0.903802">
        <ele>34.6</ele>
        <time>2026-09-14T15:57:13.090Z</time>
      </trkpt>
      <trkpt lat="53.359153" lon="-0.902953">
        <ele>39.9</ele>
        <time>2026-09-14T15:58:22.920Z</time>
      </trkpt>
      <trkpt lat="53.359343" lon="-0.902279">
        <ele>42.8</ele>
        <time>2026-09-14T15:59:01.656Z</time>
      </trkpt>
      <trkpt lat="53.359433" lon="-0.900467">
        <ele>51.2</ele>
        <time>2026-09-14T16:00:37.842Z</time>
      </trkpt>
      <trkpt lat="53.359262" lon="-0.898763">
        <ele>52.8</ele>
        <time>2026-09-14T16:02:02.872Z</time>
      </trkpt>
      <trkpt lat="53.359615" lon="-0.894219">
        <ele>60.7</ele>
        <time>2026-09-14T16:05:31.646Z</time>
      </trkpt>
      <trkpt lat="53.359412" lon="-0.894054">
        <ele>58.6</ele>
        <time>2026-09-14T16:05:48.493Z</time>
      </trkpt>
      <trkpt lat="53.358854" lon="-0.893952">
        <ele>50.9</ele>
        <time>2026-09-14T16:06:11.478Z</time>
      </trkpt>
      <trkpt lat="53.358062" lon="-0.893481">
        <ele>46.1</ele>
        <time>2026-09-14T16:06:50.002Z</time>
      </trkpt>
      <trkpt lat="53.357141" lon="-0.894389">
        <ele>43.1</ele>
        <time>2026-09-14T16:07:50.487Z</time>
      </trkpt>
      <trkpt lat="53.355942" lon="-0.894962">
        <ele>42.3</ele>
        <time>2026-09-14T16:09:09.847Z</time>
      </trkpt>
      <trkpt lat="53.35561" lon="-0.895247">
        <ele>43.1</ele>
        <time>2026-09-14T16:09:35.468Z</time>
      </trkpt>
      <trkpt lat="53.354954" lon="-0.895399">
        <ele>45.3</ele>
        <time>2026-09-14T16:10:26.749Z</time>
      </trkpt>
      <trkpt lat="53.353601" lon="-0.895371">
        <ele>50.2</ele>
        <time>2026-09-14T16:12:13.932Z</time>
      </trkpt>
      <trkpt lat="53.353094" lon="-0.895856">
        <ele>51.3</ele>
        <time>2026-09-14T16:12:59.475Z</time>
      </trkpt>
      <trkpt lat="53.353047" lon="-0.895206">
        <ele>49.9</ele>
        <time>2026-09-14T16:13:25.946Z</time>
      </trkpt>
      <trkpt lat="53.353832" lon="-0.886618">
        <ele>34.9</ele>
        <time>2026-09-14T16:18:36.083Z</time>
      </trkpt>
      <trkpt lat="53.353628" lon="-0.886068">
        <ele>34.3</ele>
        <time>2026-09-14T16:18:59.356Z</time>
      </trkpt>
      <trkpt lat="53.353771" lon="-0.88592">
        <ele>33.7</ele>
        <time>2026-09-14T16:19:09.247Z</time>
      </trkpt>
      <trkpt lat="53.353889" lon="-0.885514">
        <ele>32.2</ele>
        <time>2026-09-14T16:19:23.994Z</time>
      </trkpt>
      <trkpt lat="53.353898" lon="-0.884468">
        <ele>29.3</ele>
        <time>2026-09-14T16:19:58.307Z</time>
      </trkpt>
      <trkpt lat="53.354336" lon="-0.882258">
        <ele>30.5</ele>
        <time>2026-09-14T16:21:30.152Z</time>
      </trkpt>
      <trkpt lat="53.354815" lon="-0.880355">
        <ele>29.3</ele>
        <time>2026-09-14T16:22:54.816Z</time>
      </trkpt>
      <trkpt lat="53.354706" lon="-0.880041">
        <ele>29.3</ele>
        <time>2026-09-14T16:23:09.153Z</time>
      </trkpt>
      <trkpt lat="53.354498" lon="-0.879849">
        <ele>29.4</ele>
        <time>2026-09-14T16:23:25.625Z</time>
      </trkpt>
      <trkpt lat="53.352949" lon="-0.87886">
        <ele>35</ele>
        <time>2026-09-14T16:25:34.510Z</time>
      </trkpt>
      <trkpt lat="53.35235" lon="-0.878061">
        <ele>38.2</ele>
        <time>2026-09-14T16:26:35.392Z</time>
      </trkpt>
      <trkpt lat="53.351185" lon="-0.877053">
        <ele>37.8</ele>
        <time>2026-09-14T16:28:10.881Z</time>
      </trkpt>
      <trkpt lat="53.351118" lon="-0.876828">
        <ele>37.5</ele>
        <time>2026-09-14T16:28:20.967Z</time>
      </trkpt>
      <trkpt lat="53.351228" lon="-0.876235">
        <ele>37.5</ele>
        <time>2026-09-14T16:28:45.765Z</time>
      </trkpt>
      <trkpt lat="53.350539" lon="-0.875435">
        <ele>37.2</ele>
        <time>2026-09-14T16:29:42.700Z</time>
      </trkpt>
      <trkpt lat="53.349812" lon="-0.874386">
        <ele>38.4</ele>
        <time>2026-09-14T16:30:50.082Z</time>
      </trkpt>
      <trkpt lat="53.349777" lon="-0.874195">
        <ele>38.9</ele>
        <time>2026-09-14T16:30:58.850Z</time>
      </trkpt>
      <trkpt lat="53.350704" lon="-0.872519">
        <ele>46.5</ele>
        <time>2026-09-14T16:32:53.842Z</time>
      </trkpt>
      <trkpt lat="53.351047" lon="-0.8716">
        <ele>46.6</ele>
        <time>2026-09-14T16:33:45.640Z</time>
      </trkpt>
      <trkpt lat="53.351711" lon="-0.870576">
        <ele>45.7</ele>
        <time>2026-09-14T16:34:46.187Z</time>
      </trkpt>
      <trkpt lat="53.352667" lon="-0.868783">
        <ele>42.9</ele>
        <time>2026-09-14T16:36:17.781Z</time>
      </trkpt>
      <trkpt lat="53.353194" lon="-0.868189">
        <ele>41.5</ele>
        <time>2026-09-14T16:36:57.469Z</time>
      </trkpt>
      <trkpt lat="53.353896" lon="-0.867142">
        <ele>40.4</ele>
        <time>2026-09-14T16:37:57.445Z</time>
      </trkpt>
      <trkpt lat="53.355103" lon="-0.864533">
        <ele>40</ele>
        <time>2026-09-14T16:40:09.630Z</time>
      </trkpt>
      <trkpt lat="53.355212" lon="-0.863889">
        <ele>39.4</ele>
        <time>2026-09-14T16:40:36.550Z</time>
      </trkpt>
      <trkpt lat="53.355209" lon="-0.862922">
        <ele>37.6</ele>
        <time>2026-09-14T16:41:11.880Z</time>
      </trkpt>
      <trkpt lat="53.356435" lon="-0.860587">
        <ele>34.3</ele>
        <time>2026-09-14T16:43:07.490Z</time>
      </trkpt>
      <trkpt lat="53.356723" lon="-0.860203">
        <ele>33.6</ele>
        <time>2026-09-14T16:43:30.743Z</time>
      </trkpt>
      <trkpt lat="53.356891" lon="-0.859752">
        <ele>32.8</ele>
        <time>2026-09-14T16:43:50.417Z</time>
      </trkpt>
      <trkpt lat="53.357255" lon="-0.859345">
        <ele>31.3</ele>
        <time>2026-09-14T16:44:16.455Z</time>
      </trkpt>
      <trkpt lat="53.35779" lon="-0.858323">
        <ele>29</ele>
        <time>2026-09-14T16:45:04.739Z</time>
      </trkpt>
      <trkpt lat="53.358799" lon="-0.857434">
        <ele>26.2</ele>
        <time>2026-09-14T16:46:14.000Z</time>
      </trkpt>
      <trkpt lat="53.359581" lon="-0.857376">
        <ele>23.6</ele>
        <time>2026-09-14T16:47:01.114Z</time>
      </trkpt>
      <trkpt lat="53.361332" lon="-0.856836">
        <ele>19.3</ele>
        <time>2026-09-14T16:48:48.877Z</time>
      </trkpt>
      <trkpt lat="53.361507" lon="-0.856461">
        <ele>19.1</ele>
        <time>2026-09-14T16:49:06.500Z</time>
      </trkpt>
      <trkpt lat="53.361457" lon="-0.855283">
        <ele>19.8</ele>
        <time>2026-09-14T16:49:56.005Z</time>
      </trkpt>
      <trkpt lat="53.3614" lon="-0.854978">
        <ele>20</ele>
        <time>2026-09-14T16:50:09.694Z</time>
      </trkpt>
      <trkpt lat="53.362065" lon="-0.854787">
        <ele>17.9</ele>
        <time>2026-09-14T16:50:51.518Z</time>
      </trkpt>
      <trkpt lat="53.362223" lon="-0.854988">
        <ele>17.8</ele>
        <time>2026-09-14T16:51:03.806Z</time>
      </trkpt>
    </trkseg>
  </trk>
</gpx>
