<?xml version="1.0" encoding="UTF-8"?>
<gpx version="1.1" creator="OS Maps - Web" schemaLocation="http://www.topografix.com/GPX/1/1 http://www.topografix.com/GPX/1/1/gpx.xsd http://www.garmin.com/xmlschemas/GpxExtensions/v3 http://www.garmin.com/xmlschemas/GpxExtensionsv3.xsd http://www.garmin.com/xmlschemas/TrackPointExtension/v1 http://www.garmin.com/xmlschemas/TrackPointExtensionv1.xsd http://www.garmin.com/xmlschemas/PowerExtension/v1 http://www.garmin.com/xmlschemas/PowerExtensionv1.xsd http://www.topografix.com/GPX/gpx_style/0/2 http://www.topografix.com/GPX/gpx_style/0/2/gpx_style.xsd" xmlns="http://www.topografix.com/GPX/1/1" xmlns:xsi="http://www.w3.org/2001/XMLSchema-instance" xsi:schemaLocation="http://www.topografix.com/GPX/1/1 http://www.topografix.com/GPX/1/1/gpx.xsd http://www.garmin.com/xmlschemas/GpxExtensions/v3 http://www.garmin.com/xmlschemas/GpxExtensionsv3.xsd http://www.garmin.com/xmlschemas/TrackPointExtension/v1 http://www.garmin.com/xmlschemas/TrackPointExtensionv1.xsd http://www.garmin.com/xmlschemas/PowerExtension/v1 http://www.garmin.com/xmlschemas/PowerExtensionv1.xsd http://www.topografix.com/GPX/gpx_style/0/2 http://www.topografix.com/GPX/gpx_style/0/2/gpx_style.xsd" xmlns:gpxtpx="http://www.garmin.com/xmlschemas/TrackPointExtension/v1" xmlns:gpxx="http://www.garmin.com/xmlschemas/GpxExtensions/v3" xmlns:gpxpx="http://www.garmin.com/xmlschemas/PowerExtension/v1" xmlns:gpx_style="http://www.topografix.com/GPX/gpx_style/0/2">
  <metadata>
    <name>rh100</name>
    <author>
      <name>gpx.studio</name>
      <link href="https://gpx.studio"/>
    </author>
  </metadata>
  <wpt lat="53.3615396" lon="-0.85655">
    <ele>20.296995461267567</ele>
    <name>Wheatley Hall</name>
  </wpt>
  <wpt lat="53.358788" lon="-0.908321">
    <ele>14.058664675569375</ele>
    <name>Boat Inn</name>
  </wpt>
  <wpt lat="53.338916" lon="-1.004551">
    <ele>25.386743751123092</ele>
    <name>Old London Road</name>
  </wpt>
  <wpt lat="53.29881" lon="-1.080183">
    <ele>34.08523861983471</ele>
    <name>Manton Pit Wood</name>
  </wpt>
  <wpt lat="53.278607" lon="-1.08515">
    <ele>65.6065046735814</ele>
    <name>Forest Loop</name>
  </wpt>
  <wpt lat="53.26493" lon="-1.029957">
    <ele>56.980077984022316</ele>
    <name>A614</name>
  </wpt>
  <wpt lat="53.235675" lon="-1.103948">
    <ele>75.9661903948284</ele>
    <name>Hazel Gap</name>
  </wpt>
  <wpt lat="53.19026" lon="-1.09704"/>
  <wpt lat="53.235675" lon="-1.103948">
    <ele>75.9661903948284</ele>
    <name>Hazel Gap</name>
  </wpt>
  <wpt lat="53.264308" lon="-1.191267">
    <ele>74.89577496498899</ele>
    <name>Creswell Crags</name>
  </wpt>
  <wpt lat="53.278607" lon="-1.08515">
    <ele>65.6065046735814</ele>
    <name>Forest Loop</name>
  </wpt>
  <wpt lat="53.26493" lon="-1.029957">
    <ele>56.980077984022316</ele>
    <name>A614</name>
  </wpt>
  <wpt lat="53.235675" lon="-1.103948">
    <ele>75.9661903948284</ele>
    <name>Hazel Gap</name>
  </wpt>
  <wpt lat="53.19026" lon="-1.09704"/>
  <wpt lat="53.235675" lon="-1.103948">
    <ele>75.9661903948284</ele>
    <name>Hazel Gap</name>
  </wpt>
  <wpt lat="53.264308" lon="-1.191267">
    <ele>74.89577496498899</ele>
    <name>Creswell Crags</name>
  </wpt>
  <wpt lat="53.278607" lon="-1.08515">
    <ele>65.6065046735814</ele>
    <name>Forest Loop</name>
  </wpt>
  <wpt lat="53.29881" lon="-1.080183">
    <ele>34.08523861983471</ele>
    <name>Manton Pit Wood</name>
  </wpt>
  <wpt lat="53.338916" lon="-1.004551">
    <ele>25.386743751123092</ele>
    <name>Old London Road</name>
  </wpt>
  <wpt lat="53.358788" lon="-0.908321">
    <ele>14.058664675569375</ele>
    <name>Boat Inn</name>
  </wpt>
  <wpt lat="53.362266" lon="-0.855007">
    <name>South Wheatley Village Hall</name>
  </wpt>
  <trk>
    <name>rh100</name>
    <trkseg>
      <trkpt lat="53.3615396" lon="-0.85655">
        <ele>20.296995461267567</ele>
      </trkpt>
      <trkpt lat="53.3613635" lon="-0.8568491">
        <ele>20.100000000000364</ele>
      </trkpt>
      <trkpt lat="53.3595931" lon="-0.8573681">
        <ele>26.565658258735386</ele>
      </trkpt>
      <trkpt lat="53.3589432" lon="-0.8574057">
        <ele>26.340625385496015</ele>
      </trkpt>
      <trkpt lat="53.3584182" lon="-0.8577168">
        <ele>27.550763570233542</ele>
      </trkpt>
      <trkpt lat="53.3582549" lon="-0.8573145">
        <ele>27.897666502420957</ele>
      </trkpt>
      <trkpt lat="53.3567085" lon="-0.8557373">
        <ele>33.58133004498698</ele>
      </trkpt>
      <trkpt lat="53.3567598" lon="-0.8555442">
        <ele>33.34361173303458</ele>
      </trkpt>
      <trkpt lat="53.3564716" lon="-0.8551955">
        <ele>33.70469095640861</ele>
      </trkpt>
      <trkpt lat="53.3561066" lon="-0.8550775">
        <ele>34.03749404444838</ele>
      </trkpt>
      <trkpt lat="53.3558761" lon="-0.8549085">
        <ele>33.638055058408405</ele>
      </trkpt>
      <trkpt lat="53.3547555" lon="-0.8537364">
        <ele>29.518819161458012</ele>
      </trkpt>
      <trkpt lat="53.353827" lon="-0.8529371">
        <ele>26.700000000000728</ele>
      </trkpt>
      <trkpt lat="53.3528087" lon="-0.8521754">
        <ele>27.05014962321171</ele>
      </trkpt>
      <trkpt lat="53.3529464" lon="-0.8516657">
        <ele>26.062458936893613</ele>
      </trkpt>
      <trkpt lat="53.3498468" lon="-0.8508074">
        <ele>34.86574359651492</ele>
      </trkpt>
      <trkpt lat="53.3499301" lon="-0.8483344">
        <ele>33.525013836938975</ele>
      </trkpt>
      <trkpt lat="53.3491183" lon="-0.8480957">
        <ele>35.603107470227776</ele>
      </trkpt>
      <trkpt lat="53.3479079" lon="-0.8475968">
        <ele>35.79120483009311</ele>
      </trkpt>
      <trkpt lat="53.3475284" lon="-0.8473152">
        <ele>33.499941340980946</ele>
      </trkpt>
      <trkpt lat="53.3475797" lon="-0.8445954">
        <ele>29.224985766300573</ele>
      </trkpt>
      <trkpt lat="53.3437463" lon="-0.8445525">
        <ele>26.874980266672992</ele>
      </trkpt>
      <trkpt lat="53.3443131" lon="-0.8633065">
        <ele>65.27508158274095</ele>
      </trkpt>
      <trkpt lat="53.3442395" lon="-0.8636391">
        <ele>65.6187154889111</ele>
      </trkpt>
      <trkpt lat="53.3444284" lon="-0.8665895">
        <ele>63.4501753038734</ele>
      </trkpt>
      <trkpt lat="53.3443756" lon="-0.8683196">
        <ele>58.45666327622013</ele>
      </trkpt>
      <trkpt lat="53.3442587" lon="-0.8700603">
        <ele>55.54609245017074</ele>
      </trkpt>
      <trkpt lat="53.3441594" lon="-0.8707416">
        <ele>56.30008910023722</ele>
      </trkpt>
      <trkpt lat="53.3436502" lon="-0.8705753">
        <ele>57.63750714436224</ele>
      </trkpt>
      <trkpt lat="53.3434805" lon="-0.8735418">
        <ele>57.29992568441776</ele>
      </trkpt>
      <trkpt lat="53.3433195" lon="-0.8772795">
        <ele>58.82890020025324</ele>
      </trkpt>
      <trkpt lat="53.3433299" lon="-0.8785254">
        <ele>59.28764550872252</ele>
      </trkpt>
      <trkpt lat="53.3431954" lon="-0.8852202">
        <ele>63.9437003281907</ele>
      </trkpt>
      <trkpt lat="53.342932" lon="-0.8854508">
        <ele>63.90000000000145</ele>
      </trkpt>
      <trkpt lat="53.342872" lon="-0.8855635">
        <ele>63.85082351244604</ele>
      </trkpt>
      <trkpt lat="53.3426926" lon="-0.8872426">
        <ele>63.0624928350097</ele>
      </trkpt>
      <trkpt lat="53.3427374" lon="-0.8877897">
        <ele>63.849918967882516</ele>
      </trkpt>
      <trkpt lat="53.3429232" lon="-0.8883476">
        <ele>64.51250047386574</ele>
      </trkpt>
      <trkpt lat="53.3445213" lon="-0.8914965">
        <ele>63.6099014169835</ele>
      </trkpt>
      <trkpt lat="53.3487485" lon="-0.8779031">
        <ele>49.1499750052817</ele>
      </trkpt>
      <trkpt lat="53.3490399" lon="-0.8770595">
        <ele>47.072550568086356</ele>
      </trkpt>
      <trkpt lat="53.3493889" lon="-0.8762589">
        <ele>44.43768099457991</ele>
      </trkpt>
      <trkpt lat="53.350031" lon="-0.8751062">
        <ele>38.1155694139427</ele>
      </trkpt>
      <trkpt lat="53.3501679" lon="-0.8749409">
        <ele>37.7387085085901</ele>
      </trkpt>
      <trkpt lat="53.3502599" lon="-0.874958">
        <ele>37.568812592962594</ele>
      </trkpt>
      <trkpt lat="53.3504633" lon="-0.8753268">
        <ele>36.6941120173373</ele>
      </trkpt>
      <trkpt lat="53.3512013" lon="-0.8762294">
        <ele>35.062487409776644</ele>
      </trkpt>
      <trkpt lat="53.3512053" lon="-0.8764279">
        <ele>35.20294381285512</ele>
      </trkpt>
      <trkpt lat="53.3510853" lon="-0.8768624">
        <ele>35.400000000001455</ele>
      </trkpt>
      <trkpt lat="53.3511277" lon="-0.8770341">
        <ele>35.3499813432818</ele>
      </trkpt>
      <trkpt lat="53.3524381" lon="-0.8781914">
        <ele>35.517232321645196</ele>
      </trkpt>
      <trkpt lat="53.3530109" lon="-0.8789351">
        <ele>32.698328582943205</ele>
      </trkpt>
      <trkpt lat="53.3537901" lon="-0.8794615">
        <ele>29.756385754887948</ele>
      </trkpt>
      <trkpt lat="53.3543385" lon="-0.8797552">
        <ele>28.689939865095173</ele>
      </trkpt>
      <trkpt lat="53.354603" lon="-0.879961">
        <ele>28.655265632434997</ele>
      </trkpt>
      <trkpt lat="53.3547907" lon="-0.8801883">
        <ele>29.332635283213225</ele>
      </trkpt>
      <trkpt lat="53.3548708" lon="-0.8804673">
        <ele>30.274730501135366</ele>
      </trkpt>
      <trkpt lat="53.3536284" lon="-0.8861053">
        <ele>35.39984524254822</ele>
      </trkpt>
      <trkpt lat="53.3534683" lon="-0.8861321">
        <ele>35.02992521335298</ele>
      </trkpt>
      <trkpt lat="53.3533787" lon="-0.8862126">
        <ele>35.02737786377287</ele>
      </trkpt>
      <trkpt lat="53.3533183" lon="-0.8873565">
        <ele>37.290509653325316</ele>
      </trkpt>
      <trkpt lat="53.3533223" lon="-0.8897142">
        <ele>41.27635327548141</ele>
      </trkpt>
      <trkpt lat="53.3530711" lon="-0.895424">
        <ele>49.4445735822207</ele>
      </trkpt>
      <trkpt lat="53.353177" lon="-0.8956701">
        <ele>49.806246039784696</ele>
      </trkpt>
      <trkpt lat="53.3533739" lon="-0.8954582">
        <ele>49.36090715937454</ele>
      </trkpt>
      <trkpt lat="53.3535708" lon="-0.8953536">
        <ele>48.96646842944462</ele>
      </trkpt>
      <trkpt lat="53.3539758" lon="-0.8953133">
        <ele>47.94701634601334</ele>
      </trkpt>
      <trkpt lat="53.3548996" lon="-0.8953589">
        <ele>44.44989248900713</ele>
      </trkpt>
      <trkpt lat="53.3554375" lon="-0.8953267">
        <ele>42.79901371893337</ele>
      </trkpt>
      <trkpt lat="53.3559057" lon="-0.8949901">
        <ele>41.70949492698745</ele>
      </trkpt>
      <trkpt lat="53.3571163" lon="-0.8943873">
        <ele>43.71019161597437</ele>
      </trkpt>
      <trkpt lat="53.3575858" lon="-0.8938247">
        <ele>44.74381345792296</ele>
      </trkpt>
      <trkpt lat="53.3578803" lon="-0.8936048">
        <ele>45.80774315933371</ele>
      </trkpt>
      <trkpt lat="53.3580244" lon="-0.8935645">
        <ele>46.18476263210032</ele>
      </trkpt>
      <trkpt lat="53.358463" lon="-0.8937228">
        <ele>48.21480391970522</ele>
      </trkpt>
      <trkpt lat="53.3589817" lon="-0.8939937">
        <ele>52.85035078574338</ele>
      </trkpt>
      <trkpt lat="53.3594315" lon="-0.8940547">
        <ele>58.741178134922194</ele>
      </trkpt>
      <trkpt lat="53.3595643" lon="-0.8941466">
        <ele>60.40597793888386</ele>
      </trkpt>
      <trkpt lat="53.3594107" lon="-0.8964908">
        <ele>55.67559875506052</ele>
      </trkpt>
      <trkpt lat="53.3592058" lon="-0.8988565">
        <ele>51.591138225824764</ele>
      </trkpt>
      <trkpt lat="53.359329" lon="-0.8998248">
        <ele>51.1034333374348</ele>
      </trkpt>
      <trkpt lat="53.3593754" lon="-0.9007931">
        <ele>49.69993595499547</ele>
      </trkpt>
      <trkpt lat="53.3593354" lon="-0.9017989">
        <ele>44.421933744941924</ele>
      </trkpt>
      <trkpt lat="53.3592654" lon="-0.9025533">
        <ele>39.58139604279353</ele>
      </trkpt>
      <trkpt lat="53.3591994" lon="-0.902794">
        <ele>38.5123362963094</ele>
      </trkpt>
      <trkpt lat="53.3586423" lon="-0.9036148">
        <ele>35.48018014167246</ele>
      </trkpt>
      <trkpt lat="53.358535" lon="-0.9038521">
        <ele>34.18995027120822</ele>
      </trkpt>
      <trkpt lat="53.3584566" lon="-0.9047037">
        <ele>30.64893362261738</ele>
      </trkpt>
      <trkpt lat="53.3585334" lon="-0.9047413">
        <ele>30.51880313771788</ele>
      </trkpt>
      <trkpt lat="53.3590585" lon="-0.907622">
        <ele>16.137455277634352</ele>
      </trkpt>
      <trkpt lat="53.3590329" lon="-0.9077132">
        <ele>15.991318196489441</ele>
      </trkpt>
      <trkpt lat="53.3586967" lon="-0.9077722">
        <ele>15.437420615740463</ele>
      </trkpt>
      <trkpt lat="53.3587479" lon="-0.9084052">
        <ele>13.862579465971825</ele>
      </trkpt>
      <trkpt lat="53.3579604" lon="-0.9092742">
        <ele>13.25632153598185</ele>
      </trkpt>
      <trkpt lat="53.3577511" lon="-0.9094714">
        <ele>13.02406648462667</ele>
      </trkpt>
      <trkpt lat="53.3569695" lon="-0.9098375">
        <ele>14.228174018720996</ele>
      </trkpt>
      <trkpt lat="53.3564228" lon="-0.9097651">
        <ele>13.33633213511958</ele>
      </trkpt>
      <trkpt lat="53.3536444" lon="-0.9090543">
        <ele>14.765615992104008</ele>
      </trkpt>
      <trkpt lat="53.3530017" lon="-0.9091254">
        <ele>15.309260617453798</ele>
      </trkpt>
      <trkpt lat="53.3524101" lon="-0.9093896">
        <ele>13.77991571257446</ele>
      </trkpt>
      <trkpt lat="53.3500262" lon="-0.9118599">
        <ele>13.507764899995008</ele>
      </trkpt>
      <trkpt lat="53.349802" lon="-0.911935">
        <ele>13.762532949867682</ele>
      </trkpt>
      <trkpt lat="53.3495458" lon="-0.9118491">
        <ele>14.481380668050164</ele>
      </trkpt>
      <trkpt lat="53.3458472" lon="-0.910095">
        <ele>14.649299849267514</ele>
      </trkpt>
      <trkpt lat="53.3457094" lon="-0.9101808">
        <ele>14.83755818083175</ele>
      </trkpt>
      <trkpt lat="53.3450241" lon="-0.9116346">
        <ele>13.881190077170096</ele>
      </trkpt>
      <trkpt lat="53.3446622" lon="-0.9122247">
        <ele>13.398832585302024</ele>
      </trkpt>
      <trkpt lat="53.3442195" lon="-0.9127061">
        <ele>13.300000000001091</ele>
      </trkpt>
      <trkpt lat="53.3419432" lon="-0.9148479">
        <ele>13.124942677328818</ele>
      </trkpt>
      <trkpt lat="53.3415869" lon="-0.9150463">
        <ele>13.083101630701666</ele>
      </trkpt>
      <trkpt lat="53.3387083" lon="-0.9160066">
        <ele>13.300000000001091</ele>
      </trkpt>
      <trkpt lat="53.337968" lon="-0.9159502">
        <ele>13.240670094220844</ele>
      </trkpt>
      <trkpt lat="53.3376977" lon="-0.9158349">
        <ele>13.211730998571408</ele>
      </trkpt>
      <trkpt lat="53.3349958" lon="-0.9139171">
        <ele>13.209403278213756</ele>
      </trkpt>
      <trkpt lat="53.3345441" lon="-0.9138058">
        <ele>13.3781543537981</ele>
      </trkpt>
      <trkpt lat="53.3341501" lon="-0.9139091">
        <ele>13.013592097676577</ele>
      </trkpt>
      <trkpt lat="53.3329969" lon="-0.9149149">
        <ele>12.779500419154886</ele>
      </trkpt>
      <trkpt lat="53.3318757" lon="-0.9159636">
        <ele>13.343741938799006</ele>
      </trkpt>
      <trkpt lat="53.3312005" lon="-0.9166315">
        <ele>13.840341370918194</ele>
      </trkpt>
      <trkpt lat="53.3309174" lon="-0.9170727">
        <ele>14.100000000000362</ele>
      </trkpt>
      <trkpt lat="53.3307112" lon="-0.9175998">
        <ele>15.081063515015238</ele>
      </trkpt>
      <trkpt lat="53.3296556" lon="-0.9217733">
        <ele>14.800000000001091</ele>
      </trkpt>
      <trkpt lat="53.3290149" lon="-0.923329">
        <ele>16.831335845683977</ele>
      </trkpt>
      <trkpt lat="53.3287762" lon="-0.9236509">
        <ele>17.45317699215483</ele>
      </trkpt>
      <trkpt lat="53.3284414" lon="-0.9238011">
        <ele>17.287702729670382</ele>
      </trkpt>
      <trkpt lat="53.3279064" lon="-0.9238976">
        <ele>15.662628695602146</ele>
      </trkpt>
      <trkpt lat="53.3275716" lon="-0.924249">
        <ele>15.486603215412066</ele>
      </trkpt>
      <trkpt lat="53.3273201" lon="-0.9247077">
        <ele>15.800250682678234</ele>
      </trkpt>
      <trkpt lat="53.3272167" lon="-0.9249987">
        <ele>15.803008408845553</ele>
      </trkpt>
      <trkpt lat="53.3271518" lon="-0.9253219">
        <ele>15.859217006434486</ele>
      </trkpt>
      <trkpt lat="53.3272047" lon="-0.9266214">
        <ele>15.987456198317044</ele>
      </trkpt>
      <trkpt lat="53.3270477" lon="-0.9272423">
        <ele>15.822118859644299</ele>
      </trkpt>
      <trkpt lat="53.3267754" lon="-0.9277077">
        <ele>16.021349212333778</ele>
      </trkpt>
      <trkpt lat="53.3264133" lon="-0.9280336">
        <ele>18.324883111381222</ele>
      </trkpt>
      <trkpt lat="53.3260729" lon="-0.9281288">
        <ele>17.171759333275883</ele>
      </trkpt>
      <trkpt lat="53.3248017" lon="-0.9280175">
        <ele>16.337506844430187</ele>
      </trkpt>
      <trkpt lat="53.3244285" lon="-0.9281127">
        <ele>15.386041184445803</ele>
      </trkpt>
      <trkpt lat="53.3242546" lon="-0.9282032">
        <ele>15.124079904938569</ele>
      </trkpt>
      <trkpt lat="53.3240207" lon="-0.9285345">
        <ele>15.353820855381198</ele>
      </trkpt>
      <trkpt lat="53.3239222" lon="-0.928743">
        <ele>15.281165637356322</ele>
      </trkpt>
      <trkpt lat="53.3237828" lon="-0.9292781">
        <ele>15.256126181968487</ele>
      </trkpt>
      <trkpt lat="53.3232445" lon="-0.9317136">
        <ele>16.76861637313948</ele>
      </trkpt>
      <trkpt lat="53.3224723" lon="-0.9331217">
        <ele>15.94358674935107</ele>
      </trkpt>
      <trkpt lat="53.3223217" lon="-0.9337091">
        <ele>15.818679502467853</ele>
      </trkpt>
      <trkpt lat="53.3222977" lon="-0.9342845">
        <ele>15.871866473137823</ele>
      </trkpt>
      <trkpt lat="53.3224042" lon="-0.9350777">
        <ele>16.014716366026974</ele>
      </trkpt>
      <trkpt lat="53.3223874" lon="-0.9352742">
        <ele>15.793660609658012</ele>
      </trkpt>
      <trkpt lat="53.3223225" lon="-0.9354439">
        <ele>15.691376477666894</ele>
      </trkpt>
      <trkpt lat="53.3220942" lon="-0.9357416">
        <ele>15.588406470123513</ele>
      </trkpt>
      <trkpt lat="53.3215783" lon="-0.9360722">
        <ele>16.168658142653907</ele>
      </trkpt>
      <trkpt lat="53.321008" lon="-0.9365737">
        <ele>15.218037115886279</ele>
      </trkpt>
      <trkpt lat="53.3207244" lon="-0.937086">
        <ele>15.86864341334574</ele>
      </trkpt>
      <trkpt lat="53.3194699" lon="-0.9398031">
        <ele>17.05922061271668</ele>
      </trkpt>
      <trkpt lat="53.3190725" lon="-0.9408438">
        <ele>18.03131091343364</ele>
      </trkpt>
      <trkpt lat="53.3190741" lon="-0.9419677">
        <ele>15.860649526475695</ele>
      </trkpt>
      <trkpt lat="53.3191719" lon="-0.9446311">
        <ele>17.224915476796102</ele>
      </trkpt>
      <trkpt lat="53.3191302" lon="-0.9449154">
        <ele>17.287505809870662</ele>
      </trkpt>
      <trkpt lat="53.3191975" lon="-0.9451836">
        <ele>17.30000000000109</ele>
      </trkpt>
      <trkpt lat="53.3192263" lon="-0.9462029">
        <ele>16.29371992177437</ele>
      </trkpt>
      <trkpt lat="53.3191847" lon="-0.9464496">
        <ele>15.91258405453634</ele>
      </trkpt>
      <trkpt lat="53.3192295" lon="-0.9468627">
        <ele>15.775002794667216</ele>
      </trkpt>
      <trkpt lat="53.3192616" lon="-0.9483701">
        <ele>16.031251086224913</ele>
      </trkpt>
      <trkpt lat="53.3193882" lon="-0.9488073">
        <ele>17.50740927863335</ele>
      </trkpt>
      <trkpt lat="53.3195596" lon="-0.9492445">
        <ele>18.721857554371695</ele>
      </trkpt>
      <trkpt lat="53.3197278" lon="-0.9494108">
        <ele>18.538580659873794</ele>
      </trkpt>
      <trkpt lat="53.3212002" lon="-0.9495664">
        <ele>17.86453470577969</ele>
      </trkpt>
      <trkpt lat="53.3213144" lon="-0.9496562">
        <ele>18.420916000847228</ele>
      </trkpt>
      <trkpt lat="53.3222897" lon="-0.951983">
        <ele>20.46148873430293</ele>
      </trkpt>
      <trkpt lat="53.322498" lon="-0.9521842">
        <ele>19.77499966577261</ele>
      </trkpt>
      <trkpt lat="53.3234913" lon="-0.9523398">
        <ele>20.4813966688071</ele>
      </trkpt>
      <trkpt lat="53.3237812" lon="-0.9526724">
        <ele>21.30028900904663</ele>
      </trkpt>
      <trkpt lat="53.3259263" lon="-0.9565884">
        <ele>22.52837396187823</ele>
      </trkpt>
      <trkpt lat="53.3260914" lon="-0.9570149">
        <ele>25.618149065207056</ele>
      </trkpt>
      <trkpt lat="53.3262115" lon="-0.9574413">
        <ele>26.575005405291364</ele>
      </trkpt>
      <trkpt lat="53.3261674" lon="-0.9600122">
        <ele>24.437266194918095</ele>
      </trkpt>
      <trkpt lat="53.3261955" lon="-0.9608477">
        <ele>23.695054590875927</ele>
      </trkpt>
      <trkpt lat="53.3264582" lon="-0.9623471">
        <ele>20.286319192809415</ele>
      </trkpt>
      <trkpt lat="53.3269548" lon="-0.9642488">
        <ele>21.338644705235776</ele>
      </trkpt>
      <trkpt lat="53.3271246" lon="-0.9647477">
        <ele>21.337604331505553</ele>
      </trkpt>
      <trkpt lat="53.3273441" lon="-0.9652264">
        <ele>22.009197179787634</ele>
      </trkpt>
      <trkpt lat="53.3281178" lon="-0.9666628">
        <ele>20.900000000001455</ele>
      </trkpt>
      <trkpt lat="53.3282652" lon="-0.9670798">
        <ele>20.71625820936756</ele>
      </trkpt>
      <trkpt lat="53.328656" lon="-0.9684706">
        <ele>20.637621881934198</ele>
      </trkpt>
      <trkpt lat="53.3283485" lon="-0.9717858">
        <ele>20.087218632735404</ele>
      </trkpt>
      <trkpt lat="53.3283553" lon="-0.9720191">
        <ele>19.27992317029037</ele>
      </trkpt>
      <trkpt lat="53.3284134" lon="-0.9722632">
        <ele>18.39504047888475</ele>
      </trkpt>
      <trkpt lat="53.3285163" lon="-0.9724483">
        <ele>17.981994363270026</ele>
      </trkpt>
      <trkpt lat="53.3286512" lon="-0.9725797">
        <ele>17.850387404581532</ele>
      </trkpt>
      <trkpt lat="53.3288699" lon="-0.9725261">
        <ele>17.719246483517047</ele>
      </trkpt>
      <trkpt lat="53.3291975" lon="-0.9723008">
        <ele>17.668918914488128</ele>
      </trkpt>
      <trkpt lat="53.3295403" lon="-0.9722847">
        <ele>17.687495632703165</ele>
      </trkpt>
      <trkpt lat="53.3315553" lon="-0.9739101">
        <ele>17.956341468101</ele>
      </trkpt>
      <trkpt lat="53.3316959" lon="-0.9741502">
        <ele>17.794527452626404</ele>
      </trkpt>
      <trkpt lat="53.3319189" lon="-0.9749562">
        <ele>18</ele>
      </trkpt>
      <trkpt lat="53.3323082" lon="-0.9766406">
        <ele>21.818980017385975</ele>
      </trkpt>
      <trkpt lat="53.3327563" lon="-0.9773017">
        <ele>24.734926166805536</ele>
      </trkpt>
      <trkpt lat="53.33288" lon="-0.9775901">
        <ele>22.423933484336203</ele>
      </trkpt>
      <trkpt lat="53.3329737" lon="-0.9780809">
        <ele>21.95184874889061</ele>
      </trkpt>
      <trkpt lat="53.3331371" lon="-0.9793456">
        <ele>23.50556658623806</ele>
      </trkpt>
      <trkpt lat="53.3332135" lon="-0.9796735">
        <ele>22.884085157838076</ele>
      </trkpt>
      <trkpt lat="53.3333605" lon="-0.9800336">
        <ele>20.759440921108176</ele>
      </trkpt>
      <trkpt lat="53.3345505" lon="-0.9821874">
        <ele>17.525096285133714</ele>
      </trkpt>
      <trkpt lat="53.3346819" lon="-0.982646">
        <ele>17.765568995546584</ele>
      </trkpt>
      <trkpt lat="53.3348324" lon="-0.9833837">
        <ele>17.875078639645565</ele>
      </trkpt>
      <trkpt lat="53.3349862" lon="-0.9838879">
        <ele>18.187483899854804</ele>
      </trkpt>
      <trkpt lat="53.3351207" lon="-0.9841025">
        <ele>18.112570136250408</ele>
      </trkpt>
      <trkpt lat="53.3360529" lon="-0.985221">
        <ele>18.259369524755527</ele>
      </trkpt>
      <trkpt lat="53.3378606" lon="-0.9871696">
        <ele>19.802445882792753</ele>
      </trkpt>
      <trkpt lat="53.3394465" lon="-0.9895004">
        <ele>19.846946748532943</ele>
      </trkpt>
      <trkpt lat="53.3397268" lon="-0.9901401">
        <ele>20.146017534253847</ele>
      </trkpt>
      <trkpt lat="53.3404603" lon="-0.992192">
        <ele>21.243408699101735</ele>
      </trkpt>
      <trkpt lat="53.3412738" lon="-0.9943137">
        <ele>21.937491697771943</ele>
      </trkpt>
      <trkpt lat="53.3413571" lon="-0.9948434">
        <ele>22.4836012903057</ele>
      </trkpt>
      <trkpt lat="53.3412738" lon="-0.9954804">
        <ele>23.78757189214334</ele>
      </trkpt>
      <trkpt lat="53.3411649" lon="-0.9959686">
        <ele>23.775046030200155</ele>
      </trkpt>
      <trkpt lat="53.3410208" lon="-0.9963468">
        <ele>24.884657804902744</ele>
      </trkpt>
      <trkpt lat="53.3406268" lon="-0.9971032">
        <ele>26.29682144564159</ele>
      </trkpt>
      <trkpt lat="53.3403193" lon="-0.9983289">
        <ele>27.17495839732553</ele>
      </trkpt>
      <trkpt lat="53.3401528" lon="-0.999155">
        <ele>28.06891454258005</ele>
      </trkpt>
      <trkpt lat="53.3400663" lon="-0.9993589">
        <ele>26.688994537418864</ele>
      </trkpt>
      <trkpt lat="53.3399958" lon="-0.9997505">
        <ele>26.386959082471684</ele>
      </trkpt>
      <trkpt lat="53.3400022" lon="-0.9999382">
        <ele>27.26296771467544</ele>
      </trkpt>
      <trkpt lat="53.3393456" lon="-1.0034841">
        <ele>24.363868491386693</ele>
      </trkpt>
      <trkpt lat="53.338842" lon="-1.0047193">
        <ele>25.63434560142972</ele>
      </trkpt>
      <trkpt lat="53.3387399" lon="-1.0049251">
        <ele>25.939613103636027</ele>
      </trkpt>
      <trkpt lat="53.3385993" lon="-1.0050881">
        <ele>25.887565227389413</ele>
      </trkpt>
      <trkpt lat="53.337632" lon="-1.0049057">
        <ele>25.500002389331346</ele>
      </trkpt>
      <trkpt lat="53.3374559" lon="-1.0049272">
        <ele>25.492002954361745</ele>
      </trkpt>
      <trkpt lat="53.3373053" lon="-1.0049808">
        <ele>25.568776492710803</ele>
      </trkpt>
      <trkpt lat="53.3370298" lon="-1.0053456">
        <ele>25.28748014932603</ele>
      </trkpt>
      <trkpt lat="53.3368441" lon="-1.0057586">
        <ele>25.346781459526163</ele>
      </trkpt>
      <trkpt lat="53.3365205" lon="-1.006794">
        <ele>26.581391682196703</ele>
      </trkpt>
      <trkpt lat="53.336527" lon="-1.0069066">
        <ele>26.82130033404585</ele>
      </trkpt>
      <trkpt lat="53.3356204" lon="-1.0108227">
        <ele>29.400000000001455</ele>
      </trkpt>
      <trkpt lat="53.3353322" lon="-1.0118043">
        <ele>33.375528322961074</ele>
      </trkpt>
      <trkpt lat="53.3352104" lon="-1.0120296">
        <ele>32.03708924922757</ele>
      </trkpt>
      <trkpt lat="53.3351079" lon="-1.0123193">
        <ele>30.499568022020338</ele>
      </trkpt>
      <trkpt lat="53.3344561" lon="-1.0134056">
        <ele>31.48143966314393</ele>
      </trkpt>
      <trkpt lat="53.3335471" lon="-1.0147481">
        <ele>26.949964035792178</ele>
      </trkpt>
      <trkpt lat="53.3333925" lon="-1.0150793">
        <ele>26.23863627276927</ele>
      </trkpt>
      <trkpt lat="53.3332372" lon="-1.0157096">
        <ele>26.674894938688425</ele>
      </trkpt>
      <trkpt lat="53.3332212" lon="-1.0168844">
        <ele>30.63341022934903</ele>
      </trkpt>
      <trkpt lat="53.3331066" lon="-1.0174263">
        <ele>30.78351437611778</ele>
      </trkpt>
      <trkpt lat="53.3328832" lon="-1.0182363">
        <ele>27.72807220313781</ele>
      </trkpt>
      <trkpt lat="53.3329012" lon="-1.0185313">
        <ele>26.793039999530585</ele>
      </trkpt>
      <trkpt lat="53.332932" lon="-1.0187727">
        <ele>26.243774805335285</ele>
      </trkpt>
      <trkpt lat="53.3330141" lon="-1.0190517">
        <ele>26.362567509339577</ele>
      </trkpt>
      <trkpt lat="53.3342526" lon="-1.0218304">
        <ele>27.223848094202417</ele>
      </trkpt>
      <trkpt lat="53.3343551" lon="-1.0224473">
        <ele>29.50801867956696</ele>
      </trkpt>
      <trkpt lat="53.3343263" lon="-1.022839">
        <ele>32.99414327058602</ele>
      </trkpt>
      <trkpt lat="53.3340797" lon="-1.0233486">
        <ele>34.48776154882597</ele>
      </trkpt>
      <trkpt lat="53.3317508" lon="-1.0266799">
        <ele>27.93987240051097</ele>
      </trkpt>
      <trkpt lat="53.3316531" lon="-1.0267657">
        <ele>27.721970985551238</ele>
      </trkpt>
      <trkpt lat="53.3315297" lon="-1.0267657">
        <ele>27.368312400168907</ele>
      </trkpt>
      <trkpt lat="53.3310075" lon="-1.0265994">
        <ele>27.100000000000364</ele>
      </trkpt>
      <trkpt lat="53.330322" lon="-1.0265189">
        <ele>27.118797681783757</ele>
      </trkpt>
      <trkpt lat="53.3288515" lon="-1.0266423">
        <ele>28.42507878402266</ele>
      </trkpt>
      <trkpt lat="53.3263941" lon="-1.0265136">
        <ele>27.912506399374173</ele>
      </trkpt>
      <trkpt lat="53.325187" lon="-1.0263345">
        <ele>26.767278506654357</ele>
      </trkpt>
      <trkpt lat="53.3238854" lon="-1.0264063">
        <ele>28.615623231487355</ele>
      </trkpt>
      <trkpt lat="53.3235105" lon="-1.0268301">
        <ele>27.658611645374602</ele>
      </trkpt>
      <trkpt lat="53.3229834" lon="-1.0265619">
        <ele>27.309364101058996</ele>
      </trkpt>
      <trkpt lat="53.3225076" lon="-1.0262185">
        <ele>26.3255209644768</ele>
      </trkpt>
      <trkpt lat="53.3222761" lon="-1.0259664">
        <ele>26.246990050632135</ele>
      </trkpt>
      <trkpt lat="53.322083" lon="-1.0256499">
        <ele>26.453026451589956</ele>
      </trkpt>
      <trkpt lat="53.3218379" lon="-1.0249418">
        <ele>26.493792890129708</ele>
      </trkpt>
      <trkpt lat="53.3216208" lon="-1.0246669">
        <ele>26.60613629156805</ele>
      </trkpt>
      <trkpt lat="53.3214229" lon="-1.0245958">
        <ele>26.831308359280353</ele>
      </trkpt>
      <trkpt lat="53.3211674" lon="-1.0246588">
        <ele>27.309489695914877</ele>
      </trkpt>
      <trkpt lat="53.3210845" lon="-1.0247601">
        <ele>27.2552863729196</ele>
      </trkpt>
      <trkpt lat="53.3208093" lon="-1.0253012">
        <ele>26.575164496061305</ele>
      </trkpt>
      <trkpt lat="53.3206715" lon="-1.0254729">
        <ele>26.687487012129026</ele>
      </trkpt>
      <trkpt lat="53.3203158" lon="-1.0256231">
        <ele>26.931185909151573</ele>
      </trkpt>
      <trkpt lat="53.319816" lon="-1.0255909">
        <ele>26.862664930546472</ele>
      </trkpt>
      <trkpt lat="53.3193801" lon="-1.0253656">
        <ele>27.319515316214627</ele>
      </trkpt>
      <trkpt lat="53.3192776" lon="-1.0253736">
        <ele>27.383413634434</ele>
      </trkpt>
      <trkpt lat="53.3191494" lon="-1.0255212">
        <ele>27.125339373401864</ele>
      </trkpt>
      <trkpt lat="53.3190725" lon="-1.0260737">
        <ele>26.35635487577042</ele>
      </trkpt>
      <trkpt lat="53.3191206" lon="-1.0263741">
        <ele>26.72178420457743</ele>
      </trkpt>
      <trkpt lat="53.3195628" lon="-1.0267925">
        <ele>25.88739164929939</ele>
      </trkpt>
      <trkpt lat="53.319973" lon="-1.0274148">
        <ele>27.812444626540632</ele>
      </trkpt>
      <trkpt lat="53.3202902" lon="-1.02808">
        <ele>29.331287997413913</ele>
      </trkpt>
      <trkpt lat="53.320319" lon="-1.028434">
        <ele>28.80054425418043</ele>
      </trkpt>
      <trkpt lat="53.3202037" lon="-1.0290992">
        <ele>28.076373293333493</ele>
      </trkpt>
      <trkpt lat="53.319284" lon="-1.031481">
        <ele>26.093890546332414</ele>
      </trkpt>
      <trkpt lat="53.3190277" lon="-1.031886">
        <ele>26.071835565567277</ele>
      </trkpt>
      <trkpt lat="53.318454" lon="-1.0325244">
        <ele>26.352470189080073</ele>
      </trkpt>
      <trkpt lat="53.3181432" lon="-1.0326719">
        <ele>26.415710154920536</ele>
      </trkpt>
      <trkpt lat="53.3177835" lon="-1.0327578">
        <ele>25.983486019004424</ele>
      </trkpt>
      <trkpt lat="53.3174302" lon="-1.032747">
        <ele>25.987605759991038</ele>
      </trkpt>
      <trkpt lat="53.3168069" lon="-1.0326397">
        <ele>26.507913048395373</ele>
      </trkpt>
      <trkpt lat="53.3166527" lon="-1.032735">
        <ele>26.400000000001455</ele>
      </trkpt>
      <trkpt lat="53.3165497" lon="-1.0328946">
        <ele>26.30000000000109</ele>
      </trkpt>
      <trkpt lat="53.3165361" lon="-1.0332352">
        <ele>26.439650150867866</ele>
      </trkpt>
      <trkpt lat="53.3168269" lon="-1.0340036">
        <ele>26.598426486019108</ele>
      </trkpt>
      <trkpt lat="53.3168694" lon="-1.0344663">
        <ele>27.72473422773253</ele>
      </trkpt>
      <trkpt lat="53.3168057" lon="-1.0346762">
        <ele>29.065966367636207</ele>
      </trkpt>
      <trkpt lat="53.3165341" lon="-1.0350638">
        <ele>28.79888950418811</ele>
      </trkpt>
      <trkpt lat="53.3163326" lon="-1.0351771">
        <ele>27.825080773211695</ele>
      </trkpt>
      <trkpt lat="53.3161427" lon="-1.0352482">
        <ele>27.32621939633244</ele>
      </trkpt>
      <trkpt lat="53.3153231" lon="-1.0353541">
        <ele>27.001601358319192</ele>
      </trkpt>
      <trkpt lat="53.3151821" lon="-1.0354775">
        <ele>26.43873249281864</ele>
      </trkpt>
      <trkpt lat="53.3150667" lon="-1.0357243">
        <ele>25.85438662883114</ele>
      </trkpt>
      <trkpt lat="53.3148841" lon="-1.0364324">
        <ele>25.764799113345532</ele>
      </trkpt>
      <trkpt lat="53.3147206" lon="-1.0373336">
        <ele>26.387516984274995</ele>
      </trkpt>
      <trkpt lat="53.3147206" lon="-1.0376984">
        <ele>26.718815714307922</ele>
      </trkpt>
      <trkpt lat="53.3147463" lon="-1.0379291">
        <ele>26.668467611936535</ele>
      </trkpt>
      <trkpt lat="53.3148071" lon="-1.0381383">
        <ele>26.4375837937705</ele>
      </trkpt>
      <trkpt lat="53.3152991" lon="-1.0391079">
        <ele>26.12653024254878</ele>
      </trkpt>
      <trkpt lat="53.3154225" lon="-1.0394204">
        <ele>26.25780815036719</ele>
      </trkpt>
      <trkpt lat="53.3154737" lon="-1.039651">
        <ele>26.599985810276696</ele>
      </trkpt>
      <trkpt lat="53.3156083" lon="-1.0407293">
        <ele>26.165715134337475</ele>
      </trkpt>
      <trkpt lat="53.3156244" lon="-1.0417995">
        <ele>25.987340112217748</ele>
      </trkpt>
      <trkpt lat="53.3155827" lon="-1.0428697">
        <ele>25.874984743330607</ele>
      </trkpt>
      <trkpt lat="53.3150603" lon="-1.045568">
        <ele>26.35636264225518</ele>
      </trkpt>
      <trkpt lat="53.3147751" lon="-1.0464692">
        <ele>26.174993831990925</ele>
      </trkpt>
      <trkpt lat="53.3146725" lon="-1.0471022">
        <ele>26.037675642082604</ele>
      </trkpt>
      <trkpt lat="53.3146565" lon="-1.0478693">
        <ele>26.09385019671206</ele>
      </trkpt>
      <trkpt lat="53.3145956" lon="-1.0484809">
        <ele>26.18457811900612</ele>
      </trkpt>
      <trkpt lat="53.3144266" lon="-1.0490656">
        <ele>28.626866158342185</ele>
      </trkpt>
      <trkpt lat="53.3137976" lon="-1.0509056">
        <ele>26.874904833642265</ele>
      </trkpt>
      <trkpt lat="53.3135316" lon="-1.0517478">
        <ele>26.94997450232102</ele>
      </trkpt>
      <trkpt lat="53.31348" lon="-1.05202">
        <ele>27.266483234754805</ele>
      </trkpt>
      <trkpt lat="53.31348" lon="-1.05232">
        <ele>27.541662577772662</ele>
      </trkpt>
      <trkpt lat="53.31351" lon="-1.05246">
        <ele>27.68147300744955</ele>
      </trkpt>
      <trkpt lat="53.31354" lon="-1.05248">
        <ele>27.692873830721442</ele>
      </trkpt>
      <trkpt lat="53.31358" lon="-1.05247">
        <ele>27.579915575590274</ele>
      </trkpt>
      <trkpt lat="53.31365" lon="-1.05255">
        <ele>27.623025653232336</ele>
      </trkpt>
      <trkpt lat="53.31378" lon="-1.05284">
        <ele>28.85885013113463</ele>
      </trkpt>
      <trkpt lat="53.31352" lon="-1.05314">
        <ele>30.43422179779668</ele>
      </trkpt>
      <trkpt lat="53.3136" lon="-1.05327">
        <ele>31.017374861916597</ele>
      </trkpt>
      <trkpt lat="53.31367" lon="-1.05356">
        <ele>32.81418325299625</ele>
      </trkpt>
      <trkpt lat="53.31367" lon="-1.05388">
        <ele>36.53503630270967</ele>
      </trkpt>
      <trkpt lat="53.31374" lon="-1.05419">
        <ele>38.20701277622878</ele>
      </trkpt>
      <trkpt lat="53.31371" lon="-1.05452">
        <ele>40.55307203687579</ele>
      </trkpt>
      <trkpt lat="53.31369" lon="-1.05461">
        <ele>40.999902540073734</ele>
      </trkpt>
      <trkpt lat="53.31365" lon="-1.05475">
        <ele>41.01781514519864</ele>
      </trkpt>
      <trkpt lat="53.31355" lon="-1.05497">
        <ele>41.47520312791316</ele>
      </trkpt>
      <trkpt lat="53.31315" lon="-1.05564">
        <ele>40.155300138586014</ele>
      </trkpt>
      <trkpt lat="53.3126919" lon="-1.0572725">
        <ele>31.237455324782925</ele>
      </trkpt>
      <trkpt lat="53.3125602" lon="-1.0576694">
        <ele>30.990211925097505</ele>
      </trkpt>
      <trkpt lat="53.3117378" lon="-1.0588132">
        <ele>36.203491861700016</ele>
      </trkpt>
      <trkpt lat="53.311328" lon="-1.0595726">
        <ele>33.949170450679546</ele>
      </trkpt>
      <trkpt lat="53.3097828" lon="-1.061689">
        <ele>27.93604645472713</ele>
      </trkpt>
      <trkpt lat="53.3094523" lon="-1.0625218">
        <ele>28.600000000000364</ele>
      </trkpt>
      <trkpt lat="53.3092994" lon="-1.0630879">
        <ele>29.056015083380643</ele>
      </trkpt>
      <trkpt lat="53.3092415" lon="-1.0642899">
        <ele>28.78294555749084</ele>
      </trkpt>
      <trkpt lat="53.3085238" lon="-1.0673447">
        <ele>30.369665164211945</ele>
      </trkpt>
      <trkpt lat="53.3064847" lon="-1.0709909">
        <ele>29.039592438622424</ele>
      </trkpt>
      <trkpt lat="53.305819" lon="-1.0720746">
        <ele>30.308174876897233</ele>
      </trkpt>
      <trkpt lat="53.3058456" lon="-1.0723096">
        <ele>30.07720855506887</ele>
      </trkpt>
      <trkpt lat="53.3055202" lon="-1.0725215">
        <ele>31.47580685814336</ele>
      </trkpt>
      <trkpt lat="53.3050795" lon="-1.0727334">
        <ele>30.179877886692058</ele>
      </trkpt>
      <trkpt lat="53.3047397" lon="-1.0732886">
        <ele>28.962574816403162</ele>
      </trkpt>
      <trkpt lat="53.3044319" lon="-1.0738868">
        <ele>28.200034684246205</ele>
      </trkpt>
      <trkpt lat="53.3040345" lon="-1.0760164">
        <ele>28.515530689037707</ele>
      </trkpt>
      <trkpt lat="53.3036818" lon="-1.0781676">
        <ele>28.70633510674891</ele>
      </trkpt>
      <trkpt lat="53.3036642" lon="-1.0792136">
        <ele>28.031263510837025</ele>
      </trkpt>
      <trkpt lat="53.3036927" lon="-1.0810523">
        <ele>28.352834682850467</ele>
      </trkpt>
      <trkpt lat="53.30356" lon="-1.082105">
        <ele>29.030165242755263</ele>
      </trkpt>
      <trkpt lat="53.3034446" lon="-1.082561">
        <ele>28.38445936896599</ele>
      </trkpt>
      <trkpt lat="53.3032298" lon="-1.0831618">
        <ele>28.737609256083083</ele>
      </trkpt>
      <trkpt lat="53.302111" lon="-1.0856134">
        <ele>30.14552122845179</ele>
      </trkpt>
      <trkpt lat="53.3018321" lon="-1.0853291">
        <ele>29.524677148508683</ele>
      </trkpt>
      <trkpt lat="53.3014891" lon="-1.0852379">
        <ele>29.012408376904247</ele>
      </trkpt>
      <trkpt lat="53.3012647" lon="-1.0854471">
        <ele>29.38756812969284</ele>
      </trkpt>
      <trkpt lat="53.3010756" lon="-1.084916">
        <ele>30.762245578855072</ele>
      </trkpt>
      <trkpt lat="53.3008031" lon="-1.084342">
        <ele>33.32779003923622</ele>
      </trkpt>
      <trkpt lat="53.3005867" lon="-1.0836124">
        <ele>34.52455666955682</ele>
      </trkpt>
      <trkpt lat="53.3001908" lon="-1.0819656">
        <ele>34.16836339635823</ele>
      </trkpt>
      <trkpt lat="53.2999519" lon="-1.0815096">
        <ele>36.01740073920955</ele>
      </trkpt>
      <trkpt lat="53.2997451" lon="-1.0812145">
        <ele>36.469530079926436</ele>
      </trkpt>
      <trkpt lat="53.298264" lon="-1.0795248">
        <ele>33.59766096275968</ele>
      </trkpt>
      <trkpt lat="53.2979057" lon="-1.0796823">
        <ele>38.81361763235236</ele>
      </trkpt>
      <trkpt lat="53.2973605" lon="-1.078925">
        <ele>37.02356982049664</ele>
      </trkpt>
      <trkpt lat="53.2970583" lon="-1.0790816">
        <ele>40.97892109367858</ele>
      </trkpt>
      <trkpt lat="53.2973202" lon="-1.0795261">
        <ele>43.88029825715465</ele>
      </trkpt>
      <trkpt lat="53.2968263" lon="-1.079593">
        <ele>48.242166986805714</ele>
      </trkpt>
      <trkpt lat="53.296511" lon="-1.079506">
        <ele>48.345488833217644</ele>
      </trkpt>
      <trkpt lat="53.2961887" lon="-1.079963">
        <ele>50.08820042735897</ele>
      </trkpt>
      <trkpt lat="53.2956959" lon="-1.0840791">
        <ele>58.243601846346586</ele>
      </trkpt>
      <trkpt lat="53.2957231" lon="-1.0843045">
        <ele>58.44984067989898</ele>
      </trkpt>
      <trkpt lat="53.2958017" lon="-1.0845298">
        <ele>58.464442305928614</ele>
      </trkpt>
      <trkpt lat="53.2961415" lon="-1.0853398">
        <ele>55.44992833426227</ele>
      </trkpt>
      <trkpt lat="53.2948398" lon="-1.0859245">
        <ele>52.10013229781798</ele>
      </trkpt>
      <trkpt lat="53.2940414" lon="-1.0853827">
        <ele>55.53752202941204</ele>
      </trkpt>
      <trkpt lat="53.293833" lon="-1.0853881">
        <ele>56.724894333887555</ele>
      </trkpt>
      <trkpt lat="53.2933264" lon="-1.0856482">
        <ele>58.76256483870103</ele>
      </trkpt>
      <trkpt lat="53.293118" lon="-1.0858279">
        <ele>59.707540864424224</ele>
      </trkpt>
      <trkpt lat="53.2929512" lon="-1.0861444">
        <ele>61.000532325450784</ele>
      </trkpt>
      <trkpt lat="53.2928711" lon="-1.0864288">
        <ele>61.67953945843227</ele>
      </trkpt>
      <trkpt lat="53.2927107" lon="-1.0867667">
        <ele>63.08660094012269</ele>
      </trkpt>
      <trkpt lat="53.2924318" lon="-1.087212">
        <ele>65.29728548548744</ele>
      </trkpt>
      <trkpt lat="53.292233" lon="-1.0874373">
        <ele>66.11217856113852</ele>
      </trkpt>
      <trkpt lat="53.2920085" lon="-1.0875714">
        <ele>66.11086374381924</ele>
      </trkpt>
      <trkpt lat="53.2918258" lon="-1.0875821">
        <ele>66.36098759940371</ele>
      </trkpt>
      <trkpt lat="53.2912582" lon="-1.0873729">
        <ele>67.30626019002015</ele>
      </trkpt>
      <trkpt lat="53.290984" lon="-1.0871932">
        <ele>67.0110979878191</ele>
      </trkpt>
      <trkpt lat="53.2907419" lon="-1.0870028">
        <ele>66.58089920030987</ele>
      </trkpt>
      <trkpt lat="53.2905592" lon="-1.0866326">
        <ele>66.7128673076174</ele>
      </trkpt>
      <trkpt lat="53.2901679" lon="-1.0853371">
        <ele>66.84661280338273</ele>
      </trkpt>
      <trkpt lat="53.2896869" lon="-1.0840738">
        <ele>65.8741264544667</ele>
      </trkpt>
      <trkpt lat="53.2896517" lon="-1.0827863">
        <ele>67.23726458796992</ele>
      </trkpt>
      <trkpt lat="53.2898954" lon="-1.0815793">
        <ele>69.9815260064557</ele>
      </trkpt>
      <trkpt lat="53.2899852" lon="-1.0807317">
        <ele>69.65152645915876</ele>
      </trkpt>
      <trkpt lat="53.2901006" lon="-1.0772502">
        <ele>51.75063608252191</ele>
      </trkpt>
      <trkpt lat="53.2901519" lon="-1.0769981">
        <ele>51.3568923648051</ele>
      </trkpt>
      <trkpt lat="53.2902962" lon="-1.0767138">
        <ele>50.54681093321057</ele>
      </trkpt>
      <trkpt lat="53.290277" lon="-1.0766011">
        <ele>49.942852424150146</ele>
      </trkpt>
      <trkpt lat="53.289735" lon="-1.076349">
        <ele>53.27577099418312</ele>
      </trkpt>
      <trkpt lat="53.2893631" lon="-1.0762712">
        <ele>58.70638341596431</ele>
      </trkpt>
      <trkpt lat="53.2888821" lon="-1.0760379">
        <ele>60.29369427589761</ele>
      </trkpt>
      <trkpt lat="53.2888211" lon="-1.0935849">
        <ele>71.42471273717157</ele>
      </trkpt>
      <trkpt lat="53.2871279" lon="-1.0931182">
        <ele>69.64993544537583</ele>
      </trkpt>
      <trkpt lat="53.2854411" lon="-1.0925871">
        <ele>70.1183274718309</ele>
      </trkpt>
      <trkpt lat="53.2826317" lon="-1.0916162">
        <ele>57.022837529567596</ele>
      </trkpt>
      <trkpt lat="53.2822051" lon="-1.0913533">
        <ele>60.52607464353059</ele>
      </trkpt>
      <trkpt lat="53.2815428" lon="-1.0908061">
        <ele>70.00249776182656</ele>
      </trkpt>
      <trkpt lat="53.2801428" lon="-1.089009">
        <ele>75.06070562308165</ele>
      </trkpt>
      <trkpt lat="53.2797836" lon="-1.0884243">
        <ele>77.67446908704046</ele>
      </trkpt>
      <trkpt lat="53.278584" lon="-1.0850823">
        <ele>64.73707754076567</ele>
      </trkpt>
      <trkpt lat="53.2770347" lon="-1.0822874">
        <ele>72.8096918109913</ele>
      </trkpt>
      <trkpt lat="53.2706157" lon="-1.0730392">
        <ele>64.06847820799005</ele>
      </trkpt>
      <trkpt lat="53.2717947" lon="-1.0714406">
        <ele>68.35110384052112</ele>
      </trkpt>
      <trkpt lat="53.272794" lon="-1.0703999">
        <ele>68.42065713322148</ele>
      </trkpt>
      <trkpt lat="53.2764317" lon="-1.0670954">
        <ele>57.911549345464444</ele>
      </trkpt>
      <trkpt lat="53.2774228" lon="-1.0660279">
        <ele>57.45164950313378</ele>
      </trkpt>
      <trkpt lat="53.2777532" lon="-1.0655075">
        <ele>58.05668527104527</ele>
      </trkpt>
      <trkpt lat="53.279466" lon="-1.0624659">
        <ele>52.75146879007621</ele>
      </trkpt>
      <trkpt lat="53.280951" lon="-1.0600948">
        <ele>56.82485815429723</ele>
      </trkpt>
      <trkpt lat="53.28242" lon="-1.0579222">
        <ele>61.28139266430014</ele>
      </trkpt>
      <trkpt lat="53.284572" lon="-1.0551971">
        <ele>65.71999788345168</ele>
      </trkpt>
      <trkpt lat="53.2857073" lon="-1.0535449">
        <ele>68.4880524809626</ele>
      </trkpt>
      <trkpt lat="53.2858965" lon="-1.0531479">
        <ele>68.79995055375915</ele>
      </trkpt>
      <trkpt lat="53.2860697" lon="-1.0526544">
        <ele>68.57546591004409</ele>
      </trkpt>
      <trkpt lat="53.286602" lon="-1.0496771">
        <ele>67.51870728136542</ele>
      </trkpt>
      <trkpt lat="53.2881124" lon="-1.0405523">
        <ele>47.682748390790984</ele>
      </trkpt>
      <trkpt lat="53.2878158" lon="-1.0401365">
        <ele>42.52531883937229</ele>
      </trkpt>
      <trkpt lat="53.2861178" lon="-1.038605">
        <ele>40.80602654112621</ele>
      </trkpt>
      <trkpt lat="53.2844501" lon="-1.0393935">
        <ele>42.99636566027555</ele>
      </trkpt>
      <trkpt lat="53.2839562" lon="-1.0397691">
        <ele>44.65624428873473</ele>
      </trkpt>
      <trkpt lat="53.2835152" lon="-1.0407695">
        <ele>45.98435470222053</ele>
      </trkpt>
      <trkpt lat="53.2830165" lon="-1.0420382">
        <ele>47.962497336883644</ele>
      </trkpt>
      <trkpt lat="53.2817737" lon="-1.0427141">
        <ele>48.067146030921855</ele>
      </trkpt>
      <trkpt lat="53.2804796" lon="-1.0433364">
        <ele>49.98739747151308</ele>
      </trkpt>
      <trkpt lat="53.2801267" lon="-1.042977">
        <ele>48.42499218278151</ele>
      </trkpt>
      <trkpt lat="53.2799311" lon="-1.0429931">
        <ele>47.77509605274647</ele>
      </trkpt>
      <trkpt lat="53.2785326" lon="-1.0439587">
        <ele>49.60103616247739</ele>
      </trkpt>
      <trkpt lat="53.2744781" lon="-1.045863">
        <ele>51.949173536944</ele>
      </trkpt>
      <trkpt lat="53.2727202" lon="-1.0438916">
        <ele>37.71865133529133</ele>
      </trkpt>
      <trkpt lat="53.27197" lon="-1.04309">
        <ele>35.324545745203515</ele>
      </trkpt>
      <trkpt lat="53.27195" lon="-1.04266">
        <ele>34.900000000001455</ele>
      </trkpt>
      <trkpt lat="53.27128" lon="-1.04111">
        <ele>33.20017493672276</ele>
      </trkpt>
      <trkpt lat="53.27105" lon="-1.04072">
        <ele>31.814358577542926</ele>
      </trkpt>
      <trkpt lat="53.27089" lon="-1.0405">
        <ele>30.441770390896266</ele>
      </trkpt>
      <trkpt lat="53.27029" lon="-1.03987">
        <ele>29.09389040328263</ele>
      </trkpt>
      <trkpt lat="53.27017" lon="-1.03979">
        <ele>28.899774130341676</ele>
      </trkpt>
      <trkpt lat="53.27011" lon="-1.03979">
        <ele>28.74862358211074</ele>
      </trkpt>
      <trkpt lat="53.26974" lon="-1.03962">
        <ele>28.445090133325067</ele>
      </trkpt>
      <trkpt lat="53.26968" lon="-1.03954">
        <ele>28.497974907094644</ele>
      </trkpt>
      <trkpt lat="53.26915" lon="-1.0393">
        <ele>29.438938322938373</ele>
      </trkpt>
      <trkpt lat="53.26872" lon="-1.03895">
        <ele>32.99688828393211</ele>
      </trkpt>
      <trkpt lat="53.26874" lon="-1.03874">
        <ele>32.99701335346454</ele>
      </trkpt>
      <trkpt lat="53.26782" lon="-1.03673">
        <ele>35.32143830531394</ele>
      </trkpt>
      <trkpt lat="53.2665" lon="-1.03393">
        <ele>53.162994050781585</ele>
      </trkpt>
      <trkpt lat="53.26627" lon="-1.03291">
        <ele>55.854282153632084</ele>
      </trkpt>
      <trkpt lat="53.26615" lon="-1.03244">
        <ele>56.25770070673985</ele>
      </trkpt>
      <trkpt lat="53.26583" lon="-1.03159">
        <ele>57.36590239063386</ele>
      </trkpt>
      <trkpt lat="53.26571" lon="-1.03136">
        <ele>55.955145438782495</ele>
      </trkpt>
      <trkpt lat="53.26557" lon="-1.03119">
        <ele>55.203386683157916</ele>
      </trkpt>
      <trkpt lat="53.26493" lon="-1.02997">
        <ele>56.829652524669086</ele>
      </trkpt>
      <trkpt lat="53.26493" lon="-1.03">
        <ele>56.497998613832976</ele>
      </trkpt>
      <trkpt lat="53.2648" lon="-1.02998">
        <ele>56.36819448347679</ele>
      </trkpt>
      <trkpt lat="53.26439" lon="-1.03001">
        <ele>55.061060046765796</ele>
      </trkpt>
      <trkpt lat="53.2634" lon="-1.02996">
        <ele>54.3957584081475</ele>
      </trkpt>
      <trkpt lat="53.26333" lon="-1.02992">
        <ele>54.902532516307744</ele>
      </trkpt>
      <trkpt lat="53.26324" lon="-1.02978">
        <ele>56.46606514728971</ele>
      </trkpt>
      <trkpt lat="53.26289" lon="-1.02912">
        <ele>60.83371544901847</ele>
      </trkpt>
      <trkpt lat="53.26225" lon="-1.02939">
        <ele>59.145851855002164</ele>
      </trkpt>
      <trkpt lat="53.26211" lon="-1.02957">
        <ele>58.37972503214876</ele>
      </trkpt>
      <trkpt lat="53.26202" lon="-1.02955">
        <ele>57.55203365758708</ele>
      </trkpt>
      <trkpt lat="53.26189" lon="-1.02953">
        <ele>57.01351843336599</ele>
      </trkpt>
      <trkpt lat="53.26163" lon="-1.02943">
        <ele>57.323293862585665</ele>
      </trkpt>
      <trkpt lat="53.26144" lon="-1.02927">
        <ele>56.2459422670545</ele>
      </trkpt>
      <trkpt lat="53.2612" lon="-1.02916">
        <ele>53.682796725457585</ele>
      </trkpt>
      <trkpt lat="53.26084" lon="-1.0288">
        <ele>48.44128224074476</ele>
      </trkpt>
      <trkpt lat="53.26065" lon="-1.02923">
        <ele>43.95421530257839</ele>
      </trkpt>
      <trkpt lat="53.26059" lon="-1.02943">
        <ele>42.59439882356713</ele>
      </trkpt>
      <trkpt lat="53.26014" lon="-1.03036">
        <ele>40.91413498549618</ele>
      </trkpt>
      <trkpt lat="53.25993" lon="-1.03083">
        <ele>41.27597776352447</ele>
      </trkpt>
      <trkpt lat="53.25973" lon="-1.03148">
        <ele>40.92899262220157</ele>
      </trkpt>
      <trkpt lat="53.25946" lon="-1.03201">
        <ele>41.67157414198137</ele>
      </trkpt>
      <trkpt lat="53.25916" lon="-1.03285">
        <ele>42.75475439129035</ele>
      </trkpt>
      <trkpt lat="53.25793" lon="-1.03564">
        <ele>46.027007328229054</ele>
      </trkpt>
      <trkpt lat="53.2573096" lon="-1.0373765">
        <ele>49.27897877255404</ele>
      </trkpt>
      <trkpt lat="53.2572358" lon="-1.0377091">
        <ele>49.76095810835536</ele>
      </trkpt>
      <trkpt lat="53.2568956" lon="-1.0385245">
        <ele>50.82560588722004</ele>
      </trkpt>
      <trkpt lat="53.2555831" lon="-1.0415071">
        <ele>53.53764743169269</ele>
      </trkpt>
      <trkpt lat="53.255352" lon="-1.041888">
        <ele>55.03135686884761</ele>
      </trkpt>
      <trkpt lat="53.2543764" lon="-1.0440981">
        <ele>53.55229909776714</ele>
      </trkpt>
      <trkpt lat="53.2540779" lon="-1.0446507">
        <ele>54.13202629425044</ele>
      </trkpt>
      <trkpt lat="53.2539303" lon="-1.0451066">
        <ele>53.75937385511679</ele>
      </trkpt>
      <trkpt lat="53.2532852" lon="-1.0466838">
        <ele>57.912245389028676</ele>
      </trkpt>
      <trkpt lat="53.253144" lon="-1.0473222">
        <ele>58.68666491147664</ele>
      </trkpt>
      <trkpt lat="53.2525887" lon="-1.0507715">
        <ele>51.94301483561408</ele>
      </trkpt>
      <trkpt lat="53.2523865" lon="-1.0514528">
        <ele>50.830546387204706</ele>
      </trkpt>
      <trkpt lat="53.2520528" lon="-1.0521716">
        <ele>51.24643572379627</ele>
      </trkpt>
      <trkpt lat="53.2519501" lon="-1.0524613">
        <ele>51.428455597253745</ele>
      </trkpt>
      <trkpt lat="53.2513146" lon="-1.0537863">
        <ele>55.396334584473934</ele>
      </trkpt>
      <trkpt lat="53.2510835" lon="-1.0541564">
        <ele>57.128236429630164</ele>
      </trkpt>
      <trkpt lat="53.2505378" lon="-1.0554063">
        <ele>62.484014400068766</ele>
      </trkpt>
      <trkpt lat="53.2497547" lon="-1.0569942">
        <ele>64.96950808835174</ele>
      </trkpt>
      <trkpt lat="53.2492476" lon="-1.0579705">
        <ele>73.36156616251546</ele>
      </trkpt>
      <trkpt lat="53.2488207" lon="-1.0586786">
        <ele>72.48791105399968</ele>
      </trkpt>
      <trkpt lat="53.2485607" lon="-1.0590166">
        <ele>70.60750218249613</ele>
      </trkpt>
      <trkpt lat="53.2474758" lon="-1.0612375">
        <ele>67.16657603089945</ele>
      </trkpt>
      <trkpt lat="53.2472462" lon="-1.0615647">
        <ele>67.50348562855625</ele>
      </trkpt>
      <trkpt lat="53.2470745" lon="-1.0620743">
        <ele>67.42638272865669</ele>
      </trkpt>
      <trkpt lat="53.2468595" lon="-1.0624874">
        <ele>67.1234487165255</ele>
      </trkpt>
      <trkpt lat="53.246073" lon="-1.063689">
        <ele>70.68098240473314</ele>
      </trkpt>
      <trkpt lat="53.2450362" lon="-1.0654217">
        <ele>68.68827451549492</ele>
      </trkpt>
      <trkpt lat="53.2447312" lon="-1.0656363">
        <ele>69.77063130069482</ele>
      </trkpt>
      <trkpt lat="53.2441085" lon="-1.0664195">
        <ele>74.16866770548171</ele>
      </trkpt>
      <trkpt lat="53.2440603" lon="-1.0666126">
        <ele>74.68685840459582</ele>
      </trkpt>
      <trkpt lat="53.2416495" lon="-1.0709041">
        <ele>79.14941168147409</ele>
      </trkpt>
      <trkpt lat="53.2411005" lon="-1.0723901">
        <ele>74.83590392608617</ele>
      </trkpt>
      <trkpt lat="53.2405483" lon="-1.0751313">
        <ele>75.1306961201908</ele>
      </trkpt>
      <trkpt lat="53.2396558" lon="-1.0791224">
        <ele>76.202023974036</ele>
      </trkpt>
      <trkpt lat="53.2380666" lon="-1.0853612">
        <ele>75.08824831453533</ele>
      </trkpt>
      <trkpt lat="53.2376878" lon="-1.0870725">
        <ele>76.66875325066565</ele>
      </trkpt>
      <trkpt lat="53.2374727" lon="-1.0889232">
        <ele>78.3375273828407</ele>
      </trkpt>
      <trkpt lat="53.2373796" lon="-1.0903502">
        <ele>78.95015091199966</ele>
      </trkpt>
      <trkpt lat="53.2373956" lon="-1.0924691">
        <ele>76.70534779417797</ele>
      </trkpt>
      <trkpt lat="53.23728" lon="-1.0935366">
        <ele>77.82152310238882</ele>
      </trkpt>
      <trkpt lat="53.2370425" lon="-1.094749">
        <ele>79.5757064129233</ele>
      </trkpt>
      <trkpt lat="53.236792" lon="-1.0966453">
        <ele>80.9398165326339</ele>
      </trkpt>
      <trkpt lat="53.2365865" lon="-1.0985416">
        <ele>86.25845204450661</ele>
      </trkpt>
      <trkpt lat="53.2363136" lon="-1.1003333">
        <ele>85.83961799895798</ele>
      </trkpt>
      <trkpt lat="53.235694" lon="-1.1037612">
        <ele>76.88608835647075</ele>
      </trkpt>
      <trkpt lat="53.2354467" lon="-1.1034071">
        <ele>77.06411348833083</ele>
      </trkpt>
      <trkpt lat="53.2350871" lon="-1.1027688">
        <ele>80.55379223092437</ele>
      </trkpt>
      <trkpt lat="53.2346601" lon="-1.1018997">
        <ele>82.81900106384523</ele>
      </trkpt>
      <trkpt lat="53.2337386" lon="-1.1006901">
        <ele>76.29054677230354</ele>
      </trkpt>
      <trkpt lat="53.2327528" lon="-1.0994804">
        <ele>67.93684843962673</ele>
      </trkpt>
      <trkpt lat="53.2315808" lon="-1.0982895">
        <ele>61.349759061800526</ele>
      </trkpt>
      <trkpt lat="53.2303317" lon="-1.0971737">
        <ele>55.568581422744906</ele>
      </trkpt>
      <trkpt lat="53.2291018" lon="-1.0962725">
        <ele>49.54325908506143</ele>
      </trkpt>
      <trkpt lat="53.2286908" lon="-1.0961545">
        <ele>47.349674359895424</ele>
      </trkpt>
      <trkpt lat="53.2280903" lon="-1.0957682">
        <ele>44.488639022519884</ele>
      </trkpt>
      <trkpt lat="53.2262213" lon="-1.095838">
        <ele>45.003802631369574</ele>
      </trkpt>
      <trkpt lat="53.2218117" lon="-1.0969537">
        <ele>54.643701622296675</ele>
      </trkpt>
      <trkpt lat="53.2206747" lon="-1.0973239">
        <ele>62.90961480598384</ele>
      </trkpt>
      <trkpt lat="53.2194285" lon="-1.0974902">
        <ele>65.87431661036155</ele>
      </trkpt>
      <trkpt lat="53.2191683" lon="-1.0945344">
        <ele>65.02386116329254</ele>
      </trkpt>
      <trkpt lat="53.2191009" lon="-1.0930592">
        <ele>63.9686094271721</ele>
      </trkpt>
      <trkpt lat="53.2187717" lon="-1.089575">
        <ele>56.971437966544755</ele>
      </trkpt>
      <trkpt lat="53.2187604" lon="-1.0884672">
        <ele>53.37892747252214</ele>
      </trkpt>
      <trkpt lat="53.2187154" lon="-1.0879362">
        <ele>53.13787931117728</ele>
      </trkpt>
      <trkpt lat="53.2182561" lon="-1.0838807">
        <ele>59.751955512040766</ele>
      </trkpt>
      <trkpt lat="53.2180506" lon="-1.0818368">
        <ele>60.6754620456681</ele>
      </trkpt>
      <trkpt lat="53.2178675" lon="-1.0795355">
        <ele>56.58790569849435</ele>
      </trkpt>
      <trkpt lat="53.2176266" lon="-1.0790366">
        <ele>55.45633162423101</ele>
      </trkpt>
      <trkpt lat="53.2173343" lon="-1.0785484">
        <ele>55.00004112120939</ele>
      </trkpt>
      <trkpt lat="53.2170677" lon="-1.0782909">
        <ele>55.93124534185145</ele>
      </trkpt>
      <trkpt lat="53.2168171" lon="-1.0781193">
        <ele>56.69992294397743</ele>
      </trkpt>
      <trkpt lat="53.215317" lon="-1.0766709">
        <ele>48.32034022716585</ele>
      </trkpt>
      <trkpt lat="53.2106429" lon="-1.0720628">
        <ele>65.98860151319765</ele>
      </trkpt>
      <trkpt lat="53.2103666" lon="-1.0717142">
        <ele>65.84926361933066</ele>
      </trkpt>
      <trkpt lat="53.2095795" lon="-1.0714781">
        <ele>68.18758318394025</ele>
      </trkpt>
      <trkpt lat="53.2054542" lon="-1.0708022">
        <ele>68.67510104384303</ele>
      </trkpt>
      <trkpt lat="53.20518" lon="-1.07253">
        <ele>69.11681264448023</ele>
      </trkpt>
      <trkpt lat="53.20498" lon="-1.07282">
        <ele>69.87334062713312</ele>
      </trkpt>
      <trkpt lat="53.20487" lon="-1.07292">
        <ele>70.11787340800552</ele>
      </trkpt>
      <trkpt lat="53.20491" lon="-1.07298">
        <ele>70.34721173913002</ele>
      </trkpt>
      <trkpt lat="53.20492" lon="-1.0731">
        <ele>70.90606594173985</ele>
      </trkpt>
      <trkpt lat="53.20486" lon="-1.07388">
        <ele>71.82348174536718</ele>
      </trkpt>
      <trkpt lat="53.20437" lon="-1.07666">
        <ele>74.47047401851913</ele>
      </trkpt>
      <trkpt lat="53.2042985" lon="-1.0778991">
        <ele>76.6394171799407</ele>
      </trkpt>
      <trkpt lat="53.2049464" lon="-1.0788584">
        <ele>81.5615832492481</ele>
      </trkpt>
      <trkpt lat="53.2081081" lon="-1.0837878">
        <ele>71.23593344771356</ele>
      </trkpt>
      <trkpt lat="53.2091728" lon="-1.0863481">
        <ele>76.04784947049353</ele>
      </trkpt>
      <trkpt lat="53.2097935" lon="-1.0881691">
        <ele>76.37630707484328</ele>
      </trkpt>
      <trkpt lat="53.210068" lon="-1.0887997">
        <ele>76.33687634831378</ele>
      </trkpt>
      <trkpt lat="53.2105322" lon="-1.0907364">
        <ele>78.72031048221503</ele>
      </trkpt>
      <trkpt lat="53.2107791" lon="-1.0936511">
        <ele>81.87978169308116</ele>
      </trkpt>
      <trkpt lat="53.2088929" lon="-1.0938406">
        <ele>83.73688815100367</ele>
      </trkpt>
      <trkpt lat="53.2018426" lon="-1.0933328">
        <ele>99.31234872200346</ele>
      </trkpt>
      <trkpt lat="53.197151" lon="-1.0930967">
        <ele>76.5749535822778</ele>
      </trkpt>
      <trkpt lat="53.191054" lon="-1.0929819">
        <ele>83.47221063494035</ele>
      </trkpt>
      <trkpt lat="53.1906793" lon="-1.095422">
        <ele>82.23461666956584</ele>
      </trkpt>
      <trkpt lat="53.1903247" lon="-1.096766">
        <ele>72.81221644686718</ele>
      </trkpt>
      <trkpt lat="53.1926774" lon="-1.1050057">
        <ele>78.28158115778636</ele>
      </trkpt>
      <trkpt lat="53.193423" lon="-1.1080956">
        <ele>81.94294044820228</ele>
      </trkpt>
      <trkpt lat="53.1933588" lon="-1.1112285">
        <ele>86.00107150226876</ele>
      </trkpt>
      <trkpt lat="53.1935259" lon="-1.1145115">
        <ele>95.27542752612963</ele>
      </trkpt>
      <trkpt lat="53.19388" lon="-1.11711">
        <ele>111.58158153975444</ele>
      </trkpt>
      <trkpt lat="53.19496" lon="-1.11529">
        <ele>107.41611250499362</ele>
      </trkpt>
      <trkpt lat="53.19648" lon="-1.11339">
        <ele>105.62782345009005</ele>
      </trkpt>
      <trkpt lat="53.19649" lon="-1.1134">
        <ele>105.48767345890013</ele>
      </trkpt>
      <trkpt lat="53.19765" lon="-1.11248">
        <ele>104.72918145330706</ele>
      </trkpt>
      <trkpt lat="53.19836" lon="-1.11184">
        <ele>106.78622325318946</ele>
      </trkpt>
      <trkpt lat="53.19897" lon="-1.11124">
        <ele>107.05080661529864</ele>
      </trkpt>
      <trkpt lat="53.20177" lon="-1.10962">
        <ele>96.8892108233544</ele>
      </trkpt>
      <trkpt lat="53.20361" lon="-1.10847">
        <ele>98.52611415019659</ele>
      </trkpt>
      <trkpt lat="53.20399" lon="-1.10816">
        <ele>98.77323738397197</ele>
      </trkpt>
      <trkpt lat="53.20573" lon="-1.1069">
        <ele>96.42092670158354</ele>
      </trkpt>
      <trkpt lat="53.20646" lon="-1.10622">
        <ele>100.0591622289181</ele>
      </trkpt>
      <trkpt lat="53.20672" lon="-1.10609">
        <ele>100.01612456880467</ele>
      </trkpt>
      <trkpt lat="53.20691" lon="-1.10543">
        <ele>100.6614270528647</ele>
      </trkpt>
      <trkpt lat="53.20686" lon="-1.10538">
        <ele>101.17969692733615</ele>
      </trkpt>
      <trkpt lat="53.2086285" lon="-1.1062717">
        <ele>102.10014513237842</ele>
      </trkpt>
      <trkpt lat="53.2102477" lon="-1.1057782">
        <ele>97.19928411627306</ele>
      </trkpt>
      <trkpt lat="53.2107746" lon="-1.1054349">
        <ele>93.49361539680757</ele>
      </trkpt>
      <trkpt lat="53.2116613" lon="-1.1043191">
        <ele>92.83755562591475</ele>
      </trkpt>
      <trkpt lat="53.2157988" lon="-1.103611">
        <ele>79.70043840394428</ele>
      </trkpt>
      <trkpt lat="53.2166469" lon="-1.1035681">
        <ele>76.69978670398777</ele>
      </trkpt>
      <trkpt lat="53.2192165" lon="-1.1045122">
        <ele>73.67496360682179</ele>
      </trkpt>
      <trkpt lat="53.222878" lon="-1.1050057">
        <ele>62.15003717083073</ele>
      </trkpt>
      <trkpt lat="53.2248307" lon="-1.1057997">
        <ele>48.636937597204565</ele>
      </trkpt>
      <trkpt lat="53.2259932" lon="-1.1064649">
        <ele>41.77506461530093</ele>
      </trkpt>
      <trkpt lat="53.2273356" lon="-1.1070442">
        <ele>54.54986719798871</ele>
      </trkpt>
      <trkpt lat="53.2277724" lon="-1.1073875">
        <ele>59.90023300920292</ele>
      </trkpt>
      <trkpt lat="53.2285559" lon="-1.1090183">
        <ele>60.550049693952495</ele>
      </trkpt>
      <trkpt lat="53.2303542" lon="-1.111207">
        <ele>65.71251720373627</ele>
      </trkpt>
      <trkpt lat="53.2304313" lon="-1.1115932">
        <ele>66.3998376106858</ele>
      </trkpt>
      <trkpt lat="53.2325762" lon="-1.1089969">
        <ele>71.6745507530176</ele>
      </trkpt>
      <trkpt lat="53.2356073" lon="-1.1039972">
        <ele>75.47513856533146</ele>
      </trkpt>
      <trkpt lat="53.2357528" lon="-1.1049039">
        <ele>76.62078019781086</ele>
      </trkpt>
      <trkpt lat="53.2370371" lon="-1.1068437">
        <ele>72.94459006234149</ele>
      </trkpt>
      <trkpt lat="53.2394728" lon="-1.1103916">
        <ele>67.25100360491842</ele>
      </trkpt>
      <trkpt lat="53.2400957" lon="-1.1123443">
        <ele>53.556380705699205</ele>
      </trkpt>
      <trkpt lat="53.2406157" lon="-1.114372">
        <ele>60.987210926500225</ele>
      </trkpt>
      <trkpt lat="53.2412386" lon="-1.1191678">
        <ele>62.37446450749526</ele>
      </trkpt>
      <trkpt lat="53.2417522" lon="-1.1241138">
        <ele>52.12658718395999</ele>
      </trkpt>
      <trkpt lat="53.2417618" lon="-1.1251169">
        <ele>54.66264778541019</ele>
      </trkpt>
      <trkpt lat="53.2418485" lon="-1.1261201">
        <ele>56.175146653038155</ele>
      </trkpt>
      <trkpt lat="53.2419191" lon="-1.1275041">
        <ele>55.31590330298081</ele>
      </trkpt>
      <trkpt lat="53.2425419" lon="-1.1310875">
        <ele>53.38161297690449</ele>
      </trkpt>
      <trkpt lat="53.2427105" lon="-1.1318734">
        <ele>51.25927746613981</ele>
      </trkpt>
      <trkpt lat="53.242956" lon="-1.1326593">
        <ele>50.08756326891048</ele>
      </trkpt>
      <trkpt lat="53.2436526" lon="-1.1341989">
        <ele>51.69992059136348</ele>
      </trkpt>
      <trkpt lat="53.2424135" lon="-1.1382973">
        <ele>47.487617683457394</ele>
      </trkpt>
      <trkpt lat="53.2415981" lon="-1.1413765">
        <ele>45.775026798761765</ele>
      </trkpt>
      <trkpt lat="53.2417715" lon="-1.144402">
        <ele>49.424968391122455</ele>
      </trkpt>
      <trkpt lat="53.2416944" lon="-1.1447775">
        <ele>49.76247089005367</ele>
      </trkpt>
      <trkpt lat="53.2413605" lon="-1.145153">
        <ele>50.69997345322177</ele>
      </trkpt>
      <trkpt lat="53.241887" lon="-1.1475241">
        <ele>51.98754653679254</ele>
      </trkpt>
      <trkpt lat="53.2421246" lon="-1.1493802">
        <ele>55.16560067183486</ele>
      </trkpt>
      <trkpt lat="53.2440507" lon="-1.1489725">
        <ele>53.41245413727651</ele>
      </trkpt>
      <trkpt lat="53.2446221" lon="-1.1488974">
        <ele>51.32497473415106</ele>
      </trkpt>
      <trkpt lat="53.2457007" lon="-1.149112">
        <ele>51.31257846877092</ele>
      </trkpt>
      <trkpt lat="53.2460794" lon="-1.1486614">
        <ele>53.912238664320924</ele>
      </trkpt>
      <trkpt lat="53.2466893" lon="-1.1492193">
        <ele>53.13778034707161</ele>
      </trkpt>
      <trkpt lat="53.2469911" lon="-1.149745">
        <ele>51.0308536008054</ele>
      </trkpt>
      <trkpt lat="53.2479348" lon="-1.1532962">
        <ele>55.318881309585045</ele>
      </trkpt>
      <trkpt lat="53.2484868" lon="-1.1569011">
        <ele>54.799923498184356</ele>
      </trkpt>
      <trkpt lat="53.2487757" lon="-1.1580276">
        <ele>54.487403654983495</ele>
      </trkpt>
      <trkpt lat="53.2492235" lon="-1.1590871">
        <ele>55.1204070820929</ele>
      </trkpt>
      <trkpt lat="53.2507978" lon="-1.1623514">
        <ele>58.39664803798881</ele>
      </trkpt>
      <trkpt lat="53.2514462" lon="-1.1638319">
        <ele>61.616566512648795</ele>
      </trkpt>
      <trkpt lat="53.2516291" lon="-1.1650175">
        <ele>59.619104089372684</ele>
      </trkpt>
      <trkpt lat="53.2518506" lon="-1.1659455">
        <ele>59.580474584957884</ele>
      </trkpt>
      <trkpt lat="53.2522742" lon="-1.1673295">
        <ele>66.27458252683427</ele>
      </trkpt>
      <trkpt lat="53.2529803" lon="-1.1690462">
        <ele>65.54062640573606</ele>
      </trkpt>
      <trkpt lat="53.2531632" lon="-1.1697221">
        <ele>61.333219891533275</ele>
      </trkpt>
      <trkpt lat="53.2533526" lon="-1.170001">
        <ele>57.10009101438061</ele>
      </trkpt>
      <trkpt lat="53.2546267" lon="-1.1702317">
        <ele>58.63748587062632</ele>
      </trkpt>
      <trkpt lat="53.2557724" lon="-1.1703336">
        <ele>57.69972871390755</ele>
      </trkpt>
      <trkpt lat="53.2564913" lon="-1.170339">
        <ele>61.43731760320709</ele>
      </trkpt>
      <trkpt lat="53.2576401" lon="-1.1702478">
        <ele>58.34996829871102</ele>
      </trkpt>
      <trkpt lat="53.256825" lon="-1.1714709">
        <ele>61.41241213795787</ele>
      </trkpt>
      <trkpt lat="53.2561447" lon="-1.1726511">
        <ele>52.43609869009711</ele>
      </trkpt>
      <trkpt lat="53.2545015" lon="-1.175859">
        <ele>54.13713261266266</ele>
      </trkpt>
      <trkpt lat="53.2538019" lon="-1.1773717">
        <ele>56.22779396297783</ele>
      </trkpt>
      <trkpt lat="53.2536607" lon="-1.1775541">
        <ele>57.099816475157965</ele>
      </trkpt>
      <trkpt lat="53.2528391" lon="-1.1781764">
        <ele>58.49994860612833</ele>
      </trkpt>
      <trkpt lat="53.2530316" lon="-1.1791205">
        <ele>60.500045139505865</ele>
      </trkpt>
      <trkpt lat="53.2530894" lon="-1.179775">
        <ele>61.45473428941243</ele>
      </trkpt>
      <trkpt lat="53.2532756" lon="-1.1803222">
        <ele>61.687359215547275</ele>
      </trkpt>
      <trkpt lat="53.2543026" lon="-1.1824143">
        <ele>62.08732011367201</ele>
      </trkpt>
      <trkpt lat="53.2551819" lon="-1.1847317">
        <ele>66.34989804085448</ele>
      </trkpt>
      <trkpt lat="53.2566774" lon="-1.1871994">
        <ele>68.56560474684954</ele>
      </trkpt>
      <trkpt lat="53.2569855" lon="-1.1878002">
        <ele>67.14995991704109</ele>
      </trkpt>
      <trkpt lat="53.2582114" lon="-1.1905897">
        <ele>70.72348880850139</ele>
      </trkpt>
      <trkpt lat="53.2586478" lon="-1.1916894">
        <ele>71.93758063512047</ele>
      </trkpt>
      <trkpt lat="53.25902" lon="-1.192832">
        <ele>73.05586384940902</ele>
      </trkpt>
      <trkpt lat="53.259649" lon="-1.1949778">
        <ele>75.94380336005692</ele>
      </trkpt>
      <trkpt lat="53.2605347" lon="-1.1966944">
        <ele>86.12014529978097</ele>
      </trkpt>
      <trkpt lat="53.2603293" lon="-1.1974025">
        <ele>88.70384062186321</ele>
      </trkpt>
      <trkpt lat="53.260233" lon="-1.1983681">
        <ele>92.39982567220139</ele>
      </trkpt>
      <trkpt lat="53.2602523" lon="-1.1989796">
        <ele>93.00819693354865</ele>
      </trkpt>
      <trkpt lat="53.2599852" lon="-1.2007719">
        <ele>92.32130233426663</ele>
      </trkpt>
      <trkpt lat="53.2600617" lon="-1.2021197">
        <ele>83.21651057853965</ele>
      </trkpt>
      <trkpt lat="53.2612149" lon="-1.2025845">
        <ele>74.31341654822148</ele>
      </trkpt>
      <trkpt lat="53.2619209" lon="-1.2007284">
        <ele>75.2389827999285</ele>
      </trkpt>
      <trkpt lat="53.2620364" lon="-1.1999452">
        <ele>76.90734009391622</ele>
      </trkpt>
      <trkpt lat="53.2622096" lon="-1.1991298">
        <ele>75.75445652042617</ele>
      </trkpt>
      <trkpt lat="53.2628739" lon="-1.1973488">
        <ele>76.39270332621572</ele>
      </trkpt>
      <trkpt lat="53.2632364" lon="-1.1968231">
        <ele>80.89864124382812</ele>
      </trkpt>
      <trkpt lat="53.2636022" lon="-1.1965334">
        <ele>85.06133892191617</ele>
      </trkpt>
      <trkpt lat="53.2641798" lon="-1.1963081">
        <ele>82.0492264272403</ele>
      </trkpt>
      <trkpt lat="53.2637177" lon="-1.1952567">
        <ele>79.29995315196102</ele>
      </trkpt>
      <trkpt lat="53.263583" lon="-1.194098">
        <ele>70.81893346779044</ele>
      </trkpt>
      <trkpt lat="53.2639873" lon="-1.1924887">
        <ele>72.57561669903613</ele>
      </trkpt>
      <trkpt lat="53.2645616" lon="-1.1904287">
        <ele>76.88135772179916</ele>
      </trkpt>
      <trkpt lat="53.2648921" lon="-1.1886477">
        <ele>75.1432410644089</ele>
      </trkpt>
      <trkpt lat="53.2647445" lon="-1.1870062">
        <ele>72.03723494142842</ele>
      </trkpt>
      <trkpt lat="53.2642889" lon="-1.1847317">
        <ele>68.48734040530766</ele>
      </trkpt>
      <trkpt lat="53.2641734" lon="-1.1836535">
        <ele>61.688648821634715</ele>
      </trkpt>
      <trkpt lat="53.2641477" lon="-1.1825109">
        <ele>57.25622525576057</ele>
      </trkpt>
      <trkpt lat="53.2642054" lon="-1.1793566">
        <ele>56.91261384547781</ele>
      </trkpt>
      <trkpt lat="53.2644108" lon="-1.1744857">
        <ele>56.40937105150789</ele>
      </trkpt>
      <trkpt lat="53.264398" lon="-1.173799">
        <ele>57.01246416873786</ele>
      </trkpt>
      <trkpt lat="53.2642504" lon="-1.1728871">
        <ele>58.39034060537437</ele>
      </trkpt>
      <trkpt lat="53.2642375" lon="-1.1723506">
        <ele>59.80034434031805</ele>
      </trkpt>
      <trkpt lat="53.2643402" lon="-1.1718786">
        <ele>58.80002560909015</ele>
      </trkpt>
      <trkpt lat="53.2647317" lon="-1.1708111">
        <ele>61.08119692581269</ele>
      </trkpt>
      <trkpt lat="53.2652001" lon="-1.1698079">
        <ele>65.97505642510987</ele>
      </trkpt>
      <trkpt lat="53.2651808" lon="-1.1694109">
        <ele>67.27510249242286</ele>
      </trkpt>
      <trkpt lat="53.2637691" lon="-1.1665142">
        <ele>68.52448420724977</ele>
      </trkpt>
      <trkpt lat="53.2640258" lon="-1.1662245">
        <ele>68.86847516569564</ele>
      </trkpt>
      <trkpt lat="53.264783" lon="-1.1657202">
        <ele>65.77638853873665</ele>
      </trkpt>
      <trkpt lat="53.2654439" lon="-1.1654198">
        <ele>62.324960455113114</ele>
      </trkpt>
      <trkpt lat="53.2659701" lon="-1.1650336">
        <ele>61.5</ele>
      </trkpt>
      <trkpt lat="53.2665412" lon="-1.1638641">
        <ele>63.388240947020236</ele>
      </trkpt>
      <trkpt lat="53.2668172" lon="-1.1631238">
        <ele>63.221600470787905</ele>
      </trkpt>
      <trkpt lat="53.2673048" lon="-1.1615574">
        <ele>59.231369645415725</ele>
      </trkpt>
      <trkpt lat="53.2673883" lon="-1.161375">
        <ele>62.201327247254895</ele>
      </trkpt>
      <trkpt lat="53.2672984" lon="-1.1607957">
        <ele>66.16201316420978</ele>
      </trkpt>
      <trkpt lat="53.2672214" lon="-1.1604953">
        <ele>66.04655031027993</ele>
      </trkpt>
      <trkpt lat="53.2670097" lon="-1.1600661">
        <ele>64.15011865175444</ele>
      </trkpt>
      <trkpt lat="53.2670417" lon="-1.1593473">
        <ele>57.885532885084565</ele>
      </trkpt>
      <trkpt lat="53.2668236" lon="-1.1589932">
        <ele>57.30838900087804</ele>
      </trkpt>
      <trkpt lat="53.2665926" lon="-1.1587036">
        <ele>55.75985054530027</ele>
      </trkpt>
      <trkpt lat="53.2676706" lon="-1.1567509">
        <ele>52.087522602710266</ele>
      </trkpt>
      <trkpt lat="53.2705387" lon="-1.1519873">
        <ele>56.64692927457146</ele>
      </trkpt>
      <trkpt lat="53.2717129" lon="-1.1504209">
        <ele>61.5390521799672</ele>
      </trkpt>
      <trkpt lat="53.2724722" lon="-1.1492923">
        <ele>65.86515487643294</ele>
      </trkpt>
      <trkpt lat="53.2716878" lon="-1.1480146">
        <ele>73.77393573308393</ele>
      </trkpt>
      <trkpt lat="53.2715" lon="-1.1468937">
        <ele>88.72281274721072</ele>
      </trkpt>
      <trkpt lat="53.2714901" lon="-1.1455068">
        <ele>93.53757254905014</ele>
      </trkpt>
      <trkpt lat="53.2716553" lon="-1.1450349">
        <ele>96.30874869462042</ele>
      </trkpt>
      <trkpt lat="53.272219" lon="-1.1437304">
        <ele>104.80690459470982</ele>
      </trkpt>
      <trkpt lat="53.2724947" lon="-1.1430126">
        <ele>113.49273205075954</ele>
      </trkpt>
      <trkpt lat="53.2727398" lon="-1.141152">
        <ele>110.62261822026365</ele>
      </trkpt>
      <trkpt lat="53.2723902" lon="-1.1394158">
        <ele>108.09851872217938</ele>
      </trkpt>
      <trkpt lat="53.2722291" lon="-1.1388942">
        <ele>110.14826454360812</ele>
      </trkpt>
      <trkpt lat="53.2721553" lon="-1.1380147">
        <ele>112.928237256849</ele>
      </trkpt>
      <trkpt lat="53.2720716" lon="-1.135767">
        <ele>102.52265874208031</ele>
      </trkpt>
      <trkpt lat="53.272124" lon="-1.1352412">
        <ele>103.0291645942672</ele>
      </trkpt>
      <trkpt lat="53.2720766" lon="-1.1349047">
        <ele>103.86753178594535</ele>
      </trkpt>
      <trkpt lat="53.2721004" lon="-1.1350917">
        <ele>103.34074271047524</ele>
      </trkpt>
      <trkpt lat="53.2721288" lon="-1.1343601">
        <ele>103.8361532834133</ele>
      </trkpt>
      <trkpt lat="53.2721013" lon="-1.1336671">
        <ele>104.06565309509229</ele>
      </trkpt>
      <trkpt lat="53.2722124" lon="-1.1319404">
        <ele>111.01718718246575</ele>
      </trkpt>
      <trkpt lat="53.2723417" lon="-1.130712">
        <ele>110.29686485585412</ele>
      </trkpt>
      <trkpt lat="53.2729961" lon="-1.1280084">
        <ele>111.31255784707696</ele>
      </trkpt>
      <trkpt lat="53.2739007" lon="-1.1185777">
        <ele>114.0375722179891</ele>
      </trkpt>
      <trkpt lat="53.2744268" lon="-1.1146295">
        <ele>97.39973377299107</ele>
      </trkpt>
      <trkpt lat="53.2769288" lon="-1.0976458">
        <ele>87.91302302812824</ele>
      </trkpt>
      <trkpt lat="53.2763707" lon="-1.0949421">
        <ele>85.26239989387915</ele>
      </trkpt>
      <trkpt lat="53.2770892" lon="-1.0917449">
        <ele>89.01563929192494</ele>
      </trkpt>
      <trkpt lat="53.2786112" lon="-1.0852352">
        <ele>67.0415626320734</ele>
      </trkpt>
      <trkpt lat="53.2772592" lon="-1.0827944">
        <ele>71.33749192329216</ele>
      </trkpt>
      <trkpt lat="53.2704778" lon="-1.0730083">
        <ele>63.88263528822065</ele>
      </trkpt>
      <trkpt lat="53.2719631" lon="-1.0710335">
        <ele>69.18326369806108</ele>
      </trkpt>
      <trkpt lat="53.2734484" lon="-1.0697454">
        <ele>66.21853754683995</ele>
      </trkpt>
      <trkpt lat="53.2765519" lon="-1.066913">
        <ele>58.42385496785588</ele>
      </trkpt>
      <trkpt lat="53.2773378" lon="-1.0660681">
        <ele>58.312997209188055</ele>
      </trkpt>
      <trkpt lat="53.2778927" lon="-1.0651964">
        <ele>58.409929697309266</ele>
      </trkpt>
      <trkpt lat="53.2795558" lon="-1.0622621">
        <ele>53.028047261244936</ele>
      </trkpt>
      <trkpt lat="53.2804747" lon="-1.0607761">
        <ele>55.508524999709174</ele>
      </trkpt>
      <trkpt lat="53.2816775" lon="-1.0589629">
        <ele>57.43348418436828</ele>
      </trkpt>
      <trkpt lat="53.2823879" lon="-1.0579062">
        <ele>61.87461134235239</ele>
      </trkpt>
      <trkpt lat="53.2845736" lon="-1.055122">
        <ele>66.00186019915301</ele>
      </trkpt>
      <trkpt lat="53.2856768" lon="-1.0535127">
        <ele>68.64627280514347</ele>
      </trkpt>
      <trkpt lat="53.2858885" lon="-1.0530809">
        <ele>68.78883521667831</ele>
      </trkpt>
      <trkpt lat="53.2860616" lon="-1.0525095">
        <ele>68.72702098259006</ele>
      </trkpt>
      <trkpt lat="53.2868169" lon="-1.0481885">
        <ele>66.20792366324827</ele>
      </trkpt>
      <trkpt lat="53.288074" lon="-1.0405603">
        <ele>47.582382861462236</ele>
      </trkpt>
      <trkpt lat="53.2877148" lon="-1.0400909">
        <ele>42.63135800885539</ele>
      </trkpt>
      <trkpt lat="53.286129" lon="-1.0386747">
        <ele>40.71767861014594</ele>
      </trkpt>
      <trkpt lat="53.2860729" lon="-1.0386774">
        <ele>40.0223337771145</ele>
      </trkpt>
      <trkpt lat="53.2845207" lon="-1.0394123">
        <ele>42.67166578238888</ele>
      </trkpt>
      <trkpt lat="53.2839578" lon="-1.0398495">
        <ele>44.75615321179009</ele>
      </trkpt>
      <trkpt lat="53.2830502" lon="-1.0420543">
        <ele>47.98125519645428</ele>
      </trkpt>
      <trkpt lat="53.2816583" lon="-1.0428268">
        <ele>48.28128292977446</ele>
      </trkpt>
      <trkpt lat="53.2804699" lon="-1.0433927">
        <ele>50.43438065680759</ele>
      </trkpt>
      <trkpt lat="53.2801139" lon="-1.0430253">
        <ele>48.57278867028402</ele>
      </trkpt>
      <trkpt lat="53.2799215" lon="-1.0430574">
        <ele>47.91875740443457</ele>
      </trkpt>
      <trkpt lat="53.2785198" lon="-1.044023">
        <ele>50.31864440637126</ele>
      </trkpt>
      <trkpt lat="53.2744621" lon="-1.0459328">
        <ele>51.606262304472054</ele>
      </trkpt>
      <trkpt lat="53.2727459" lon="-1.0439774">
        <ele>38.041515610746664</ele>
      </trkpt>
      <trkpt lat="53.27195" lon="-1.0432">
        <ele>35.4160924444453</ele>
      </trkpt>
      <trkpt lat="53.27198" lon="-1.04314">
        <ele>35.355405552103065</ele>
      </trkpt>
      <trkpt lat="53.27196" lon="-1.04305">
        <ele>35.29742481846005</ele>
      </trkpt>
      <trkpt lat="53.27195" lon="-1.04266">
        <ele>34.900000000001455</ele>
      </trkpt>
      <trkpt lat="53.27128" lon="-1.04111">
        <ele>33.20017493672276</ele>
      </trkpt>
      <trkpt lat="53.27105" lon="-1.04072">
        <ele>31.814358577542926</ele>
      </trkpt>
      <trkpt lat="53.27089" lon="-1.0405">
        <ele>30.441770390896266</ele>
      </trkpt>
      <trkpt lat="53.27029" lon="-1.03987">
        <ele>29.09389040328263</ele>
      </trkpt>
      <trkpt lat="53.27017" lon="-1.03979">
        <ele>28.899774130341676</ele>
      </trkpt>
      <trkpt lat="53.27011" lon="-1.03979">
        <ele>28.74862358211074</ele>
      </trkpt>
      <trkpt lat="53.26974" lon="-1.03962">
        <ele>28.445090133325067</ele>
      </trkpt>
      <trkpt lat="53.26968" lon="-1.03954">
        <ele>28.497974907094644</ele>
      </trkpt>
      <trkpt lat="53.26915" lon="-1.0393">
        <ele>29.438938322938373</ele>
      </trkpt>
      <trkpt lat="53.26872" lon="-1.03895">
        <ele>32.99688828393211</ele>
      </trkpt>
      <trkpt lat="53.26874" lon="-1.03874">
        <ele>32.99701335346454</ele>
      </trkpt>
      <trkpt lat="53.26782" lon="-1.03673">
        <ele>35.32143830531394</ele>
      </trkpt>
      <trkpt lat="53.2665" lon="-1.03393">
        <ele>53.162994050781585</ele>
      </trkpt>
      <trkpt lat="53.26627" lon="-1.03291">
        <ele>55.854282153632084</ele>
      </trkpt>
      <trkpt lat="53.26615" lon="-1.03244">
        <ele>56.25770070673985</ele>
      </trkpt>
      <trkpt lat="53.26583" lon="-1.03159">
        <ele>57.36590239063386</ele>
      </trkpt>
      <trkpt lat="53.26571" lon="-1.03136">
        <ele>55.955145438782495</ele>
      </trkpt>
      <trkpt lat="53.26557" lon="-1.03118">
        <ele>55.063576549991424</ele>
      </trkpt>
      <trkpt lat="53.264921" lon="-1.0299253">
        <ele>57.33187843347089</ele>
      </trkpt>
      <trkpt lat="53.26347" lon="-1.02996">
        <ele>54.372803618183816</ele>
      </trkpt>
      <trkpt lat="53.2634" lon="-1.02996">
        <ele>54.3957584081475</ele>
      </trkpt>
      <trkpt lat="53.26333" lon="-1.02992">
        <ele>54.902532516307744</ele>
      </trkpt>
      <trkpt lat="53.26324" lon="-1.02978">
        <ele>56.46606514728971</ele>
      </trkpt>
      <trkpt lat="53.26292" lon="-1.02911">
        <ele>60.83387849813634</ele>
      </trkpt>
      <trkpt lat="53.26287" lon="-1.02914">
        <ele>60.911267269683</ele>
      </trkpt>
      <trkpt lat="53.26225" lon="-1.02939">
        <ele>59.145851855002164</ele>
      </trkpt>
      <trkpt lat="53.26211" lon="-1.02957">
        <ele>58.37972503214876</ele>
      </trkpt>
      <trkpt lat="53.26193" lon="-1.02954">
        <ele>57.01688603600028</ele>
      </trkpt>
      <trkpt lat="53.26163" lon="-1.02943">
        <ele>57.323293862585665</ele>
      </trkpt>
      <trkpt lat="53.26144" lon="-1.02927">
        <ele>56.2459422670545</ele>
      </trkpt>
      <trkpt lat="53.2612" lon="-1.02916">
        <ele>53.682796725457585</ele>
      </trkpt>
      <trkpt lat="53.26084" lon="-1.02879">
        <ele>48.476234774106224</ele>
      </trkpt>
      <trkpt lat="53.2580124" lon="-1.0355687">
        <ele>45.568784683013995</ele>
      </trkpt>
      <trkpt lat="53.2573481" lon="-1.0373765">
        <ele>49.025875088624346</ele>
      </trkpt>
      <trkpt lat="53.2572647" lon="-1.0377467">
        <ele>49.72349073692395</ele>
      </trkpt>
      <trkpt lat="53.2555959" lon="-1.0415608">
        <ele>53.16679157390145</ele>
      </trkpt>
      <trkpt lat="53.2553921" lon="-1.041896">
        <ele>54.411681488808625</ele>
      </trkpt>
      <trkpt lat="53.2543571" lon="-1.044243">
        <ele>53.443796638376895</ele>
      </trkpt>
      <trkpt lat="53.2540811" lon="-1.0447901">
        <ele>53.71933420595465</ele>
      </trkpt>
      <trkpt lat="53.2533333" lon="-1.0466838">
        <ele>56.83500903344567</ele>
      </trkpt>
      <trkpt lat="53.2531937" lon="-1.0473356">
        <ele>57.472148430262216</ele>
      </trkpt>
      <trkpt lat="53.2526337" lon="-1.0508841">
        <ele>49.918517598134244</ele>
      </trkpt>
      <trkpt lat="53.2524604" lon="-1.0514474">
        <ele>49.50245990844038</ele>
      </trkpt>
      <trkpt lat="53.2520495" lon="-1.0523862">
        <ele>50.480923767328974</ele>
      </trkpt>
      <trkpt lat="53.2498413" lon="-1.0570103">
        <ele>64.45291434667037</ele>
      </trkpt>
      <trkpt lat="53.2488078" lon="-1.0588235">
        <ele>73.13724490460058</ele>
      </trkpt>
      <trkpt lat="53.2485735" lon="-1.05914">
        <ele>70.33111734495131</ele>
      </trkpt>
      <trkpt lat="53.2473185" lon="-1.0615861">
        <ele>67.78127596840214</ele>
      </trkpt>
      <trkpt lat="53.2471227" lon="-1.062144">
        <ele>68.41031169004118</ele>
      </trkpt>
      <trkpt lat="53.2461324" lon="-1.0637024">
        <ele>71.60921187612759</ele>
      </trkpt>
      <trkpt lat="53.2450426" lon="-1.0655612">
        <ele>68.75627662176359</ele>
      </trkpt>
      <trkpt lat="53.2447666" lon="-1.0657328">
        <ele>69.37462553484468</ele>
      </trkpt>
      <trkpt lat="53.2441727" lon="-1.0665053">
        <ele>74.07187092835402</ele>
      </trkpt>
      <trkpt lat="53.2441181" lon="-1.0666662">
        <ele>74.68963059298369</ele>
      </trkpt>
      <trkpt lat="53.2416687" lon="-1.071049">
        <ele>79.63723809798275</ele>
      </trkpt>
      <trkpt lat="53.2411262" lon="-1.0725296">
        <ele>75.44937872673401</ele>
      </trkpt>
      <trkpt lat="53.2404263" lon="-1.0759521">
        <ele>75.52986356399417</ele>
      </trkpt>
      <trkpt lat="53.2396077" lon="-1.0794792">
        <ele>76.89757171514096</ele>
      </trkpt>
      <trkpt lat="53.2387376" lon="-1.083017">
        <ele>77.81099443911887</ele>
      </trkpt>
      <trkpt lat="53.2381373" lon="-1.0853237">
        <ele>76.33335999315962</ele>
      </trkpt>
      <trkpt lat="53.2377199" lon="-1.0872012">
        <ele>76.63205058110862</ele>
      </trkpt>
      <trkpt lat="53.237504" lon="-1.0890721">
        <ele>78.8142413150523</ele>
      </trkpt>
      <trkpt lat="53.2374334" lon="-1.0902844">
        <ele>79.07067837705901</ele>
      </trkpt>
      <trkpt lat="53.2374165" lon="-1.0908356">
        <ele>79.18445935770944</ele>
      </trkpt>
      <trkpt lat="53.2374534" lon="-1.0923994">
        <ele>77.79723774041554</ele>
      </trkpt>
      <trkpt lat="53.2373539" lon="-1.0935098">
        <ele>79.39088261360408</ele>
      </trkpt>
      <trkpt lat="53.2370617" lon="-1.0948884">
        <ele>80.44315370728775</ele>
      </trkpt>
      <trkpt lat="53.2366668" lon="-1.0982251">
        <ele>85.45901288098285</ele>
      </trkpt>
      <trkpt lat="53.2363682" lon="-1.1003977">
        <ele>87.19710903567703</ele>
      </trkpt>
      <trkpt lat="53.2357229" lon="-1.1038899">
        <ele>76.43159978298472</ele>
      </trkpt>
      <trkpt lat="53.2350968" lon="-1.102919">
        <ele>78.95643686316949</ele>
      </trkpt>
      <trkpt lat="53.2346184" lon="-1.1019802">
        <ele>81.52572657235532</ele>
      </trkpt>
      <trkpt lat="53.2339906" lon="-1.1011139">
        <ele>77.80500298338077</ele>
      </trkpt>
      <trkpt lat="53.2326421" lon="-1.0994643">
        <ele>66.36616520560418</ele>
      </trkpt>
      <trkpt lat="53.2306255" lon="-1.0975304">
        <ele>56.862359492062424</ele>
      </trkpt>
      <trkpt lat="53.2290761" lon="-1.0963744">
        <ele>48.37393116970753</ele>
      </trkpt>
      <trkpt lat="53.2286908" lon="-1.0962617">
        <ele>46.425405360805506</ele>
      </trkpt>
      <trkpt lat="53.2282765" lon="-1.0959721">
        <ele>45.28689156281901</ele>
      </trkpt>
      <trkpt lat="53.228018" lon="-1.0958675">
        <ele>43.021375504415566</ele>
      </trkpt>
      <trkpt lat="53.2269326" lon="-1.0958675">
        <ele>43.14809001783493</ele>
      </trkpt>
      <trkpt lat="53.2262341" lon="-1.0959399">
        <ele>44.66086587020739</ele>
      </trkpt>
      <trkpt lat="53.2220381" lon="-1.0969672">
        <ele>54.31887044594739</ele>
      </trkpt>
      <trkpt lat="53.220694" lon="-1.0974044">
        <ele>64.2584823346682</ele>
      </trkpt>
      <trkpt lat="53.21939" lon="-1.0975868">
        <ele>67.08377403612887</ele>
      </trkpt>
      <trkpt lat="53.2191715" lon="-1.0952854">
        <ele>66.76309200990971</ele>
      </trkpt>
      <trkpt lat="53.2190399" lon="-1.0929948">
        <ele>64.54935428227802</ele>
      </trkpt>
      <trkpt lat="53.218754" lon="-1.0900283">
        <ele>58.18746044468323</ele>
      </trkpt>
      <trkpt lat="53.218709" lon="-1.0892183">
        <ele>56.68158028905869</ele>
      </trkpt>
      <trkpt lat="53.2187187" lon="-1.0883224">
        <ele>53.49098103028025</ele>
      </trkpt>
      <trkpt lat="53.2182529" lon="-1.0841864">
        <ele>58.83747112348321</ele>
      </trkpt>
      <trkpt lat="53.2178739" lon="-1.0804152">
        <ele>58.28452607702184</ele>
      </trkpt>
      <trkpt lat="53.2178193" lon="-1.0795301">
        <ele>56.13881054778011</ele>
      </trkpt>
      <trkpt lat="53.2173182" lon="-1.0786235">
        <ele>54.9507965190689</ele>
      </trkpt>
      <trkpt lat="53.217042" lon="-1.0783473">
        <ele>55.849829509761946</ele>
      </trkpt>
      <trkpt lat="53.2168428" lon="-1.0782427">
        <ele>56.3260918864341</ele>
      </trkpt>
      <trkpt lat="53.2152528" lon="-1.0767192">
        <ele>48.36879095467873</ele>
      </trkpt>
      <trkpt lat="53.2105562" lon="-1.0720789">
        <ele>66.2623465453126</ele>
      </trkpt>
      <trkpt lat="53.2103827" lon="-1.0718483">
        <ele>66.09145153107141</ele>
      </trkpt>
      <trkpt lat="53.2099811" lon="-1.0716766">
        <ele>66.6112639258504</ele>
      </trkpt>
      <trkpt lat="53.2090735" lon="-1.0714808">
        <ele>71.49463432213096</ele>
      </trkpt>
      <trkpt lat="53.2079282" lon="-1.0713279">
        <ele>64.65045218595847</ele>
      </trkpt>
      <trkpt lat="53.2055153" lon="-1.0708934">
        <ele>68.31096184872106</ele>
      </trkpt>
      <trkpt lat="53.20521" lon="-1.07247">
        <ele>69.00010014651345</ele>
      </trkpt>
      <trkpt lat="53.20498" lon="-1.07282">
        <ele>69.87334062713312</ele>
      </trkpt>
      <trkpt lat="53.20487" lon="-1.07292">
        <ele>70.11787340800552</ele>
      </trkpt>
      <trkpt lat="53.20491" lon="-1.07298">
        <ele>70.34721173913002</ele>
      </trkpt>
      <trkpt lat="53.20492" lon="-1.0731">
        <ele>70.90606594173985</ele>
      </trkpt>
      <trkpt lat="53.20486" lon="-1.07388">
        <ele>71.82348174536718</ele>
      </trkpt>
      <trkpt lat="53.20437" lon="-1.07668">
        <ele>74.43167162754627</ele>
      </trkpt>
      <trkpt lat="53.2042982" lon="-1.0778617">
        <ele>76.45225422242773</ele>
      </trkpt>
      <trkpt lat="53.2067454" lon="-1.0819266">
        <ele>74.60411640682761</ele>
      </trkpt>
      <trkpt lat="53.2074934" lon="-1.0827529">
        <ele>71.65620159842629</ele>
      </trkpt>
      <trkpt lat="53.2083825" lon="-1.0843996">
        <ele>70.83421104354875</ele>
      </trkpt>
      <trkpt lat="53.2091728" lon="-1.0863481">
        <ele>76.04784947049353</ele>
      </trkpt>
      <trkpt lat="53.2096679" lon="-1.0879097">
        <ele>76.79333156978352</ele>
      </trkpt>
      <trkpt lat="53.2100796" lon="-1.0888556">
        <ele>76.44456580369834</ele>
      </trkpt>
      <trkpt lat="53.2104972" lon="-1.0905687">
        <ele>78.25982741723125</ele>
      </trkpt>
      <trkpt lat="53.2107449" lon="-1.093577">
        <ele>82.06821092606894</ele>
      </trkpt>
      <trkpt lat="53.2088139" lon="-1.0938049">
        <ele>83.74985150578522</ele>
      </trkpt>
      <trkpt lat="53.1970417" lon="-1.0932094">
        <ele>76.189685255222</ele>
      </trkpt>
      <trkpt lat="53.1910316" lon="-1.0929824">
        <ele>83.52093890683919</ele>
      </trkpt>
      <trkpt lat="53.1905827" lon="-1.0960227">
        <ele>80.41172191052141</ele>
      </trkpt>
      <trkpt lat="53.1904276" lon="-1.0967875">
        <ele>74.65044219540532</ele>
      </trkpt>
      <trkpt lat="53.1911443" lon="-1.0994267">
        <ele>71.80768681516128</ele>
      </trkpt>
      <trkpt lat="53.1920282" lon="-1.1024737">
        <ele>75.60376265012741</ele>
      </trkpt>
      <trkpt lat="53.1931884" lon="-1.1068189">
        <ele>81.78690051888185</ele>
      </trkpt>
      <trkpt lat="53.193497" lon="-1.1080796">
        <ele>83.94470588022448</ele>
      </trkpt>
      <trkpt lat="53.193423" lon="-1.1112016">
        <ele>87.49099150332324</ele>
      </trkpt>
      <trkpt lat="53.1936782" lon="-1.1159261">
        <ele>104.95060103694078</ele>
      </trkpt>
      <trkpt lat="53.19388" lon="-1.11709">
        <ele>111.60488322863864</ele>
      </trkpt>
      <trkpt lat="53.19619" lon="-1.11375">
        <ele>107.85752501855475</ele>
      </trkpt>
      <trkpt lat="53.19879" lon="-1.11142">
        <ele>107.28025311452902</ele>
      </trkpt>
      <trkpt lat="53.19897" lon="-1.11124">
        <ele>107.05080661529864</ele>
      </trkpt>
      <trkpt lat="53.20177" lon="-1.10962">
        <ele>96.8892108233544</ele>
      </trkpt>
      <trkpt lat="53.20361" lon="-1.10847">
        <ele>98.52611415019659</ele>
      </trkpt>
      <trkpt lat="53.20399" lon="-1.10816">
        <ele>98.77323738397197</ele>
      </trkpt>
      <trkpt lat="53.20573" lon="-1.1069">
        <ele>96.42092670158354</ele>
      </trkpt>
      <trkpt lat="53.20646" lon="-1.10622">
        <ele>100.0591622289181</ele>
      </trkpt>
      <trkpt lat="53.20672" lon="-1.10609">
        <ele>100.01612456880467</ele>
      </trkpt>
      <trkpt lat="53.20691" lon="-1.10543">
        <ele>100.6614270528647</ele>
      </trkpt>
      <trkpt lat="53.20687" lon="-1.10539">
        <ele>101.05820425245146</ele>
      </trkpt>
      <trkpt lat="53.2086414" lon="-1.1061752">
        <ele>101.07509591782028</ele>
      </trkpt>
      <trkpt lat="53.2100454" lon="-1.1057514">
        <ele>94.0755233085735</ele>
      </trkpt>
      <trkpt lat="53.2106622" lon="-1.1054188">
        <ele>92.4810153101568</ele>
      </trkpt>
      <trkpt lat="53.2114236" lon="-1.10448">
        <ele>92.73576477018261</ele>
      </trkpt>
      <trkpt lat="53.2117159" lon="-1.1041796">
        <ele>92.99138580472038</ele>
      </trkpt>
      <trkpt lat="53.2159884" lon="-1.1034876">
        <ele>78.65597744872896</ele>
      </trkpt>
      <trkpt lat="53.2166886" lon="-1.1034715">
        <ele>77.18138558152265</ele>
      </trkpt>
      <trkpt lat="53.2192615" lon="-1.104421">
        <ele>74.86517725471131</ele>
      </trkpt>
      <trkpt lat="53.2229165" lon="-1.1049145">
        <ele>62.33121434357138</ele>
      </trkpt>
      <trkpt lat="53.2251037" lon="-1.1058211">
        <ele>44.71045292894409</ele>
      </trkpt>
      <trkpt lat="53.2261602" lon="-1.106438">
        <ele>41.33126998979253</ele>
      </trkpt>
      <trkpt lat="53.2274014" lon="-1.1070094">
        <ele>55.41463378887923</ele>
      </trkpt>
      <trkpt lat="53.2278591" lon="-1.1073822">
        <ele>60.1836239711023</ele>
      </trkpt>
      <trkpt lat="53.2282155" lon="-1.1081842">
        <ele>60.64577331231635</ele>
      </trkpt>
      <trkpt lat="53.228633" lon="-1.1089969">
        <ele>60.92496312877738</ele>
      </trkpt>
      <trkpt lat="53.2304152" lon="-1.1111748">
        <ele>65.83674098539893</ele>
      </trkpt>
      <trkpt lat="53.2304826" lon="-1.1114269">
        <ele>66.08113372093096</ele>
      </trkpt>
      <trkpt lat="53.2326083" lon="-1.1088198">
        <ele>70.46081903646731</ele>
      </trkpt>
      <trkpt lat="53.2356137" lon="-1.1038792">
        <ele>75.76250783745303</ele>
      </trkpt>
      <trkpt lat="53.2358551" lon="-1.1050516">
        <ele>75.95676957876465</ele>
      </trkpt>
      <trkpt lat="53.2373896" lon="-1.1073982">
        <ele>68.42568081197278</ele>
      </trkpt>
      <trkpt lat="53.2385546" lon="-1.1087126">
        <ele>72.55167150436999</ele>
      </trkpt>
      <trkpt lat="53.2395627" lon="-1.110397">
        <ele>64.79478837377482</ele>
      </trkpt>
      <trkpt lat="53.2397826" lon="-1.1112311">
        <ele>63.1562935266152</ele>
      </trkpt>
      <trkpt lat="53.2401695" lon="-1.1123443">
        <ele>53.67200822859354</ele>
      </trkpt>
      <trkpt lat="53.240696" lon="-1.1144954">
        <ele>61.39992311438589</ele>
      </trkpt>
      <trkpt lat="53.2409432" lon="-1.1166841">
        <ele>71.77053108141808</ele>
      </trkpt>
      <trkpt lat="53.2413028" lon="-1.1191517">
        <ele>61.66451658531606</ele>
      </trkpt>
      <trkpt lat="53.241826" lon="-1.1241996">
        <ele>52.0009216713462</ele>
      </trkpt>
      <trkpt lat="53.2418132" lon="-1.125062">
        <ele>54.26188636050824</ele>
      </trkpt>
      <trkpt lat="53.2418838" lon="-1.1258063">
        <ele>55.10319298989817</ele>
      </trkpt>
      <trkpt lat="53.2419801" lon="-1.1275095">
        <ele>54.76958804153891</ele>
      </trkpt>
      <trkpt lat="53.2425933" lon="-1.1310285">
        <ele>52.884290965282524</ele>
      </trkpt>
      <trkpt lat="53.2428244" lon="-1.1320156">
        <ele>50.69390980544963</ele>
      </trkpt>
      <trkpt lat="53.2430106" lon="-1.132654">
        <ele>49.9126160423978</ele>
      </trkpt>
      <trkpt lat="53.2437136" lon="-1.1341828">
        <ele>51.78728656211314</ele>
      </trkpt>
      <trkpt lat="53.2421198" lon="-1.139558">
        <ele>46.85290369782702</ele>
      </trkpt>
      <trkpt lat="53.2416591" lon="-1.141457">
        <ele>45.4749650692106</ele>
      </trkpt>
      <trkpt lat="53.2418228" lon="-1.1444664">
        <ele>49.59988518538921</ele>
      </trkpt>
      <trkpt lat="53.241749" lon="-1.1448044">
        <ele>49.80000000000109</ele>
      </trkpt>
      <trkpt lat="53.2414248" lon="-1.1451799">
        <ele>50.64840319057198</ele>
      </trkpt>
      <trkpt lat="53.241932" lon="-1.1475456">
        <ele>51.92498640392535</ele>
      </trkpt>
      <trkpt lat="53.2421663" lon="-1.1492783">
        <ele>54.81763681746449</ele>
      </trkpt>
      <trkpt lat="53.2446606" lon="-1.1488223">
        <ele>50.975051140995134</ele>
      </trkpt>
      <trkpt lat="53.2456878" lon="-1.1490208">
        <ele>51.20469190004764</ele>
      </trkpt>
      <trkpt lat="53.246073" lon="-1.1485755">
        <ele>54.5128136432507</ele>
      </trkpt>
      <trkpt lat="53.2468241" lon="-1.1492676">
        <ele>51.96936706921677</ele>
      </trkpt>
      <trkpt lat="53.2470745" lon="-1.1498255">
        <ele>50.21590381595422</ele>
      </trkpt>
      <trkpt lat="53.2480086" lon="-1.1534142">
        <ele>56.029667511632965</ele>
      </trkpt>
      <trkpt lat="53.2485607" lon="-1.156987">
        <ele>54.549775502178996</ele>
      </trkpt>
      <trkpt lat="53.2488287" lon="-1.158029">
        <ele>54.592081596984016</ele>
      </trkpt>
      <trkpt lat="53.2496937" lon="-1.1599588">
        <ele>55.87505370006079</ele>
      </trkpt>
      <trkpt lat="53.2505314" lon="-1.1616433">
        <ele>57.125855486074144</ele>
      </trkpt>
      <trkpt lat="53.2515232" lon="-1.1638963">
        <ele>61.22303938783915</ele>
      </trkpt>
      <trkpt lat="53.2516997" lon="-1.1650604">
        <ele>58.006465107576105</ele>
      </trkpt>
      <trkpt lat="53.2519212" lon="-1.1659938">
        <ele>58.73702224528064</ele>
      </trkpt>
      <trkpt lat="53.2523585" lon="-1.1674087">
        <ele>66.05907512374753</ele>
      </trkpt>
      <trkpt lat="53.2530637" lon="-1.1691105">
        <ele>63.69325911831307</ele>
      </trkpt>
      <trkpt lat="53.253168" lon="-1.1695558">
        <ele>61.803951810021715</ele>
      </trkpt>
      <trkpt lat="53.2533815" lon="-1.1699045">
        <ele>57.22059759885487</ele>
      </trkpt>
      <trkpt lat="53.2546588" lon="-1.1701432">
        <ele>58.13758956866826</ele>
      </trkpt>
      <trkpt lat="53.2559216" lon="-1.1702746">
        <ele>56.62889763472553</ele>
      </trkpt>
      <trkpt lat="53.2564977" lon="-1.170288">
        <ele>60.3986622473559</ele>
      </trkpt>
      <trkpt lat="53.2577027" lon="-1.1702049">
        <ele>58.47455826900871</ele>
      </trkpt>
      <trkpt lat="53.2571379" lon="-1.1710149">
        <ele>63.019461687980815</ele>
      </trkpt>
      <trkpt lat="53.2564736" lon="-1.1721039">
        <ele>53.234168212064986</ele>
      </trkpt>
      <trkpt lat="53.2547358" lon="-1.1754633">
        <ele>55.41594893115248</ele>
      </trkpt>
      <trkpt lat="53.2538083" lon="-1.1774334">
        <ele>56.732110839933334</ele>
      </trkpt>
      <trkpt lat="53.2536222" lon="-1.1776587">
        <ele>57.60611259064229</ele>
      </trkpt>
      <trkpt lat="53.252884" lon="-1.1782113">
        <ele>58.57319600123528</ele>
      </trkpt>
      <trkpt lat="53.2530637" lon="-1.1791232">
        <ele>60.43248459883952</ele>
      </trkpt>
      <trkpt lat="53.2531151" lon="-1.1797294">
        <ele>61.33123103315131</ele>
      </trkpt>
      <trkpt lat="53.2532788" lon="-1.1802524">
        <ele>61.62480592983827</ele>
      </trkpt>
      <trkpt lat="53.2542849" lon="-1.182307">
        <ele>61.81878085280889</ele>
      </trkpt>
      <trkpt lat="53.2551996" lon="-1.1846808">
        <ele>66.06729135460034</ele>
      </trkpt>
      <trkpt lat="53.2569149" lon="-1.1875668">
        <ele>67.33081105148416</ele>
      </trkpt>
      <trkpt lat="53.2571636" lon="-1.1880925">
        <ele>66.600061985705</ele>
      </trkpt>
      <trkpt lat="53.2586751" lon="-1.1916384">
        <ele>71.6077216202326</ele>
      </trkpt>
      <trkpt lat="53.259089" lon="-1.192899">
        <ele>73.85107287870194</ele>
      </trkpt>
      <trkpt lat="53.2596634" lon="-1.1948812">
        <ele>76.14926875215261</ele>
      </trkpt>
      <trkpt lat="53.260578" lon="-1.1967185">
        <ele>87.31899721998272</ele>
      </trkpt>
      <trkpt lat="53.2603678" lon="-1.1974239">
        <ele>90.09998581095192</ele>
      </trkpt>
      <trkpt lat="53.2602747" lon="-1.1982715">
        <ele>92.81197281295923</ele>
      </trkpt>
      <trkpt lat="53.2602892" lon="-1.1989823">
        <ele>93.42386201242324</ele>
      </trkpt>
      <trkpt lat="53.2600475" lon="-1.2000025">
        <ele>91.54880472514552</ele>
      </trkpt>
      <trkpt lat="53.2599643" lon="-1.2009972">
        <ele>91.91995445091757</ele>
      </trkpt>
      <trkpt lat="53.260073" lon="-1.2021382">
        <ele>82.90301424635318</ele>
      </trkpt>
      <trkpt lat="53.2612149" lon="-1.202496">
        <ele>73.86436520069513</ele>
      </trkpt>
      <trkpt lat="53.2615414" lon="-1.2017195">
        <ele>73.58393149244574</ele>
      </trkpt>
      <trkpt lat="53.2618952" lon="-1.2007096">
        <ele>74.08373156938092</ele>
      </trkpt>
      <trkpt lat="53.262062" lon="-1.1996448">
        <ele>75.65490205725112</ele>
      </trkpt>
      <trkpt lat="53.2622465" lon="-1.1988991">
        <ele>74.99150127970957</ele>
      </trkpt>
      <trkpt lat="53.2628498" lon="-1.1973166">
        <ele>75.333596724353</ele>
      </trkpt>
      <trkpt lat="53.2632589" lon="-1.1967534">
        <ele>80.1418247932688</ele>
      </trkpt>
      <trkpt lat="53.2636183" lon="-1.196461">
        <ele>84.52114880110784</ele>
      </trkpt>
      <trkpt lat="53.2641252" lon="-1.1962759">
        <ele>82.0880095694626</ele>
      </trkpt>
      <trkpt lat="53.2636744" lon="-1.1952326">
        <ele>79.18763901153648</ele>
      </trkpt>
      <trkpt lat="53.2635525" lon="-1.1940363">
        <ele>70.26253588837633</ele>
      </trkpt>
      <trkpt lat="53.264552" lon="-1.1903295">
        <ele>77.48280213540687</ele>
      </trkpt>
      <trkpt lat="53.2648616" lon="-1.1886317">
        <ele>75.90362065434687</ele>
      </trkpt>
      <trkpt lat="53.2647044" lon="-1.1869633">
        <ele>71.94354712756024</ele>
      </trkpt>
      <trkpt lat="53.264252" lon="-1.184662">
        <ele>68.55552049979002</ele>
      </trkpt>
      <trkpt lat="53.2641413" lon="-1.1835811">
        <ele>61.71238032206999</ele>
      </trkpt>
      <trkpt lat="53.264122" lon="-1.1823553">
        <ele>57.21095891052645</ele>
      </trkpt>
      <trkpt lat="53.2641782" lon="-1.1792144">
        <ele>56.91548883728806</ele>
      </trkpt>
      <trkpt lat="53.2643819" lon="-1.1743221">
        <ele>56.499735065793566</ele>
      </trkpt>
      <trkpt lat="53.2643771" lon="-1.1738473">
        <ele>56.99690169708378</ele>
      </trkpt>
      <trkpt lat="53.2642231" lon="-1.1728603">
        <ele>58.62699759834449</ele>
      </trkpt>
      <trkpt lat="53.2642054" lon="-1.1723641">
        <ele>60.16915612532887</ele>
      </trkpt>
      <trkpt lat="53.2643402" lon="-1.1717793">
        <ele>58.721860361100056</ele>
      </trkpt>
      <trkpt lat="53.264653" lon="-1.1709157">
        <ele>60.66866434845203</ele>
      </trkpt>
      <trkpt lat="53.2651712" lon="-1.1698213">
        <ele>65.85631254233908</ele>
      </trkpt>
      <trkpt lat="53.2651536" lon="-1.169419">
        <ele>67.24065464716492</ele>
      </trkpt>
      <trkpt lat="53.2637386" lon="-1.1664927">
        <ele>68.94678111127723</ele>
      </trkpt>
      <trkpt lat="53.2641076" lon="-1.1661172">
        <ele>69.49281821637052</ele>
      </trkpt>
      <trkpt lat="53.2648183" lon="-1.1656398">
        <ele>65.27131766131998</ele>
      </trkpt>
      <trkpt lat="53.2654407" lon="-1.1653715">
        <ele>62.212413297780635</ele>
      </trkpt>
      <trkpt lat="53.2659717" lon="-1.1649665">
        <ele>61.5</ele>
      </trkpt>
      <trkpt lat="53.2665461" lon="-1.1638105">
        <ele>63.63555556341322</ele>
      </trkpt>
      <trkpt lat="53.2671171" lon="-1.1621046">
        <ele>59.770020820155196</ele>
      </trkpt>
      <trkpt lat="53.2672744" lon="-1.161536">
        <ele>59.236409814810465</ele>
      </trkpt>
      <trkpt lat="53.2673514" lon="-1.1613724">
        <ele>61.691746755740155</ele>
      </trkpt>
      <trkpt lat="53.2672535" lon="-1.1607152">
        <ele>65.71883661977526</ele>
      </trkpt>
      <trkpt lat="53.2669792" lon="-1.1600527">
        <ele>64.00001525683372</ele>
      </trkpt>
      <trkpt lat="53.2670016" lon="-1.1593634">
        <ele>58.97969886213884</ele>
      </trkpt>
      <trkpt lat="53.2667963" lon="-1.1590187">
        <ele>58.10216892571108</ele>
      </trkpt>
      <trkpt lat="53.2665428" lon="-1.1586902">
        <ele>55.444218282914655</ele>
      </trkpt>
      <trkpt lat="53.2685176" lon="-1.1552167">
        <ele>54.20314279433883</ele>
      </trkpt>
      <trkpt lat="53.2705837" lon="-1.1517996">
        <ele>56.82879528117257</ele>
      </trkpt>
      <trkpt lat="53.2716937" lon="-1.1503485">
        <ele>61.63796163159523</ele>
      </trkpt>
      <trkpt lat="53.2718605" lon="-1.1499918">
        <ele>67.67491919288896</ele>
      </trkpt>
      <trkpt lat="53.2724269" lon="-1.149237">
        <ele>66.16177149980501</ele>
      </trkpt>
      <trkpt lat="53.271641" lon="-1.1477531">
        <ele>77.20571812212778</ele>
      </trkpt>
      <trkpt lat="53.2714715" lon="-1.1460508">
        <ele>90.96931816251104</ele>
      </trkpt>
      <trkpt lat="53.2716883" lon="-1.1449406">
        <ele>96.73154729350335</ele>
      </trkpt>
      <trkpt lat="53.2721299" lon="-1.1438446">
        <ele>103.5825469099284</ele>
      </trkpt>
      <trkpt lat="53.2725509" lon="-1.1430114">
        <ele>115.03159754492806</ele>
      </trkpt>
      <trkpt lat="53.2727394" lon="-1.1410957">
        <ele>110.39283421388906</ele>
      </trkpt>
      <trkpt lat="53.2722609" lon="-1.1386311">
        <ele>113.02959405199101</ele>
      </trkpt>
      <trkpt lat="53.2721404" lon="-1.1375089">
        <ele>107.2732354264515</ele>
      </trkpt>
      <trkpt lat="53.2720984" lon="-1.1363663">
        <ele>103.80829400892966</ele>
      </trkpt>
      <trkpt lat="53.2721033" lon="-1.1354852">
        <ele>102.71837954222514</ele>
      </trkpt>
      <trkpt lat="53.2721369" lon="-1.1354658">
        <ele>102.87554998781316</ele>
      </trkpt>
      <trkpt lat="53.2720984" lon="-1.1348106">
        <ele>103.80919509027265</ele>
      </trkpt>
      <trkpt lat="53.2721969" lon="-1.1328967">
        <ele>104.3820519914851</ele>
      </trkpt>
      <trkpt lat="53.272189" lon="-1.1318097">
        <ele>111.44373171319145</ele>
      </trkpt>
      <trkpt lat="53.2729384" lon="-1.1279815">
        <ele>111.0001791138211</ele>
      </trkpt>
      <trkpt lat="53.2736216" lon="-1.1207664">
        <ele>115.29586248696945</ele>
      </trkpt>
      <trkpt lat="53.2738783" lon="-1.11839">
        <ele>114.39990122318386</ele>
      </trkpt>
      <trkpt lat="53.2742632" lon="-1.1153966">
        <ele>100.08987520590058</ele>
      </trkpt>
      <trkpt lat="53.2758479" lon="-1.1048394">
        <ele>93.74212877858113</ele>
      </trkpt>
      <trkpt lat="53.2768775" lon="-1.0977048">
        <ele>88.40646310378888</ele>
      </trkpt>
      <trkpt lat="53.2763162" lon="-1.0948992">
        <ele>83.81622643435519</ele>
      </trkpt>
      <trkpt lat="53.2778302" lon="-1.0883117">
        <ele>81.5609722047121</ele>
      </trkpt>
      <trkpt lat="53.2785711" lon="-1.0852379">
        <ele>67.6323383836787</ele>
      </trkpt>
      <trkpt lat="53.279713" lon="-1.088419">
        <ele>78.39993066620136</ele>
      </trkpt>
      <trkpt lat="53.2804667" lon="-1.0895401">
        <ele>65.85117975524686</ele>
      </trkpt>
      <trkpt lat="53.2815219" lon="-1.0908973">
        <ele>70.61295601660403</ele>
      </trkpt>
      <trkpt lat="53.2825419" lon="-1.0916644">
        <ele>56.48743342338159</ele>
      </trkpt>
      <trkpt lat="53.2868682" lon="-1.0931021">
        <ele>69.89023342470841</ele>
      </trkpt>
      <trkpt lat="53.2888853" lon="-1.0936493">
        <ele>71.65482522530199</ele>
      </trkpt>
      <trkpt lat="53.2889334" lon="-1.0761505">
        <ele>59.48273445229831</ele>
      </trkpt>
      <trkpt lat="53.2893695" lon="-1.0763758">
        <ele>58.08763063824836</ele>
      </trkpt>
      <trkpt lat="53.2898441" lon="-1.0764751">
        <ele>51.75279618064023</ele>
      </trkpt>
      <trkpt lat="53.2901968" lon="-1.0767031">
        <ele>50.19074521068443</ele>
      </trkpt>
      <trkpt lat="53.2900717" lon="-1.0771725">
        <ele>51.40799986072551</ele>
      </trkpt>
      <trkpt lat="53.2899643" lon="-1.0805118">
        <ele>68.6781058554126</ele>
      </trkpt>
      <trkpt lat="53.2898681" lon="-1.0815579">
        <ele>69.53091804822952</ele>
      </trkpt>
      <trkpt lat="53.2896196" lon="-1.0828346">
        <ele>66.61511061044618</ele>
      </trkpt>
      <trkpt lat="53.2896276" lon="-1.0836715">
        <ele>65.85829071932216</ele>
      </trkpt>
      <trkpt lat="53.2896709" lon="-1.0841435">
        <ele>65.34984369510889</ele>
      </trkpt>
      <trkpt lat="53.2901808" lon="-1.0854766">
        <ele>66.4704429241719</ele>
      </trkpt>
      <trkpt lat="53.2905848" lon="-1.0867694">
        <ele>66.51556474375619</ele>
      </trkpt>
      <trkpt lat="53.2907483" lon="-1.0870725">
        <ele>66.2984792641684</ele>
      </trkpt>
      <trkpt lat="53.2912694" lon="-1.0874319">
        <ele>67.00781263622578</ele>
      </trkpt>
      <trkpt lat="53.291829" lon="-1.0876384">
        <ele>65.99040803964748</ele>
      </trkpt>
      <trkpt lat="53.2920983" lon="-1.0875821">
        <ele>65.7501138861303</ele>
      </trkpt>
      <trkpt lat="53.2923644" lon="-1.0873649">
        <ele>65.37529842937462</ele>
      </trkpt>
      <trkpt lat="53.2924831" lon="-1.0872093">
        <ele>64.6653549393883</ele>
      </trkpt>
      <trkpt lat="53.2928614" lon="-1.0865521">
        <ele>61.72559573012441</ele>
      </trkpt>
      <trkpt lat="53.2929833" lon="-1.0861579">
        <ele>60.46851975964416</ele>
      </trkpt>
      <trkpt lat="53.2931404" lon="-1.0858843">
        <ele>59.09116293573166</ele>
      </trkpt>
      <trkpt lat="53.2933392" lon="-1.0857005">
        <ele>58.28469347376425</ele>
      </trkpt>
      <trkpt lat="53.2935765" lon="-1.0855705">
        <ele>57.79980973703885</ele>
      </trkpt>
      <trkpt lat="53.2937945" lon="-1.0854739">
        <ele>56.91450920274396</ele>
      </trkpt>
      <trkpt lat="53.294027" lon="-1.085439">
        <ele>55.61229895558334</ele>
      </trkpt>
      <trkpt lat="53.2948638" lon="-1.0859862">
        <ele>52.18298467577545</ele>
      </trkpt>
      <trkpt lat="53.2961896" lon="-1.0853532">
        <ele>55.38747980799536</ele>
      </trkpt>
      <trkpt lat="53.2957904" lon="-1.0843876">
        <ele>58.319309127964324</ele>
      </trkpt>
      <trkpt lat="53.2957343" lon="-1.0841006">
        <ele>58.193796958286086</ele>
      </trkpt>
      <trkpt lat="53.296087" lon="-1.0811475">
        <ele>56.17303568562934</ele>
      </trkpt>
      <trkpt lat="53.2963112" lon="-1.0798291">
        <ele>50.70914866640339</ele>
      </trkpt>
      <trkpt lat="53.2965445" lon="-1.0794865">
        <ele>48.18360110439918</ele>
      </trkpt>
      <trkpt lat="53.2968487" lon="-1.0795925">
        <ele>48.105925808218956</ele>
      </trkpt>
      <trkpt lat="53.2973657" lon="-1.0796001">
        <ele>44.126539176540064</ele>
      </trkpt>
      <trkpt lat="53.2970809" lon="-1.0790999">
        <ele>41.025231306938366</ele>
      </trkpt>
      <trkpt lat="53.2974171" lon="-1.0789801">
        <ele>36.99593154145758</ele>
      </trkpt>
      <trkpt lat="53.2978719" lon="-1.079683">
        <ele>39.22331509376023</ele>
      </trkpt>
      <trkpt lat="53.2982175" lon="-1.0795462">
        <ele>34.07749956905173</ele>
      </trkpt>
      <trkpt lat="53.2996778" lon="-1.081185">
        <ele>36.99937890329065</ele>
      </trkpt>
      <trkpt lat="53.3001395" lon="-1.0819441">
        <ele>34.63555189719316</ele>
      </trkpt>
      <trkpt lat="53.3005642" lon="-1.0836768">
        <ele>35.032692161992614</ele>
      </trkpt>
      <trkpt lat="53.3007983" lon="-1.0844225">
        <ele>33.56170252180591</ele>
      </trkpt>
      <trkpt lat="53.3010467" lon="-1.0849482">
        <ele>31.0439587671317</ele>
      </trkpt>
      <trkpt lat="53.3012567" lon="-1.0855061">
        <ele>29.41621400919928</ele>
      </trkpt>
      <trkpt lat="53.3014939" lon="-1.0852861">
        <ele>28.948517950235928</ele>
      </trkpt>
      <trkpt lat="53.3018466" lon="-1.0853988">
        <ele>29.337596616359413</ele>
      </trkpt>
      <trkpt lat="53.3021383" lon="-1.0856804">
        <ele>30.100084203063012</ele>
      </trkpt>
      <trkpt lat="53.3032619" lon="-1.0831779">
        <ele>28.60625570802988</ele>
      </trkpt>
      <trkpt lat="53.3034598" lon="-1.0826267">
        <ele>28.25938941205178</ele>
      </trkpt>
      <trkpt lat="53.3035937" lon="-1.0820541">
        <ele>29.227633982268703</ele>
      </trkpt>
      <trkpt lat="53.3037091" lon="-1.0812226">
        <ele>28.724987305235715</ele>
      </trkpt>
      <trkpt lat="53.3037107" lon="-1.0782373">
        <ele>28.512436491949984</ele>
      </trkpt>
      <trkpt lat="53.3042909" lon="-1.0747544">
        <ele>27.571988091549052</ele>
      </trkpt>
      <trkpt lat="53.3044568" lon="-1.0739491">
        <ele>28.078901728499037</ele>
      </trkpt>
      <trkpt lat="53.3047814" lon="-1.0732859">
        <ele>29.13383448853876</ele>
      </trkpt>
      <trkpt lat="53.3051259" lon="-1.0727629">
        <ele>30.624556265714244</ele>
      </trkpt>
      <trkpt lat="53.305876" lon="-1.0723445">
        <ele>29.86417177798035</ele>
      </trkpt>
      <trkpt lat="53.3057851" lon="-1.0720566">
        <ele>30.43042924827997</ele>
      </trkpt>
      <trkpt lat="53.3062294" lon="-1.0713904">
        <ele>29.332112932601756</ele>
      </trkpt>
      <trkpt lat="53.3067507" lon="-1.0705162">
        <ele>29.311841188790908</ele>
      </trkpt>
      <trkpt lat="53.3084784" lon="-1.0672894">
        <ele>30.552188745765143</ele>
      </trkpt>
      <trkpt lat="53.3092311" lon="-1.0644026">
        <ele>28.70346593828946</ele>
      </trkpt>
      <trkpt lat="53.3092986" lon="-1.0629754">
        <ele>29.059135000780813</ele>
      </trkpt>
      <trkpt lat="53.3096834" lon="-1.0618976">
        <ele>27.900641012729583</ele>
      </trkpt>
      <trkpt lat="53.3111271" lon="-1.0597459">
        <ele>36.462578944281134</ele>
      </trkpt>
      <trkpt lat="53.3119594" lon="-1.0584143">
        <ele>34.67310390462799</ele>
      </trkpt>
      <trkpt lat="53.31241" lon="-1.05793">
        <ele>31.19886823999808</ele>
      </trkpt>
      <trkpt lat="53.3125" lon="-1.05781">
        <ele>31.01758584893011</ele>
      </trkpt>
      <trkpt lat="53.3127" lon="-1.0573">
        <ele>31.253251163708967</ele>
      </trkpt>
      <trkpt lat="53.31277" lon="-1.05706">
        <ele>31.793599756748172</ele>
      </trkpt>
      <trkpt lat="53.3129" lon="-1.05635">
        <ele>36.727501852353626</ele>
      </trkpt>
      <trkpt lat="53.31307" lon="-1.05577">
        <ele>39.672401900543655</ele>
      </trkpt>
      <trkpt lat="53.31355" lon="-1.05497">
        <ele>41.47520312791316</ele>
      </trkpt>
      <trkpt lat="53.31366" lon="-1.05473">
        <ele>40.744794511981766</ele>
      </trkpt>
      <trkpt lat="53.31371" lon="-1.05452">
        <ele>40.55307203687579</ele>
      </trkpt>
      <trkpt lat="53.31374" lon="-1.05419">
        <ele>38.20701277622878</ele>
      </trkpt>
      <trkpt lat="53.31367" lon="-1.05388">
        <ele>36.53503630270967</ele>
      </trkpt>
      <trkpt lat="53.31367" lon="-1.05356">
        <ele>32.81418325299625</ele>
      </trkpt>
      <trkpt lat="53.3136" lon="-1.05327">
        <ele>31.017374861916597</ele>
      </trkpt>
      <trkpt lat="53.31353" lon="-1.05316">
        <ele>30.535537808522797</ele>
      </trkpt>
      <trkpt lat="53.31352" lon="-1.05314">
        <ele>30.43422179779668</ele>
      </trkpt>
      <trkpt lat="53.31375" lon="-1.05288">
        <ele>29.07638732189237</ele>
      </trkpt>
      <trkpt lat="53.31379" lon="-1.05284">
        <ele>28.84861309161375</ele>
      </trkpt>
      <trkpt lat="53.31365" lon="-1.05255">
        <ele>27.623025653232336</ele>
      </trkpt>
      <trkpt lat="53.31358" lon="-1.05247">
        <ele>27.579915575590274</ele>
      </trkpt>
      <trkpt lat="53.31354" lon="-1.05248">
        <ele>27.692873830721442</ele>
      </trkpt>
      <trkpt lat="53.31351" lon="-1.05246">
        <ele>27.68147300744955</ele>
      </trkpt>
      <trkpt lat="53.31348" lon="-1.05232">
        <ele>27.541662577772662</ele>
      </trkpt>
      <trkpt lat="53.31347" lon="-1.05206">
        <ele>27.293585220981527</ele>
      </trkpt>
      <trkpt lat="53.31348" lon="-1.05196">
        <ele>27.196578168101393</ele>
      </trkpt>
      <trkpt lat="53.3146373" lon="-1.0484782">
        <ele>25.89543629004283</ele>
      </trkpt>
      <trkpt lat="53.3146918" lon="-1.0477969">
        <ele>25.924883105140587</ele>
      </trkpt>
      <trkpt lat="53.3147126" lon="-1.0470486">
        <ele>25.94371854625764</ele>
      </trkpt>
      <trkpt lat="53.3147943" lon="-1.0465363">
        <ele>26.021929024137386</ele>
      </trkpt>
      <trkpt lat="53.3151132" lon="-1.0455117">
        <ele>26.17183269865408</ele>
      </trkpt>
      <trkpt lat="53.3156163" lon="-1.0428885">
        <ele>25.678400931694263</ele>
      </trkpt>
      <trkpt lat="53.3156388" lon="-1.0406703">
        <ele>26.1155866332822</ele>
      </trkpt>
      <trkpt lat="53.3155106" lon="-1.0396805">
        <ele>26.625797796094872</ele>
      </trkpt>
      <trkpt lat="53.3154128" lon="-1.0392836">
        <ele>26.062650711928164</ele>
      </trkpt>
      <trkpt lat="53.3147735" lon="-1.0379143">
        <ele>26.509331466211037</ele>
      </trkpt>
      <trkpt lat="53.3147575" lon="-1.0373309">
        <ele>26.181036307500403</ele>
      </trkpt>
      <trkpt lat="53.3148712" lon="-1.036706">
        <ele>25.468834039201674</ele>
      </trkpt>
      <trkpt lat="53.3150908" lon="-1.0357846">
        <ele>25.683771648615206</ele>
      </trkpt>
      <trkpt lat="53.3152117" lon="-1.0355251">
        <ele>26.277442474640516</ele>
      </trkpt>
      <trkpt lat="53.3153744" lon="-1.0354051">
        <ele>26.862497166264927</ele>
      </trkpt>
      <trkpt lat="53.3162188" lon="-1.0352737">
        <ele>27.112298325263033</ele>
      </trkpt>
      <trkpt lat="53.3165762" lon="-1.0350779">
        <ele>28.734570479907998</ele>
      </trkpt>
      <trkpt lat="53.3168453" lon="-1.0346568">
        <ele>28.761342274977753</ele>
      </trkpt>
      <trkpt lat="53.3169078" lon="-1.03441">
        <ele>27.172966254644127</ele>
      </trkpt>
      <trkpt lat="53.3168566" lon="-1.0339916">
        <ele>26.389302614598048</ele>
      </trkpt>
      <trkpt lat="53.316573" lon="-1.0332298">
        <ele>26.293654334220243</ele>
      </trkpt>
      <trkpt lat="53.3165778" lon="-1.0329643">
        <ele>26.285763540302195</ele>
      </trkpt>
      <trkpt lat="53.3166467" lon="-1.0328248">
        <ele>26.357814623195356</ele>
      </trkpt>
      <trkpt lat="53.3167973" lon="-1.0327068">
        <ele>26.324010651561764</ele>
      </trkpt>
      <trkpt lat="53.3177827" lon="-1.0328168">
        <ele>25.809270751058317</ele>
      </trkpt>
      <trkpt lat="53.3184508" lon="-1.0325888">
        <ele>26.225039879466294</ele>
      </trkpt>
      <trkpt lat="53.3189163" lon="-1.0320818">
        <ele>25.913170912863055</ele>
      </trkpt>
      <trkpt lat="53.3193048" lon="-1.0315213">
        <ele>25.92199322357819</ele>
      </trkpt>
      <trkpt lat="53.3194234" lon="-1.0312289">
        <ele>26.010773485224906</ele>
      </trkpt>
      <trkpt lat="53.3202614" lon="-1.0290483">
        <ele>27.314944524536166</ele>
      </trkpt>
      <trkpt lat="53.3203511" lon="-1.0284555">
        <ele>28.41234866015252</ele>
      </trkpt>
      <trkpt lat="53.3203238" lon="-1.0281524">
        <ele>29.222432471477333</ele>
      </trkpt>
      <trkpt lat="53.3201813" lon="-1.0277501">
        <ele>29.105050109803532</ele>
      </trkpt>
      <trkpt lat="53.3200355" lon="-1.0274631">
        <ele>28.028183753975178</ele>
      </trkpt>
      <trkpt lat="53.3195548" lon="-1.0267335">
        <ele>25.674288151685367</ele>
      </trkpt>
      <trkpt lat="53.3191558" lon="-1.0263392">
        <ele>26.44400446540381</ele>
      </trkpt>
      <trkpt lat="53.319111" lon="-1.0260791">
        <ele>26.187389439903882</ele>
      </trkpt>
      <trkpt lat="53.3191847" lon="-1.0255453">
        <ele>26.959272410302198</ele>
      </trkpt>
      <trkpt lat="53.3192776" lon="-1.0254326">
        <ele>27.075231649634052</ele>
      </trkpt>
      <trkpt lat="53.3193721" lon="-1.0254273">
        <ele>26.9874638931827</ele>
      </trkpt>
      <trkpt lat="53.3198111" lon="-1.0256553">
        <ele>26.31833066067253</ele>
      </trkpt>
      <trkpt lat="53.320319" lon="-1.0256714">
        <ele>26.531029412639537</ele>
      </trkpt>
      <trkpt lat="53.3206811" lon="-1.0255292">
        <ele>26.28994329628688</ele>
      </trkpt>
      <trkpt lat="53.3211778" lon="-1.0247165">
        <ele>27.000017995109168</ele>
      </trkpt>
      <trkpt lat="53.3214037" lon="-1.0246548">
        <ele>26.53442649035744</ele>
      </trkpt>
      <trkpt lat="53.3215671" lon="-1.0247111">
        <ele>26.307090991592194</ele>
      </trkpt>
      <trkpt lat="53.3218091" lon="-1.0249847">
        <ele>26.175321536861045</ele>
      </trkpt>
      <trkpt lat="53.322083" lon="-1.0257331">
        <ele>26.16222137422383</ele>
      </trkpt>
      <trkpt lat="53.3222849" lon="-1.0260442">
        <ele>26.037525604991654</ele>
      </trkpt>
      <trkpt lat="53.3225252" lon="-1.0262883">
        <ele>26.306164385612057</ele>
      </trkpt>
      <trkpt lat="53.322941" lon="-1.026586">
        <ele>27.30000000000109</ele>
      </trkpt>
      <trkpt lat="53.3235265" lon="-1.0268971">
        <ele>27.661898334436245</ele>
      </trkpt>
      <trkpt lat="53.3238934" lon="-1.0264707">
        <ele>28.721139461521044</ele>
      </trkpt>
      <trkpt lat="53.3251846" lon="-1.0263741">
        <ele>26.687501909328375</ele>
      </trkpt>
      <trkpt lat="53.3259039" lon="-1.0265216">
        <ele>26.70523758998177</ele>
      </trkpt>
      <trkpt lat="53.3288739" lon="-1.0267067">
        <ele>28.19997812181318</ele>
      </trkpt>
      <trkpt lat="53.3306111" lon="-1.0265739">
        <ele>27.10000000000036</ele>
      </trkpt>
      <trkpt lat="53.3309763" lon="-1.0266262">
        <ele>27.09378412088879</ele>
      </trkpt>
      <trkpt lat="53.3315329" lon="-1.0268193">
        <ele>27.312542051078026</ele>
      </trkpt>
      <trkpt lat="53.3316819" lon="-1.0268006">
        <ele>27.75934573072103</ele>
      </trkpt>
      <trkpt lat="53.3318052" lon="-1.0266772">
        <ele>28.01871406561702</ele>
      </trkpt>
      <trkpt lat="53.3341357" lon="-1.0233298">
        <ele>35.137989540748784</ele>
      </trkpt>
      <trkpt lat="53.3343616" lon="-1.0228229">
        <ele>33.094475643640585</ele>
      </trkpt>
      <trkpt lat="53.3343872" lon="-1.0224205">
        <ele>29.34432403171214</ele>
      </trkpt>
      <trkpt lat="53.3342703" lon="-1.0217687">
        <ele>27.065429823380477</ele>
      </trkpt>
      <trkpt lat="53.3330562" lon="-1.0190624">
        <ele>26.387500316464816</ele>
      </trkpt>
      <trkpt lat="53.3329393" lon="-1.0185957">
        <ele>26.56864295443573</ele>
      </trkpt>
      <trkpt lat="53.3329152" lon="-1.0182497">
        <ele>27.743668675237288</ele>
      </trkpt>
      <trkpt lat="53.3332147" lon="-1.0170802">
        <ele>31.564929208369893</ele>
      </trkpt>
      <trkpt lat="53.3332548" lon="-1.0168201">
        <ele>30.4008857331072</ele>
      </trkpt>
      <trkpt lat="53.3332724" lon="-1.0156828">
        <ele>26.57499394966317</ele>
      </trkpt>
      <trkpt lat="53.3333445" lon="-1.0153422">
        <ele>25.986986450810605</ele>
      </trkpt>
      <trkpt lat="53.3335367" lon="-1.0148513">
        <ele>26.721973279491873</ele>
      </trkpt>
      <trkpt lat="53.3349077" lon="-1.0127404">
        <ele>30.107616119563534</ele>
      </trkpt>
      <trkpt lat="53.3351544" lon="-1.0122925">
        <ele>31.228387131488407</ele>
      </trkpt>
      <trkpt lat="53.3353754" lon="-1.0117802">
        <ele>33.90152259202508</ele>
      </trkpt>
      <trkpt lat="53.3356733" lon="-1.0107636">
        <ele>29.26873886305936</ele>
      </trkpt>
      <trkpt lat="53.336567" lon="-1.0068959">
        <ele>26.69056481621311</ele>
      </trkpt>
      <trkpt lat="53.3365574" lon="-1.0067725">
        <ele>26.484315163479543</ele>
      </trkpt>
      <trkpt lat="53.3368841" lon="-1.0057479">
        <ele>25.249034758870124</ele>
      </trkpt>
      <trkpt lat="53.3370651" lon="-1.0053617">
        <ele>25.26872228977834</ele>
      </trkpt>
      <trkpt lat="53.3373438" lon="-1.0050157">
        <ele>25.41858589155654</ele>
      </trkpt>
      <trkpt lat="53.3375439" lon="-1.0049674">
        <ele>25.2843452586332</ele>
      </trkpt>
      <trkpt lat="53.3386378" lon="-1.005123">
        <ele>25.69045627007796</ele>
      </trkpt>
      <trkpt lat="53.3388412" lon="-1.004793">
        <ele>25.72177336416288</ele>
      </trkpt>
      <trkpt lat="53.3393937" lon="-1.0034305">
        <ele>24.293712912803652</ele>
      </trkpt>
      <trkpt lat="53.3398677" lon="-1.000877">
        <ele>27.28717910996743</ele>
      </trkpt>
      <trkpt lat="53.3400759" lon="-0.999485">
        <ele>27.131096600182882</ele>
      </trkpt>
      <trkpt lat="53.3401848" lon="-0.9991577">
        <ele>28.764314720036104</ele>
      </trkpt>
      <trkpt lat="53.3405531" lon="-0.9974787">
        <ele>27.78083405257265</ele>
      </trkpt>
      <trkpt lat="53.3406276" lon="-0.9971823">
        <ele>26.70628130640847</ele>
      </trkpt>
      <trkpt lat="53.341096" lon="-0.9962609">
        <ele>24.844204935334993</ele>
      </trkpt>
      <trkpt lat="53.3412241" lon="-0.9958667">
        <ele>23.634402734740217</ele>
      </trkpt>
      <trkpt lat="53.341309" lon="-0.9954751">
        <ele>23.924951228686087</ele>
      </trkpt>
      <trkpt lat="53.3413843" lon="-0.9947428">
        <ele>22.127284481298272</ele>
      </trkpt>
      <trkpt lat="53.3413058" lon="-0.9942868">
        <ele>21.631243606145553</ele>
      </trkpt>
      <trkpt lat="53.339525" lon="-0.9895581">
        <ele>19.65628974966296</ele>
      </trkpt>
      <trkpt lat="53.3378915" lon="-0.9871253">
        <ele>19.674870617571923</ele>
      </trkpt>
      <trkpt lat="53.3358078" lon="-0.9848857">
        <ele>18.050017251540613</ele>
      </trkpt>
      <trkpt lat="53.3350391" lon="-0.9838879">
        <ele>18.084269453073226</ele>
      </trkpt>
      <trkpt lat="53.3348917" lon="-0.98344">
        <ele>17.759377409332444</ele>
      </trkpt>
      <trkpt lat="53.3345922" lon="-0.9821981">
        <ele>17.5</ele>
      </trkpt>
      <trkpt lat="53.3335943" lon="-0.980397">
        <ele>18.217453169520894</ele>
      </trkpt>
      <trkpt lat="53.3332436" lon="-0.9796366">
        <ele>21.866520672841286</ele>
      </trkpt>
      <trkpt lat="53.3331635" lon="-0.9793201">
        <ele>22.643841143007005</ele>
      </trkpt>
      <trkpt lat="53.3330225" lon="-0.978215">
        <ele>21.597659029904825</ele>
      </trkpt>
      <trkpt lat="53.3329168" lon="-0.9776169">
        <ele>21.638851058129745</ele>
      </trkpt>
      <trkpt lat="53.3327166" lon="-0.9771556">
        <ele>24.9442007368433</ele>
      </trkpt>
      <trkpt lat="53.3323338" lon="-0.9766057">
        <ele>21.467041490937838</ele>
      </trkpt>
      <trkpt lat="53.3319718" lon="-0.9750018">
        <ele>17.956252523349303</ele>
      </trkpt>
      <trkpt lat="53.3317764" lon="-0.9742829">
        <ele>17.737474054424954</ele>
      </trkpt>
      <trkpt lat="53.3316787" lon="-0.9740388">
        <ele>17.76553833042368</ele>
      </trkpt>
      <trkpt lat="53.3315121" lon="-0.9738162">
        <ele>17.93122171084478</ele>
      </trkpt>
      <trkpt lat="53.3295323" lon="-0.972231">
        <ele>17.57797254964272</ele>
      </trkpt>
      <trkpt lat="53.3291911" lon="-0.9722525">
        <ele>17.531348867342636</ele>
      </trkpt>
      <trkpt lat="53.3288322" lon="-0.9724885">
        <ele>17.568274294840947</ele>
      </trkpt>
      <trkpt lat="53.3286817" lon="-0.9725153">
        <ele>17.699835683080163</ele>
      </trkpt>
      <trkpt lat="53.3285824" lon="-0.9724483">
        <ele>17.816808458745232</ele>
      </trkpt>
      <trkpt lat="53.3284398" lon="-0.9722123">
        <ele>18.240535333613806</ele>
      </trkpt>
      <trkpt lat="53.3283725" lon="-0.9717965">
        <ele>19.777454828372342</ele>
      </trkpt>
      <trkpt lat="53.3286865" lon="-0.9684303">
        <ele>20.600000000000364</ele>
      </trkpt>
      <trkpt lat="53.3281402" lon="-0.9666145">
        <ele>20.91248227555898</ele>
      </trkpt>
      <trkpt lat="53.3275091" lon="-0.9654531">
        <ele>21.63782355094089</ele>
      </trkpt>
      <trkpt lat="53.3271502" lon="-0.9647128">
        <ele>21.289478660592692</ele>
      </trkpt>
      <trkpt lat="53.32695" lon="-0.9641227">
        <ele>21.462509005633862</ele>
      </trkpt>
      <trkpt lat="53.3264117" lon="-0.9619877">
        <ele>20.506310476874955</ele>
      </trkpt>
      <trkpt lat="53.3262227" lon="-0.960786">
        <ele>23.324488531587058</ele>
      </trkpt>
      <trkpt lat="53.3261875" lon="-0.9601611">
        <ele>24.233874698613104</ele>
      </trkpt>
      <trkpt lat="53.3262339" lon="-0.9573555">
        <ele>26.450163488906256</ele>
      </trkpt>
      <trkpt lat="53.3258959" lon="-0.9564409">
        <ele>22.022036178201667</ele>
      </trkpt>
      <trkpt lat="53.3237796" lon="-0.9525838">
        <ele>20.97451993229121</ele>
      </trkpt>
      <trkpt lat="53.3234833" lon="-0.9522888">
        <ele>20.21806006037302</ele>
      </trkpt>
      <trkpt lat="53.3225701" lon="-0.9521574">
        <ele>19.74837032384194</ele>
      </trkpt>
      <trkpt lat="53.3223265" lon="-0.9519669">
        <ele>20.33779507702633</ele>
      </trkpt>
      <trkpt lat="53.3213605" lon="-0.9496576">
        <ele>18.569352310477758</ele>
      </trkpt>
      <trkpt lat="53.3212964" lon="-0.9495851">
        <ele>17.7366099083683</ele>
      </trkpt>
      <trkpt lat="53.3211794" lon="-0.9495181">
        <ele>17.61250022186868</ele>
      </trkpt>
      <trkpt lat="53.3197262" lon="-0.9493464">
        <ele>18.262496174034457</ele>
      </trkpt>
      <trkpt lat="53.3195724" lon="-0.9491801">
        <ele>18.417135463114036</ele>
      </trkpt>
      <trkpt lat="53.3193994" lon="-0.9487537">
        <ele>17.175106744795208</ele>
      </trkpt>
      <trkpt lat="53.3192968" lon="-0.9483379">
        <ele>15.992564521389715</ele>
      </trkpt>
      <trkpt lat="53.3192536" lon="-0.9467903">
        <ele>15.687431494112928</ele>
      </trkpt>
      <trkpt lat="53.3192199" lon="-0.9464496">
        <ele>15.908263246765538</ele>
      </trkpt>
      <trkpt lat="53.3192552" lon="-0.946219">
        <ele>16.23740910443098</ele>
      </trkpt>
      <trkpt lat="53.3192263" lon="-0.945138">
        <ele>17.306475356872948</ele>
      </trkpt>
      <trkpt lat="53.3191654" lon="-0.9448993">
        <ele>17.287475996442254</ele>
      </trkpt>
      <trkpt lat="53.3192071" lon="-0.9445962">
        <ele>17.141242027903484</ele>
      </trkpt>
      <trkpt lat="53.3190998" lon="-0.9421608">
        <ele>15.967850721637731</ele>
      </trkpt>
      <trkpt lat="53.3191014" lon="-0.9408894">
        <ele>17.9224871308571</ele>
      </trkpt>
      <trkpt lat="53.3194635" lon="-0.9399158">
        <ele>17.203672883231263</ele>
      </trkpt>
      <trkpt lat="53.3205666" lon="-0.9374776">
        <ele>16.43679678569243</ele>
      </trkpt>
      <trkpt lat="53.3210144" lon="-0.9366193">
        <ele>15.172094068033736</ele>
      </trkpt>
      <trkpt lat="53.3215783" lon="-0.9361151">
        <ele>16.168658142653907</ele>
      </trkpt>
      <trkpt lat="53.3220045" lon="-0.9358576">
        <ele>15.553131975117333</ele>
      </trkpt>
      <trkpt lat="53.3221791" lon="-0.9357047">
        <ele>15.71552303680297</ele>
      </trkpt>
      <trkpt lat="53.3223474" lon="-0.9354794">
        <ele>15.7688084838456</ele>
      </trkpt>
      <trkpt lat="53.3224291" lon="-0.9352005">
        <ele>15.96878127551275</ele>
      </trkpt>
      <trkpt lat="53.3224002" lon="-0.9347472">
        <ele>16.17179730297129</ele>
      </trkpt>
      <trkpt lat="53.3223297" lon="-0.9342697">
        <ele>15.934283851414012</ele>
      </trkpt>
      <trkpt lat="53.3223378" lon="-0.933862">
        <ele>15.850083257678307</ele>
      </trkpt>
      <trkpt lat="53.3223746" lon="-0.9336032">
        <ele>16.017161024758103</ele>
      </trkpt>
      <trkpt lat="53.3225052" lon="-0.9331298">
        <ele>16.02663424764815</ele>
      </trkpt>
      <trkpt lat="53.3232798" lon="-0.9317002">
        <ele>16.86869633703161</ele>
      </trkpt>
      <trkpt lat="53.3238389" lon="-0.9291896">
        <ele>15.27809661468592</ele>
      </trkpt>
      <trkpt lat="53.3239414" lon="-0.92879">
        <ele>15.360194675200754</ele>
      </trkpt>
      <trkpt lat="53.3240744" lon="-0.9285043">
        <ele>15.380639848619383</ele>
      </trkpt>
      <trkpt lat="53.3242394" lon="-0.928283">
        <ele>15.170744809498053</ele>
      </trkpt>
      <trkpt lat="53.3243836" lon="-0.9281744">
        <ele>15.342157354719307</ele>
      </trkpt>
      <trkpt lat="53.3248114" lon="-0.9280738">
        <ele>16.46869535287859</ele>
      </trkpt>
      <trkpt lat="53.3260994" lon="-0.9281731">
        <ele>17.27514725616302</ele>
      </trkpt>
      <trkpt lat="53.3264678" lon="-0.9280524">
        <ele>18.113010217559065</ele>
      </trkpt>
      <trkpt lat="53.3268234" lon="-0.9277144">
        <ele>15.897007821037652</ele>
      </trkpt>
      <trkpt lat="53.3270974" lon="-0.9272048">
        <ele>16.075122590363634</ele>
      </trkpt>
      <trkpt lat="53.3272464" lon="-0.9265476">
        <ele>16.15015021814088</ele>
      </trkpt>
      <trkpt lat="53.3271903" lon="-0.9254345">
        <ele>16.132734676703425</ele>
      </trkpt>
      <trkpt lat="53.3272079" lon="-0.9251583">
        <ele>15.937455636892217</ele>
      </trkpt>
      <trkpt lat="53.3273705" lon="-0.9246594">
        <ele>15.88188971973174</ele>
      </trkpt>
      <trkpt lat="53.3276" lon="-0.9242537">
        <ele>15.601954161632495</ele>
      </trkpt>
      <trkpt lat="53.3279224" lon="-0.9239459">
        <ele>15.837601424800862</ele>
      </trkpt>
      <trkpt lat="53.3284782" lon="-0.923844">
        <ele>17.596887011244885</ele>
      </trkpt>
      <trkpt lat="53.3288146" lon="-0.9236804">
        <ele>17.44700474124445</ele>
      </trkpt>
      <trkpt lat="53.3290549" lon="-0.9233263">
        <ele>16.931130072066722</ele>
      </trkpt>
      <trkpt lat="53.3297053" lon="-0.9217277">
        <ele>14.800000000001091</ele>
      </trkpt>
      <trkpt lat="53.3307416" lon="-0.9176132">
        <ele>15.007738427372209</ele>
      </trkpt>
      <trkpt lat="53.3309675" lon="-0.917058">
        <ele>14.057792858219486</ele>
      </trkpt>
      <trkpt lat="53.3312206" lon="-0.9166771">
        <ele>13.747149799421415</ele>
      </trkpt>
      <trkpt lat="53.3318661" lon="-0.9160388">
        <ele>13.362471347303519</ele>
      </trkpt>
      <trkpt lat="53.3339772" lon="-0.914121">
        <ele>12.787707616547936</ele>
      </trkpt>
      <trkpt lat="53.3341838" lon="-0.913952">
        <ele>12.956062724004838</ele>
      </trkpt>
      <trkpt lat="53.3343984" lon="-0.9138849">
        <ele>13.183582222459567</ele>
      </trkpt>
      <trkpt lat="53.3345778" lon="-0.9138608">
        <ele>13.296123462401678</ele>
      </trkpt>
      <trkpt lat="53.3349718" lon="-0.913948">
        <ele>13.171132065346578</ele>
      </trkpt>
      <trkpt lat="53.3376961" lon="-0.9158885">
        <ele>13.201571790076</ele>
      </trkpt>
      <trkpt lat="53.3379956" lon="-0.9160066">
        <ele>13.200000000000728</ele>
      </trkpt>
      <trkpt lat="53.3388075" lon="-0.9160334">
        <ele>13.281162075117322</ele>
      </trkpt>
      <trkpt lat="53.3416325" lon="-0.9150758">
        <ele>12.963127891858385</ele>
      </trkpt>
      <trkpt lat="53.3419896" lon="-0.91488">
        <ele>13.076255716224699</ele>
      </trkpt>
      <trkpt lat="53.3445133" lon="-0.9124607">
        <ele>13.306232263102379</ele>
      </trkpt>
      <trkpt lat="53.3447215" lon="-0.9122139">
        <ele>13.393775104010977</ele>
      </trkpt>
      <trkpt lat="53.3452443" lon="-0.9112718">
        <ele>14.733622150147252</ele>
      </trkpt>
      <trkpt lat="53.3457367" lon="-0.910213">
        <ele>14.799202633671197</ele>
      </trkpt>
      <trkpt lat="53.3458552" lon="-0.9101513">
        <ele>14.700000000000728</ele>
      </trkpt>
      <trkpt lat="53.3486812" lon="-0.9115058">
        <ele>14</ele>
      </trkpt>
      <trkpt lat="53.3496099" lon="-0.9119189">
        <ele>14.212421012461029</ele>
      </trkpt>
      <trkpt lat="53.3498356" lon="-0.9119752">
        <ele>13.640713945916449</ele>
      </trkpt>
      <trkpt lat="53.3500694" lon="-0.911884">
        <ele>13.409875364154548</ele>
      </trkpt>
      <trkpt lat="53.3524149" lon="-0.9094432">
        <ele>13.692590729775663</ele>
      </trkpt>
      <trkpt lat="53.3530057" lon="-0.9091777">
        <ele>15.24051891220821</ele>
      </trkpt>
      <trkpt lat="53.3536477" lon="-0.9091106">
        <ele>14.669649888232001</ele>
      </trkpt>
      <trkpt lat="53.3564588" lon="-0.9098268">
        <ele>13.298352849511216</ele>
      </trkpt>
      <trkpt lat="53.3569743" lon="-0.9098911">
        <ele>14.237544237613612</ele>
      </trkpt>
      <trkpt lat="53.3578355" lon="-0.9094754">
        <ele>12.834341806314239</ele>
      </trkpt>
      <trkpt lat="53.3587912" lon="-0.9084052">
        <ele>13.8624644550968</ele>
      </trkpt>
      <trkpt lat="53.3587383" lon="-0.9078151">
        <ele>15.352715535653898</ele>
      </trkpt>
      <trkpt lat="53.3590809" lon="-0.9077507">
        <ele>15.834449121271096</ele>
      </trkpt>
      <trkpt lat="53.3590921" lon="-0.9076032">
        <ele>16.093764095497658</ele>
      </trkpt>
      <trkpt lat="53.3585527" lon="-0.9046823">
        <ele>30.69322628076666</ele>
      </trkpt>
      <trkpt lat="53.3585014" lon="-0.9046742">
        <ele>30.75224225638142</ele>
      </trkpt>
      <trkpt lat="53.358495" lon="-0.9043564">
        <ele>31.842080879337303</ele>
      </trkpt>
      <trkpt lat="53.3585711" lon="-0.9038387">
        <ele>34.22969965848033</ele>
      </trkpt>
      <trkpt lat="53.3586599" lon="-0.9036309">
        <ele>35.36670158061841</ele>
      </trkpt>
      <trkpt lat="53.3589761" lon="-0.9032205">
        <ele>37.101035433578716</ele>
      </trkpt>
      <trkpt lat="53.3592474" lon="-0.9027457">
        <ele>38.57504397279235</ele>
      </trkpt>
      <trkpt lat="53.359289" lon="-0.9026036">
        <ele>39.24570683396297</ele>
      </trkpt>
      <trkpt lat="53.3593674" lon="-0.901756">
        <ele>44.65935486685583</ele>
      </trkpt>
      <trkpt lat="53.359409" lon="-0.9007341">
        <ele>49.775219454841746</ele>
      </trkpt>
      <trkpt lat="53.3593418" lon="-0.8996478">
        <ele>51.36868548267593</ele>
      </trkpt>
      <trkpt lat="53.359241" lon="-0.8988538">
        <ele>51.69972158147961</ele>
      </trkpt>
      <trkpt lat="53.3595307" lon="-0.8952489">
        <ele>58.19681628462879</ele>
      </trkpt>
      <trkpt lat="53.3595883" lon="-0.8940876">
        <ele>60.79135917789088</ele>
      </trkpt>
      <trkpt lat="53.3594699" lon="-0.8940178">
        <ele>59.26594091542144</ele>
      </trkpt>
      <trkpt lat="53.3590617" lon="-0.8939427">
        <ele>53.88528227850775</ele>
      </trkpt>
      <trkpt lat="53.3582437" lon="-0.8935484">
        <ele>47.006182463374635</ele>
      </trkpt>
      <trkpt lat="53.3580724" lon="-0.8935162">
        <ele>46.380132849750005</ele>
      </trkpt>
      <trkpt lat="53.3578403" lon="-0.8935538">
        <ele>45.62184299076952</ele>
      </trkpt>
      <trkpt lat="53.357525" lon="-0.8938113">
        <ele>44.460786317110916</ele>
      </trkpt>
      <trkpt lat="53.3571232" lon="-0.8943075">
        <ele>43.431270400016416</ele>
      </trkpt>
      <trkpt lat="53.3568366" lon="-0.8944818">
        <ele>41.99987154372558</ele>
      </trkpt>
      <trkpt lat="53.3560602" lon="-0.8948359">
        <ele>41.41877484088808</ele>
      </trkpt>
      <trkpt lat="53.3554423" lon="-0.895265">
        <ele>42.60319415157158</ele>
      </trkpt>
      <trkpt lat="53.3535148" lon="-0.8952999">
        <ele>48.915545324796184</ele>
      </trkpt>
      <trkpt lat="53.3532026" lon="-0.8955681">
        <ele>49.615574711388334</ele>
      </trkpt>
      <trkpt lat="53.3531145" lon="-0.8954233">
        <ele>49.44375802311197</ele>
      </trkpt>
      <trkpt lat="53.3533643" lon="-0.8896673">
        <ele>41.14103863817552</ele>
      </trkpt>
      <trkpt lat="53.3533483" lon="-0.8873364">
        <ele>37.243673258648215</ele>
      </trkpt>
      <trkpt lat="53.3534027" lon="-0.8862555">
        <ele>35.165999307014594</ele>
      </trkpt>
      <trkpt lat="53.3535028" lon="-0.8861724">
        <ele>35.15229434113486</ele>
      </trkpt>
      <trkpt lat="53.3536605" lon="-0.8861321">
        <ele>35.55638639943275</ele>
      </trkpt>
      <trkpt lat="53.3549044" lon="-0.8804646">
        <ele>30.343279339186896</ele>
      </trkpt>
      <trkpt lat="53.3548051" lon="-0.8801213">
        <ele>29.146907562646618</ele>
      </trkpt>
      <trkpt lat="53.354605" lon="-0.8798987">
        <ele>28.550826929105135</ele>
      </trkpt>
      <trkpt lat="53.3543056" lon="-0.8796707">
        <ele>28.66258825182508</ele>
      </trkpt>
      <trkpt lat="53.3537965" lon="-0.8793971">
        <ele>29.73140036794441</ele>
      </trkpt>
      <trkpt lat="53.3530393" lon="-0.8788875">
        <ele>32.58745792657169</ele>
      </trkpt>
      <trkpt lat="53.3522756" lon="-0.8779621">
        <ele>36.0344044492814</ele>
      </trkpt>
      <trkpt lat="53.3511469" lon="-0.8769616">
        <ele>35.31607096448569</ele>
      </trkpt>
      <trkpt lat="53.3511213" lon="-0.8768624">
        <ele>35.38748258296541</ele>
      </trkpt>
      <trkpt lat="53.351243" lon="-0.8764225">
        <ele>35.14994076043422</ele>
      </trkpt>
      <trkpt lat="53.3512382" lon="-0.8762482">
        <ele>35.059309719433294</ele>
      </trkpt>
      <trkpt lat="53.3511485" lon="-0.8760765">
        <ele>34.80310229333228</ele>
      </trkpt>
      <trkpt lat="53.3508243" lon="-0.8757278">
        <ele>35.13436655979652</ele>
      </trkpt>
      <trkpt lat="53.3504825" lon="-0.8752745">
        <ele>36.654815768571375</ele>
      </trkpt>
      <trkpt lat="53.3502375" lon="-0.8748803">
        <ele>37.612519450509396</ele>
      </trkpt>
      <trkpt lat="53.3501671" lon="-0.8748588">
        <ele>37.68437896533936</ele>
      </trkpt>
      <trkpt lat="53.3498132" lon="-0.8743438">
        <ele>37.849951274875124</ele>
      </trkpt>
      <trkpt lat="53.3497444" lon="-0.8741882">
        <ele>38.09615699469964</ele>
      </trkpt>
      <trkpt lat="53.3506794" lon="-0.8724985">
        <ele>45.5483566626441</ele>
      </trkpt>
      <trkpt lat="53.3510348" lon="-0.8716214">
        <ele>45.90010219109301</ele>
      </trkpt>
      <trkpt lat="53.3515888" lon="-0.8707577">
        <ele>45.068731412384935</ele>
      </trkpt>
      <trkpt lat="53.3527351" lon="-0.8686548">
        <ele>42.43750967732722</ele>
      </trkpt>
      <trkpt lat="53.3536701" lon="-0.8675417">
        <ele>40.06046718146137</ele>
      </trkpt>
      <trkpt lat="53.3549812" lon="-0.8647308">
        <ele>39.15315319057609</ele>
      </trkpt>
      <trkpt lat="53.3551717" lon="-0.8640012">
        <ele>38.83435810133936</ele>
      </trkpt>
      <trkpt lat="53.3551845" lon="-0.8637384">
        <ele>38.52817390933643</ele>
      </trkpt>
      <trkpt lat="53.3551541" lon="-0.8632904">
        <ele>37.707188594702835</ele>
      </trkpt>
      <trkpt lat="53.3552117" lon="-0.8629498">
        <ele>37.309388316447105</ele>
      </trkpt>
      <trkpt lat="53.3566765" lon="-0.8601308">
        <ele>33.768813029002445</ele>
      </trkpt>
      <trkpt lat="53.3573169" lon="-0.8591706">
        <ele>31.400354741145538</ele>
      </trkpt>
      <trkpt lat="53.3577203" lon="-0.8584544">
        <ele>29.97359917666196</ele>
      </trkpt>
      <trkpt lat="53.3582405" lon="-0.8578777">
        <ele>27.999993163349917</ele>
      </trkpt>
      <trkpt lat="53.3589352" lon="-0.8574727">
        <ele>26.403344975736452</ele>
      </trkpt>
      <trkpt lat="53.3596251" lon="-0.8574057">
        <ele>26.569070579942455</ele>
      </trkpt>
      <trkpt lat="53.3614003" lon="-0.8568746">
        <ele>20.100000000000364</ele>
      </trkpt>
      <trkpt lat="53.3615684" lon="-0.8565795">
        <ele>20.31254912000263</ele>
      </trkpt>
      <trkpt lat="53.362065" lon="-0.854787">
        <ele>17.9</ele>
      </trkpt>
      <trkpt lat="53.362223" lon="-0.854988">
        <ele>17.8</ele>
      </trkpt>
      <trkpt lat="53.362121" lon="-0.855101">
        <ele>17.8</ele>
      </trkpt>
    </trkseg>
  </trk>
</gpx>
