<?xml version="1.0" encoding="UTF-8"?>
<gpx creator="StravaGPX" version="1.1" schemaLocation="http://www.topografix.com/GPX/1/1 http://www.topografix.com/GPX/1/1/gpx.xsd http://www.garmin.com/xmlschemas/GpxExtensions/v3 http://www.garmin.com/xmlschemas/GpxExtensionsv3.xsd http://www.garmin.com/xmlschemas/TrackPointExtension/v1 http://www.garmin.com/xmlschemas/TrackPointExtensionv1.xsd http://www.garmin.com/xmlschemas/PowerExtension/v1 http://www.garmin.com/xmlschemas/PowerExtensionv1.xsd http://www.topografix.com/GPX/gpx_style/0/2 http://www.topografix.com/GPX/gpx_style/0/2/gpx_style.xsd" xmlns="http://www.topografix.com/GPX/1/1" xmlns:xsi="http://www.w3.org/2001/XMLSchema-instance" xsi:schemaLocation="http://www.topografix.com/GPX/1/1 http://www.topografix.com/GPX/1/1/gpx.xsd http://www.garmin.com/xmlschemas/GpxExtensions/v3 http://www.garmin.com/xmlschemas/GpxExtensionsv3.xsd http://www.garmin.com/xmlschemas/TrackPointExtension/v1 http://www.garmin.com/xmlschemas/TrackPointExtensionv1.xsd http://www.garmin.com/xmlschemas/PowerExtension/v1 http://www.garmin.com/xmlschemas/PowerExtensionv1.xsd http://www.topografix.com/GPX/gpx_style/0/2 http://www.topografix.com/GPX/gpx_style/0/2/gpx_style.xsd" xmlns:gpxtpx="http://www.garmin.com/xmlschemas/TrackPointExtension/v1" xmlns:gpxx="http://www.garmin.com/xmlschemas/GpxExtensions/v3" xmlns:gpxpx="http://www.garmin.com/xmlschemas/PowerExtension/v1" xmlns:gpx_style="http://www.topografix.com/GPX/gpx_style/0/2">
  <metadata>
    <name>Robin_Hood_100</name>
    <author>
      <name>gpx.studio</name>
      <link href="https://gpx.studio"/>
    </author>
  </metadata>
  <trk>
    <name>Robin Hood 100</name>
    <type>running</type>
    <trkseg>
      <trkpt lat="53.360988" lon="-0.856938">
        <ele>19.8</ele>
        <time>2026-09-14T17:53:00.000Z</time>
      </trkpt>
      <trkpt lat="53.360718" lon="-0.856912">
        <ele>20.3</ele>
        <time>2026-09-14T17:53:20.749Z</time>
      </trkpt>
      <trkpt lat="53.360663" lon="-0.85667">
        <ele>20.7</ele>
        <time>2026-09-14T17:53:31.923Z</time>
      </trkpt>
      <trkpt lat="53.360657" lon="-0.856926">
        <ele>20.2</ele>
        <time>2026-09-14T17:53:42.975Z</time>
      </trkpt>
      <trkpt lat="53.360545" lon="-0.857089">
        <ele>20.3</ele>
        <time>2026-09-14T17:53:53.571Z</time>
      </trkpt>
      <trkpt lat="53.360275" lon="-0.857091">
        <ele>20.6</ele>
        <time>2026-09-14T17:54:12.356Z</time>
      </trkpt>
      <trkpt lat="53.359633" lon="-0.857428">
        <ele>23.5</ele>
        <time>2026-09-14T17:55:05.796Z</time>
      </trkpt>
      <trkpt lat="53.358946" lon="-0.8574">
        <ele>25.8</ele>
        <time>2026-09-14T17:56:01.960Z</time>
      </trkpt>
      <trkpt lat="53.35843" lon="-0.857699">
        <ele>27.2</ele>
        <time>2026-09-14T17:56:45.291Z</time>
      </trkpt>
      <trkpt lat="53.358063" lon="-0.857041">
        <ele>28.6</ele>
        <time>2026-09-14T17:57:27.286Z</time>
      </trkpt>
      <trkpt lat="53.356844" lon="-0.855722">
        <ele>33</ele>
        <time>2026-09-14T17:59:22.092Z</time>
      </trkpt>
      <trkpt lat="53.356578" lon="-0.855189">
        <ele>33.5</ele>
        <time>2026-09-14T17:59:54.541Z</time>
      </trkpt>
      <trkpt lat="53.356053" lon="-0.855005">
        <ele>34.2</ele>
        <time>2026-09-14T18:00:34.278Z</time>
      </trkpt>
      <trkpt lat="53.354121" lon="-0.853126">
        <ele>27.2</ele>
        <time>2026-09-14T18:02:55.133Z</time>
      </trkpt>
      <trkpt lat="53.353196" lon="-0.852383">
        <ele>25.8</ele>
        <time>2026-09-14T18:03:58.879Z</time>
      </trkpt>
      <trkpt lat="53.352647" lon="-0.852138">
        <ele>26.1</ele>
        <time>2026-09-14T18:04:37.486Z</time>
      </trkpt>
      <trkpt lat="53.352739" lon="-0.852105">
        <ele>26</ele>
        <time>2026-09-14T18:04:44.054Z</time>
      </trkpt>
      <trkpt lat="53.352809" lon="-0.851537">
        <ele>25.7</ele>
        <time>2026-09-14T18:05:07.339Z</time>
      </trkpt>
      <trkpt lat="53.349937" lon="-0.850703">
        <ele>33.2</ele>
        <time>2026-09-14T18:08:50.963Z</time>
      </trkpt>
      <trkpt lat="53.349867" lon="-0.850538">
        <ele>33.3</ele>
        <time>2026-09-14T18:09:00.375Z</time>
      </trkpt>
      <trkpt lat="53.349953" lon="-0.84832">
        <ele>31</ele>
        <time>2026-09-14T18:10:27.097Z</time>
      </trkpt>
      <trkpt lat="53.34909" lon="-0.848117">
        <ele>32.2</ele>
        <time>2026-09-14T18:11:26.835Z</time>
      </trkpt>
      <trkpt lat="53.347518" lon="-0.847341">
        <ele>34.5</ele>
        <time>2026-09-14T18:13:28.927Z</time>
      </trkpt>
      <trkpt lat="53.347669" lon="-0.844553">
        <ele>29.9</ele>
        <time>2026-09-14T18:15:22.462Z</time>
      </trkpt>
      <trkpt lat="53.34762" lon="-0.844475">
        <ele>29.5</ele>
        <time>2026-09-14T18:15:26.602Z</time>
      </trkpt>
      <trkpt lat="53.344888" lon="-0.844625">
        <ele>28.5</ele>
        <time>2026-09-14T18:18:33.983Z</time>
      </trkpt>
      <trkpt lat="53.343755" lon="-0.84455">
        <ele>28.1</ele>
        <time>2026-09-14T18:19:52.204Z</time>
      </trkpt>
      <trkpt lat="53.343756" lon="-0.846149">
        <ele>30.8</ele>
        <time>2026-09-14T18:21:02.452Z</time>
      </trkpt>
      <trkpt lat="53.343931" lon="-0.84936">
        <ele>37</ele>
        <time>2026-09-14T18:23:35.734Z</time>
      </trkpt>
      <trkpt lat="53.344349" lon="-0.862758">
        <ele>66.8</ele>
        <time>2026-09-14T18:34:25.830Z</time>
      </trkpt>
      <trkpt lat="53.344353" lon="-0.863156">
        <ele>66.7</ele>
        <time>2026-09-14T18:34:45.103Z</time>
      </trkpt>
      <trkpt lat="53.344186" lon="-0.863894">
        <ele>66.7</ele>
        <time>2026-09-14T18:35:17.934Z</time>
      </trkpt>
      <trkpt lat="53.344265" lon="-0.864135">
        <ele>66.8</ele>
        <time>2026-09-14T18:35:29.526Z</time>
      </trkpt>
      <trkpt lat="53.34438" lon="-0.865729">
        <ele>66.9</ele>
        <time>2026-09-14T18:36:37.284Z</time>
      </trkpt>
      <trkpt lat="53.344393" lon="-0.867426">
        <ele>61.5</ele>
        <time>2026-09-14T18:37:39.910Z</time>
      </trkpt>
      <trkpt lat="53.344129" lon="-0.870764">
        <ele>56.2</ele>
        <time>2026-09-14T18:39:39.172Z</time>
      </trkpt>
      <trkpt lat="53.343672" lon="-0.870662">
        <ele>57.7</ele>
        <time>2026-09-14T18:40:09.282Z</time>
      </trkpt>
      <trkpt lat="53.34371" lon="-0.871076">
        <ele>57.1</ele>
        <time>2026-09-14T18:40:27.812Z</time>
      </trkpt>
      <trkpt lat="53.343499" lon="-0.874006">
        <ele>57.8</ele>
        <time>2026-09-14T18:42:31.644Z</time>
      </trkpt>
      <trkpt lat="53.343533" lon="-0.874758">
        <ele>58.2</ele>
        <time>2026-09-14T18:43:03.924Z</time>
      </trkpt>
      <trkpt lat="53.343378" lon="-0.877251">
        <ele>59.5</ele>
        <time>2026-09-14T18:44:52.972Z</time>
      </trkpt>
      <trkpt lat="53.34343" lon="-0.87784">
        <ele>59.9</ele>
        <time>2026-09-14T18:45:18.927Z</time>
      </trkpt>
      <trkpt lat="53.343233" lon="-0.885023">
        <ele>65.5</ele>
        <time>2026-09-14T18:50:37.365Z</time>
      </trkpt>
      <trkpt lat="53.343189" lon="-0.885241">
        <ele>65.7</ele>
        <time>2026-09-14T18:50:47.564Z</time>
      </trkpt>
      <trkpt lat="53.342854" lon="-0.885646">
        <ele>65.5</ele>
        <time>2026-09-14T18:51:16.535Z</time>
      </trkpt>
      <trkpt lat="53.34272" lon="-0.887154">
        <ele>64.8</ele>
        <time>2026-09-14T18:52:18.416Z</time>
      </trkpt>
      <trkpt lat="53.342814" lon="-0.887995">
        <ele>65.8</ele>
        <time>2026-09-14T18:52:54.577Z</time>
      </trkpt>
      <trkpt lat="53.34431" lon="-0.891091">
        <ele>65.7</ele>
        <time>2026-09-14T18:55:43.666Z</time>
      </trkpt>
      <trkpt lat="53.34455" lon="-0.891395">
        <ele>64.5</ele>
        <time>2026-09-14T18:56:04.307Z</time>
      </trkpt>
      <trkpt lat="53.348923" lon="-0.877369">
        <ele>48.2</ele>
        <time>2026-09-14T19:06:13.716Z</time>
      </trkpt>
      <trkpt lat="53.349412" lon="-0.87621">
        <ele>44.3</ele>
        <time>2026-09-14T19:07:07.938Z</time>
      </trkpt>
      <trkpt lat="53.35016" lon="-0.874971">
        <ele>37.9</ele>
        <time>2026-09-14T19:08:05.017Z</time>
      </trkpt>
      <trkpt lat="53.351187" lon="-0.876216">
        <ele>37.5</ele>
        <time>2026-09-14T19:09:22.460Z</time>
      </trkpt>
      <trkpt lat="53.351216" lon="-0.87656">
        <ele>37.4</ele>
        <time>2026-09-14T19:09:36.886Z</time>
      </trkpt>
      <trkpt lat="53.351112" lon="-0.876892">
        <ele>37.6</ele>
        <time>2026-09-14T19:09:52.744Z</time>
      </trkpt>
      <trkpt lat="53.351327" lon="-0.87721">
        <ele>38.1</ele>
        <time>2026-09-14T19:10:13.610Z</time>
      </trkpt>
      <trkpt lat="53.352017" lon="-0.877732">
        <ele>38.4</ele>
        <time>2026-09-14T19:11:08.527Z</time>
      </trkpt>
      <trkpt lat="53.353002" lon="-0.878919">
        <ele>34.5</ele>
        <time>2026-09-14T19:12:26.686Z</time>
      </trkpt>
      <trkpt lat="53.354445" lon="-0.879748">
        <ele>29.4</ele>
        <time>2026-09-14T19:13:58.299Z</time>
      </trkpt>
      <trkpt lat="53.354678" lon="-0.880004">
        <ele>29.3</ele>
        <time>2026-09-14T19:14:15.506Z</time>
      </trkpt>
      <trkpt lat="53.35479" lon="-0.880182">
        <ele>29.2</ele>
        <time>2026-09-14T19:14:26.106Z</time>
      </trkpt>
      <trkpt lat="53.354758" lon="-0.880679">
        <ele>29.5</ele>
        <time>2026-09-14T19:14:47.157Z</time>
      </trkpt>
      <trkpt lat="53.353878" lon="-0.884687">
        <ele>29.7</ele>
        <time>2026-09-14T19:17:47.316Z</time>
      </trkpt>
      <trkpt lat="53.353964" lon="-0.884923">
        <ele>30.2</ele>
        <time>2026-09-14T19:17:59.023Z</time>
      </trkpt>
      <trkpt lat="53.353877" lon="-0.885423">
        <ele>31.8</ele>
        <time>2026-09-14T19:18:24.933Z</time>
      </trkpt>
      <trkpt lat="53.353766" lon="-0.885942">
        <ele>33.5</ele>
        <time>2026-09-14T19:18:53.007Z</time>
      </trkpt>
      <trkpt lat="53.353618" lon="-0.886156">
        <ele>34.3</ele>
        <time>2026-09-14T19:19:09.486Z</time>
      </trkpt>
      <trkpt lat="53.353813" lon="-0.886655">
        <ele>34.8</ele>
        <time>2026-09-14T19:19:37.057Z</time>
      </trkpt>
      <trkpt lat="53.353075" lon="-0.894494">
        <ele>48.8</ele>
        <time>2026-09-14T19:25:50.847Z</time>
      </trkpt>
      <trkpt lat="53.353024" lon="-0.895736">
        <ele>50.9</ele>
        <time>2026-09-14T19:26:49.684Z</time>
      </trkpt>
      <trkpt lat="53.353087" lon="-0.895858">
        <ele>51.3</ele>
        <time>2026-09-14T19:26:56.972Z</time>
      </trkpt>
      <trkpt lat="53.353338" lon="-0.895476">
        <ele>50.9</ele>
        <time>2026-09-14T19:27:20.752Z</time>
      </trkpt>
      <trkpt lat="53.35372" lon="-0.895295">
        <ele>49.9</ele>
        <time>2026-09-14T19:27:47.092Z</time>
      </trkpt>
      <trkpt lat="53.355313" lon="-0.895303">
        <ele>43.9</ele>
        <time>2026-09-14T19:29:21.699Z</time>
      </trkpt>
      <trkpt lat="53.357074" lon="-0.894361">
        <ele>42.8</ele>
        <time>2026-09-14T19:31:19.442Z</time>
      </trkpt>
      <trkpt lat="53.357917" lon="-0.893558">
        <ele>45.8</ele>
        <time>2026-09-14T19:32:29.501Z</time>
      </trkpt>
      <trkpt lat="53.358157" lon="-0.89353">
        <ele>46.3</ele>
        <time>2026-09-14T19:32:48.517Z</time>
      </trkpt>
      <trkpt lat="53.358779" lon="-0.893899">
        <ele>50.4</ele>
        <time>2026-09-14T19:33:44.728Z</time>
      </trkpt>
      <trkpt lat="53.359558" lon="-0.894154">
        <ele>60.6</ele>
        <time>2026-09-14T19:35:00.114Z</time>
      </trkpt>
      <trkpt lat="53.35947" lon="-0.896323">
        <ele>56.7</ele>
        <time>2026-09-14T19:36:43.129Z</time>
      </trkpt>
      <trkpt lat="53.359198" lon="-0.898879">
        <ele>52.6</ele>
        <time>2026-09-14T19:38:18.342Z</time>
      </trkpt>
      <trkpt lat="53.359395" lon="-0.900305">
        <ele>51.2</ele>
        <time>2026-09-14T19:39:13.432Z</time>
      </trkpt>
      <trkpt lat="53.359306" lon="-0.902351">
        <ele>41.6</ele>
        <time>2026-09-14T19:40:20.420Z</time>
      </trkpt>
      <trkpt lat="53.359129" lon="-0.902929">
        <ele>39.7</ele>
        <time>2026-09-14T19:40:39.914Z</time>
      </trkpt>
      <trkpt lat="53.358627" lon="-0.903626">
        <ele>35.9</ele>
        <time>2026-09-14T19:41:15.194Z</time>
      </trkpt>
      <trkpt lat="53.358476" lon="-0.904509">
        <ele>31.1</ele>
        <time>2026-09-14T19:41:42.721Z</time>
      </trkpt>
      <trkpt lat="53.358994" lon="-0.906775">
        <ele>17.2</ele>
        <time>2026-09-14T19:42:49.386Z</time>
      </trkpt>
      <trkpt lat="53.359088" lon="-0.907625">
        <ele>15.7</ele>
        <time>2026-09-14T19:43:14.573Z</time>
      </trkpt>
      <trkpt lat="53.358763" lon="-0.907844">
        <ele>15.4</ele>
        <time>2026-09-14T19:43:36.868Z</time>
      </trkpt>
      <trkpt lat="53.358748" lon="-0.908207">
        <ele>15.2</ele>
        <time>2026-09-14T19:43:50.957Z</time>
      </trkpt>
      <trkpt lat="53.358847" lon="-0.908392">
        <ele>14.5</ele>
        <time>2026-09-14T19:44:00.212Z</time>
      </trkpt>
      <trkpt lat="53.358931" lon="-0.908255">
        <ele>14.2</ele>
        <time>2026-09-14T19:44:07.529Z</time>
      </trkpt>
      <trkpt lat="53.358537" lon="-0.908473">
        <ele>14</ele>
        <time>2026-09-14T19:44:34.336Z</time>
      </trkpt>
      <trkpt lat="53.358377" lon="-0.908851">
        <ele>13.8</ele>
        <time>2026-09-14T19:44:53.227Z</time>
      </trkpt>
      <trkpt lat="53.357993" lon="-0.909257">
        <ele>13.8</ele>
        <time>2026-09-14T19:45:24.676Z</time>
      </trkpt>
      <trkpt lat="53.357048" lon="-0.909855">
        <ele>13.9</ele>
        <time>2026-09-14T19:46:35.731Z</time>
      </trkpt>
      <trkpt lat="53.355434" lon="-0.909421">
        <ele>14.1</ele>
        <time>2026-09-14T19:48:30.947Z</time>
      </trkpt>
      <trkpt lat="53.353694" lon="-0.909005">
        <ele>14</ele>
        <time>2026-09-14T19:50:34.365Z</time>
      </trkpt>
      <trkpt lat="53.352659" lon="-0.909177">
        <ele>13.8</ele>
        <time>2026-09-14T19:51:46.950Z</time>
      </trkpt>
      <trkpt lat="53.351894" lon="-0.909849">
        <ele>13.8</ele>
        <time>2026-09-14T19:52:47.237Z</time>
      </trkpt>
      <trkpt lat="53.350251" lon="-0.91166">
        <ele>14.2</ele>
        <time>2026-09-14T19:55:06.032Z</time>
      </trkpt>
      <trkpt lat="53.349849" lon="-0.911947">
        <ele>14.1</ele>
        <time>2026-09-14T19:55:36.847Z</time>
      </trkpt>
      <trkpt lat="53.349084" lon="-0.911653">
        <ele>14.2</ele>
        <time>2026-09-14T19:56:31.886Z</time>
      </trkpt>
      <trkpt lat="53.346353" lon="-0.910412">
        <ele>14.1</ele>
        <time>2026-09-14T19:59:50.320Z</time>
      </trkpt>
      <trkpt lat="53.345866" lon="-0.910018">
        <ele>14.2</ele>
        <time>2026-09-14T20:00:28.246Z</time>
      </trkpt>
      <trkpt lat="53.345572" lon="-0.91046">
        <ele>14.2</ele>
        <time>2026-09-14T20:00:56.082Z</time>
      </trkpt>
      <trkpt lat="53.345019" lon="-0.911682">
        <ele>14.2</ele>
        <time>2026-09-14T20:02:00.276Z</time>
      </trkpt>
      <trkpt lat="53.344562" lon="-0.912346">
        <ele>14.3</ele>
        <time>2026-09-14T20:02:42.825Z</time>
      </trkpt>
      <trkpt lat="53.342148" lon="-0.914755">
        <ele>14.3</ele>
        <time>2026-09-14T20:06:00.135Z</time>
      </trkpt>
      <trkpt lat="53.341475" lon="-0.915202">
        <ele>14.2</ele>
        <time>2026-09-14T20:06:50.840Z</time>
      </trkpt>
      <trkpt lat="53.341189" lon="-0.915173">
        <ele>14.2</ele>
        <time>2026-09-14T20:07:10.843Z</time>
      </trkpt>
      <trkpt lat="53.340948" lon="-0.91537">
        <ele>14.1</ele>
        <time>2026-09-14T20:07:29.495Z</time>
      </trkpt>
      <trkpt lat="53.340639" lon="-0.915415">
        <ele>14</ele>
        <time>2026-09-14T20:07:50.908Z</time>
      </trkpt>
      <trkpt lat="53.340441" lon="-0.915645">
        <ele>13.9</ele>
        <time>2026-09-14T20:08:07.705Z</time>
      </trkpt>
      <trkpt lat="53.340239" lon="-0.915599">
        <ele>14</ele>
        <time>2026-09-14T20:08:22.000Z</time>
      </trkpt>
      <trkpt lat="53.339917" lon="-0.91583">
        <ele>14.2</ele>
        <time>2026-09-14T20:08:46.842Z</time>
      </trkpt>
      <trkpt lat="53.339721" lon="-0.915705">
        <ele>14.2</ele>
        <time>2026-09-14T20:09:01.637Z</time>
      </trkpt>
      <trkpt lat="53.339665" lon="-0.915801">
        <ele>14.1</ele>
        <time>2026-09-14T20:09:07.256Z</time>
      </trkpt>
      <trkpt lat="53.33975" lon="-0.915911">
        <ele>14.1</ele>
        <time>2026-09-14T20:09:14.788Z</time>
      </trkpt>
      <trkpt lat="53.339675" lon="-0.915774">
        <ele>14.2</ele>
        <time>2026-09-14T20:09:22.570Z</time>
      </trkpt>
      <trkpt lat="53.339053" lon="-0.9159">
        <ele>14</ele>
        <time>2026-09-14T20:10:06.078Z</time>
      </trkpt>
      <trkpt lat="53.338703" lon="-0.916042">
        <ele>13.9</ele>
        <time>2026-09-14T20:10:30.986Z</time>
      </trkpt>
      <trkpt lat="53.337938" lon="-0.915965">
        <ele>13.8</ele>
        <time>2026-09-14T20:11:24.301Z</time>
      </trkpt>
      <trkpt lat="53.336745" lon="-0.915191">
        <ele>13.7</ele>
        <time>2026-09-14T20:12:53.624Z</time>
      </trkpt>
      <trkpt lat="53.33628" lon="-0.914717">
        <ele>13.8</ele>
        <time>2026-09-14T20:13:31.797Z</time>
      </trkpt>
      <trkpt lat="53.334846" lon="-0.913826">
        <ele>13.7</ele>
        <time>2026-09-14T20:15:19.056Z</time>
      </trkpt>
      <trkpt lat="53.334413" lon="-0.913767">
        <ele>13.7</ele>
        <time>2026-09-14T20:15:49.450Z</time>
      </trkpt>
      <trkpt lat="53.333978" lon="-0.913983">
        <ele>13.7</ele>
        <time>2026-09-14T20:16:21.267Z</time>
      </trkpt>
      <trkpt lat="53.331395" lon="-0.916387">
        <ele>14.1</ele>
        <time>2026-09-14T20:19:49.591Z</time>
      </trkpt>
      <trkpt lat="53.330972" lon="-0.91695">
        <ele>14.3</ele>
        <time>2026-09-14T20:20:27.775Z</time>
      </trkpt>
      <trkpt lat="53.33064" lon="-0.917783">
        <ele>14.7</ele>
        <time>2026-09-14T20:21:10.709Z</time>
      </trkpt>
      <trkpt lat="53.329724" lon="-0.921649">
        <ele>15.4</ele>
        <time>2026-09-14T20:24:07.685Z</time>
      </trkpt>
      <trkpt lat="53.32899" lon="-0.923411">
        <ele>15.7</ele>
        <time>2026-09-14T20:25:38.730Z</time>
      </trkpt>
      <trkpt lat="53.32867" lon="-0.923752">
        <ele>15.9</ele>
        <time>2026-09-14T20:26:05.688Z</time>
      </trkpt>
      <trkpt lat="53.327734" lon="-0.923996">
        <ele>15.7</ele>
        <time>2026-09-14T20:27:12.117Z</time>
      </trkpt>
      <trkpt lat="53.327204" lon="-0.924999">
        <ele>15.7</ele>
        <time>2026-09-14T20:28:07.917Z</time>
      </trkpt>
      <trkpt lat="53.327229" lon="-0.926635">
        <ele>15.7</ele>
        <time>2026-09-14T20:29:16.458Z</time>
      </trkpt>
      <trkpt lat="53.327028" lon="-0.927304">
        <ele>15.7</ele>
        <time>2026-09-14T20:29:47.823Z</time>
      </trkpt>
      <trkpt lat="53.326757" lon="-0.92776">
        <ele>15.7</ele>
        <time>2026-09-14T20:30:14.765Z</time>
      </trkpt>
      <trkpt lat="53.326462" lon="-0.928007">
        <ele>15.7</ele>
        <time>2026-09-14T20:30:37.894Z</time>
      </trkpt>
      <trkpt lat="53.326037" lon="-0.928114">
        <ele>15.7</ele>
        <time>2026-09-14T20:31:08.033Z</time>
      </trkpt>
      <trkpt lat="53.325148" lon="-0.928093">
        <ele>15.8</ele>
        <time>2026-09-14T20:32:10.592Z</time>
      </trkpt>
      <trkpt lat="53.324718" lon="-0.927934">
        <ele>15.6</ele>
        <time>2026-09-14T20:32:41.369Z</time>
      </trkpt>
      <trkpt lat="53.324317" lon="-0.928139">
        <ele>15.6</ele>
        <time>2026-09-14T20:33:10.463Z</time>
      </trkpt>
      <trkpt lat="53.324071" lon="-0.928426">
        <ele>15.7</ele>
        <time>2026-09-14T20:33:31.620Z</time>
      </trkpt>
      <trkpt lat="53.323913" lon="-0.928799">
        <ele>15.7</ele>
        <time>2026-09-14T20:33:50.923Z</time>
      </trkpt>
      <trkpt lat="53.32324" lon="-0.931743">
        <ele>15.6</ele>
        <time>2026-09-14T20:36:02.682Z</time>
      </trkpt>
      <trkpt lat="53.322656" lon="-0.932701">
        <ele>15.6</ele>
        <time>2026-09-14T20:36:59.922Z</time>
      </trkpt>
      <trkpt lat="53.32241" lon="-0.933399">
        <ele>15.7</ele>
        <time>2026-09-14T20:37:33.986Z</time>
      </trkpt>
      <trkpt lat="53.32232" lon="-0.934076">
        <ele>15.7</ele>
        <time>2026-09-14T20:38:03.182Z</time>
      </trkpt>
      <trkpt lat="53.322458" lon="-0.935063">
        <ele>15.7</ele>
        <time>2026-09-14T20:38:45.642Z</time>
      </trkpt>
      <trkpt lat="53.322368" lon="-0.935418">
        <ele>15.6</ele>
        <time>2026-09-14T20:39:01.708Z</time>
      </trkpt>
      <trkpt lat="53.322007" lon="-0.935901">
        <ele>15.5</ele>
        <time>2026-09-14T20:39:33.694Z</time>
      </trkpt>
      <trkpt lat="53.321572" lon="-0.936007">
        <ele>15.6</ele>
        <time>2026-09-14T20:40:04.519Z</time>
      </trkpt>
      <trkpt lat="53.320776" lon="-0.936945">
        <ele>15.6</ele>
        <time>2026-09-14T20:41:12.998Z</time>
      </trkpt>
      <trkpt lat="53.320064" lon="-0.938604">
        <ele>15.7</ele>
        <time>2026-09-14T20:42:38.745Z</time>
      </trkpt>
      <trkpt lat="53.319767" lon="-0.939029">
        <ele>15.7</ele>
        <time>2026-09-14T20:43:06.219Z</time>
      </trkpt>
      <trkpt lat="53.319349" lon="-0.940081">
        <ele>15.7</ele>
        <time>2026-09-14T20:43:59.145Z</time>
      </trkpt>
      <trkpt lat="53.31928" lon="-0.940459">
        <ele>15.7</ele>
        <time>2026-09-14T20:44:15.701Z</time>
      </trkpt>
      <trkpt lat="53.319104" lon="-0.940755">
        <ele>15.6</ele>
        <time>2026-09-14T20:44:33.034Z</time>
      </trkpt>
      <trkpt lat="53.319091" lon="-0.942058">
        <ele>15.3</ele>
        <time>2026-09-14T20:45:26.670Z</time>
      </trkpt>
      <trkpt lat="53.319215" lon="-0.943936">
        <ele>16.2</ele>
        <time>2026-09-14T20:46:46.938Z</time>
      </trkpt>
      <trkpt lat="53.319169" lon="-0.944975">
        <ele>16.3</ele>
        <time>2026-09-14T20:47:31.701Z</time>
      </trkpt>
      <trkpt lat="53.319246" lon="-0.945634">
        <ele>16.5</ele>
        <time>2026-09-14T20:48:00.199Z</time>
      </trkpt>
      <trkpt lat="53.319202" lon="-0.94647">
        <ele>16.5</ele>
        <time>2026-09-14T20:48:35.705Z</time>
      </trkpt>
      <trkpt lat="53.319281" lon="-0.948312">
        <ele>16.4</ele>
        <time>2026-09-14T20:49:52.849Z</time>
      </trkpt>
      <trkpt lat="53.319497" lon="-0.949143">
        <ele>16.5</ele>
        <time>2026-09-14T20:50:30.811Z</time>
      </trkpt>
      <trkpt lat="53.319817" lon="-0.949438">
        <ele>16.9</ele>
        <time>2026-09-14T20:50:57.065Z</time>
      </trkpt>
      <trkpt lat="53.320599" lon="-0.949435">
        <ele>16.8</ele>
        <time>2026-09-14T20:51:52.548Z</time>
      </trkpt>
      <trkpt lat="53.321304" lon="-0.949634">
        <ele>16.9</ele>
        <time>2026-09-14T20:52:42.684Z</time>
      </trkpt>
      <trkpt lat="53.321852" lon="-0.950687">
        <ele>19.2</ele>
        <time>2026-09-14T20:53:45.233Z</time>
      </trkpt>
      <trkpt lat="53.322025" lon="-0.951361">
        <ele>19.3</ele>
        <time>2026-09-14T20:54:18.542Z</time>
      </trkpt>
      <trkpt lat="53.32231" lon="-0.95201">
        <ele>19.4</ele>
        <time>2026-09-14T20:54:52.613Z</time>
      </trkpt>
      <trkpt lat="53.32283" lon="-0.95223">
        <ele>19.5</ele>
        <time>2026-09-14T20:55:30.557Z</time>
      </trkpt>
      <trkpt lat="53.323424" lon="-0.952221">
        <ele>19.6</ele>
        <time>2026-09-14T20:56:12.544Z</time>
      </trkpt>
      <trkpt lat="53.323677" lon="-0.952434">
        <ele>19.6</ele>
        <time>2026-09-14T20:56:32.504Z</time>
      </trkpt>
      <trkpt lat="53.325095" lon="-0.954852">
        <ele>19.8</ele>
        <time>2026-09-14T20:58:54.992Z</time>
      </trkpt>
      <trkpt lat="53.326136" lon="-0.95686">
        <ele>20</ele>
        <time>2026-09-14T21:00:46.912Z</time>
      </trkpt>
      <trkpt lat="53.32625" lon="-0.957726">
        <ele>20</ele>
        <time>2026-09-14T21:01:24.210Z</time>
      </trkpt>
      <trkpt lat="53.326281" lon="-0.958404">
        <ele>19.8</ele>
        <time>2026-09-14T21:01:52.416Z</time>
      </trkpt>
      <trkpt lat="53.326103" lon="-0.959305">
        <ele>19.5</ele>
        <time>2026-09-14T21:02:31.246Z</time>
      </trkpt>
      <trkpt lat="53.326202" lon="-0.95958">
        <ele>19.5</ele>
        <time>2026-09-14T21:02:44.455Z</time>
      </trkpt>
      <trkpt lat="53.326144" lon="-0.960321">
        <ele>19.3</ele>
        <time>2026-09-14T21:03:15.314Z</time>
      </trkpt>
      <trkpt lat="53.326226" lon="-0.960474">
        <ele>19.3</ele>
        <time>2026-09-14T21:03:23.788Z</time>
      </trkpt>
      <trkpt lat="53.326242" lon="-0.961215">
        <ele>19.2</ele>
        <time>2026-09-14T21:03:54.596Z</time>
      </trkpt>
      <trkpt lat="53.326422" lon="-0.961732">
        <ele>19.1</ele>
        <time>2026-09-14T21:04:19.378Z</time>
      </trkpt>
      <trkpt lat="53.326478" lon="-0.962483">
        <ele>19</ele>
        <time>2026-09-14T21:04:50.723Z</time>
      </trkpt>
      <trkpt lat="53.326651" lon="-0.962774">
        <ele>19.1</ele>
        <time>2026-09-14T21:05:07.920Z</time>
      </trkpt>
      <trkpt lat="53.326855" lon="-0.963936">
        <ele>18.8</ele>
        <time>2026-09-14T21:05:58.174Z</time>
      </trkpt>
      <trkpt lat="53.327068" lon="-0.964593">
        <ele>18.8</ele>
        <time>2026-09-14T21:06:29.122Z</time>
      </trkpt>
      <trkpt lat="53.327469" lon="-0.965407">
        <ele>18.7</ele>
        <time>2026-09-14T21:07:13.130Z</time>
      </trkpt>
      <trkpt lat="53.328076" lon="-0.966265">
        <ele>18.6</ele>
        <time>2026-09-14T21:08:08.485Z</time>
      </trkpt>
      <trkpt lat="53.328537" lon="-0.968089">
        <ele>18.6</ele>
        <time>2026-09-14T21:09:31.246Z</time>
      </trkpt>
      <trkpt lat="53.328726" lon="-0.96838">
        <ele>18.4</ele>
        <time>2026-09-14T21:09:49.138Z</time>
      </trkpt>
      <trkpt lat="53.328348" lon="-0.971475">
        <ele>18.3</ele>
        <time>2026-09-14T21:12:00.609Z</time>
      </trkpt>
      <trkpt lat="53.32834" lon="-0.972042">
        <ele>18.4</ele>
        <time>2026-09-14T21:12:24.362Z</time>
      </trkpt>
      <trkpt lat="53.32848" lon="-0.972456">
        <ele>18.6</ele>
        <time>2026-09-14T21:12:44.718Z</time>
      </trkpt>
      <trkpt lat="53.328707" lon="-0.972622">
        <ele>18.5</ele>
        <time>2026-09-14T21:13:02.235Z</time>
      </trkpt>
      <trkpt lat="53.329181" lon="-0.972303">
        <ele>18.6</ele>
        <time>2026-09-14T21:13:38.058Z</time>
      </trkpt>
      <trkpt lat="53.329499" lon="-0.972289">
        <ele>18.5</ele>
        <time>2026-09-14T21:14:00.366Z</time>
      </trkpt>
      <trkpt lat="53.330901" lon="-0.973345">
        <ele>18.6</ele>
        <time>2026-09-14T21:15:48.170Z</time>
      </trkpt>
      <trkpt lat="53.331617" lon="-0.974054">
        <ele>18.8</ele>
        <time>2026-09-14T21:16:46.835Z</time>
      </trkpt>
      <trkpt lat="53.331879" lon="-0.974759">
        <ele>18.6</ele>
        <time>2026-09-14T21:17:21.609Z</time>
      </trkpt>
      <trkpt lat="53.332301" lon="-0.97666">
        <ele>18.5</ele>
        <time>2026-09-14T21:18:45.869Z</time>
      </trkpt>
      <trkpt lat="53.332523" lon="-0.976902">
        <ele>18.7</ele>
        <time>2026-09-14T21:19:04.501Z</time>
      </trkpt>
      <trkpt lat="53.332894" lon="-0.977642">
        <ele>18.8</ele>
        <time>2026-09-14T21:19:45.611Z</time>
      </trkpt>
      <trkpt lat="53.33323" lon="-0.979846">
        <ele>18.8</ele>
        <time>2026-09-14T21:21:21.087Z</time>
      </trkpt>
      <trkpt lat="53.333551" lon="-0.980477">
        <ele>18.8</ele>
        <time>2026-09-14T21:21:55.798Z</time>
      </trkpt>
      <trkpt lat="53.334331" lon="-0.981874">
        <ele>18.8</ele>
        <time>2026-09-14T21:23:15.887Z</time>
      </trkpt>
      <trkpt lat="53.334659" lon="-0.982359">
        <ele>18.8</ele>
        <time>2026-09-14T21:23:46.570Z</time>
      </trkpt>
      <trkpt lat="53.334998" lon="-0.983928">
        <ele>18.7</ele>
        <time>2026-09-14T21:24:56.221Z</time>
      </trkpt>
      <trkpt lat="53.336173" lon="-0.985387">
        <ele>18.7</ele>
        <time>2026-09-14T21:26:38.609Z</time>
      </trkpt>
      <trkpt lat="53.336664" lon="-0.985917">
        <ele>18.9</ele>
        <time>2026-09-14T21:27:19.753Z</time>
      </trkpt>
      <trkpt lat="53.337112" lon="-0.98639">
        <ele>19.6</ele>
        <time>2026-09-14T21:27:58.238Z</time>
      </trkpt>
      <trkpt lat="53.33721" lon="-0.986361">
        <ele>19.9</ele>
        <time>2026-09-14T21:28:05.712Z</time>
      </trkpt>
      <trkpt lat="53.33778" lon="-0.98698">
        <ele>20.5</ele>
        <time>2026-09-14T21:28:55.818Z</time>
      </trkpt>
      <trkpt lat="53.339595" lon="-0.98971">
        <ele>20.8</ele>
        <time>2026-09-14T21:31:49.110Z</time>
      </trkpt>
      <trkpt lat="53.340295" lon="-0.991506">
        <ele>21</ele>
        <time>2026-09-14T21:33:19.454Z</time>
      </trkpt>
      <trkpt lat="53.340382" lon="-0.992027">
        <ele>22.2</ele>
        <time>2026-09-14T21:33:42.992Z</time>
      </trkpt>
      <trkpt lat="53.341294" lon="-0.994125">
        <ele>22.6</ele>
        <time>2026-09-14T21:35:35.815Z</time>
      </trkpt>
      <trkpt lat="53.341385" lon="-0.994696">
        <ele>22.8</ele>
        <time>2026-09-14T21:36:00.909Z</time>
      </trkpt>
      <trkpt lat="53.341327" lon="-0.99532">
        <ele>22.7</ele>
        <time>2026-09-14T21:36:27.512Z</time>
      </trkpt>
      <trkpt lat="53.341182" lon="-0.996104">
        <ele>22.8</ele>
        <time>2026-09-14T21:37:01.876Z</time>
      </trkpt>
      <trkpt lat="53.340708" lon="-0.996997">
        <ele>23</ele>
        <time>2026-09-14T21:37:52.465Z</time>
      </trkpt>
      <trkpt lat="53.340321" lon="-0.998234">
        <ele>23.2</ele>
        <time>2026-09-14T21:38:51.615Z</time>
      </trkpt>
      <trkpt lat="53.339769" lon="-1.001571">
        <ele>24.8</ele>
        <time>2026-09-14T21:41:20.637Z</time>
      </trkpt>
      <trkpt lat="53.33928" lon="-1.003739">
        <ele>25.1</ele>
        <time>2026-09-14T21:43:00.073Z</time>
      </trkpt>
      <trkpt lat="53.338823" lon="-1.004629">
        <ele>25.3</ele>
        <time>2026-09-14T21:43:49.753Z</time>
      </trkpt>
      <trkpt lat="53.33882" lon="-1.004817">
        <ele>25.4</ele>
        <time>2026-09-14T21:43:57.728Z</time>
      </trkpt>
      <trkpt lat="53.338636" lon="-1.005049">
        <ele>25.4</ele>
        <time>2026-09-14T21:44:14.091Z</time>
      </trkpt>
      <trkpt lat="53.337547" lon="-1.004807">
        <ele>25.6</ele>
        <time>2026-09-14T21:45:31.848Z</time>
      </trkpt>
      <trkpt lat="53.337373" lon="-1.004845">
        <ele>25.6</ele>
        <time>2026-09-14T21:45:44.239Z</time>
      </trkpt>
      <trkpt lat="53.337145" lon="-1.005132">
        <ele>25.7</ele>
        <time>2026-09-14T21:46:04.436Z</time>
      </trkpt>
      <trkpt lat="53.336897" lon="-1.005638">
        <ele>25.8</ele>
        <time>2026-09-14T21:46:32.211Z</time>
      </trkpt>
      <trkpt lat="53.336549" lon="-1.006811">
        <ele>26.6</ele>
        <time>2026-09-14T21:47:28.945Z</time>
      </trkpt>
      <trkpt lat="53.336137" lon="-1.008842">
        <ele>27.7</ele>
        <time>2026-09-14T21:49:02.474Z</time>
      </trkpt>
      <trkpt lat="53.335653" lon="-1.010689">
        <ele>27.9</ele>
        <time>2026-09-14T21:50:28.920Z</time>
      </trkpt>
      <trkpt lat="53.335748" lon="-1.010845">
        <ele>28</ele>
        <time>2026-09-14T21:50:38.336Z</time>
      </trkpt>
      <trkpt lat="53.335639" lon="-1.01079">
        <ele>28</ele>
        <time>2026-09-14T21:50:46.464Z</time>
      </trkpt>
      <trkpt lat="53.335506" lon="-1.01148">
        <ele>28.1</ele>
        <time>2026-09-14T21:51:17.226Z</time>
      </trkpt>
      <trkpt lat="53.334938" lon="-1.012729">
        <ele>28</ele>
        <time>2026-09-14T21:52:22.966Z</time>
      </trkpt>
      <trkpt lat="53.33356" lon="-1.014777">
        <ele>27.4</ele>
        <time>2026-09-14T21:54:30.704Z</time>
      </trkpt>
      <trkpt lat="53.333338" lon="-1.015282">
        <ele>27.4</ele>
        <time>2026-09-14T21:54:56.644Z</time>
      </trkpt>
      <trkpt lat="53.333241" lon="-1.015776">
        <ele>27.4</ele>
        <time>2026-09-14T21:55:18.421Z</time>
      </trkpt>
      <trkpt lat="53.33324" lon="-1.016853">
        <ele>27.4</ele>
        <time>2026-09-14T21:56:03.521Z</time>
      </trkpt>
      <trkpt lat="53.332904" lon="-1.018533">
        <ele>27.2</ele>
        <time>2026-09-14T21:57:17.322Z</time>
      </trkpt>
      <trkpt lat="53.333111" lon="-1.019158">
        <ele>27.1</ele>
        <time>2026-09-14T21:57:46.978Z</time>
      </trkpt>
      <trkpt lat="53.333556" lon="-1.020022">
        <ele>27</ele>
        <time>2026-09-14T21:58:34.370Z</time>
      </trkpt>
      <trkpt lat="53.333581" lon="-1.020248">
        <ele>27.1</ele>
        <time>2026-09-14T21:58:43.994Z</time>
      </trkpt>
      <trkpt lat="53.334218" lon="-1.021501">
        <ele>27.2</ele>
        <time>2026-09-14T21:59:53.457Z</time>
      </trkpt>
      <trkpt lat="53.33438" lon="-1.022174">
        <ele>27.4</ele>
        <time>2026-09-14T22:00:24.131Z</time>
      </trkpt>
      <trkpt lat="53.334398" lon="-1.022746">
        <ele>27.8</ele>
        <time>2026-09-14T22:00:48.950Z</time>
      </trkpt>
      <trkpt lat="53.334223" lon="-1.023205">
        <ele>28</ele>
        <time>2026-09-14T22:01:12.674Z</time>
      </trkpt>
      <trkpt lat="53.333098" lon="-1.025005">
        <ele>28.3</ele>
        <time>2026-09-14T22:03:03.090Z</time>
      </trkpt>
      <trkpt lat="53.332621" lon="-1.025494">
        <ele>28.3</ele>
        <time>2026-09-14T22:03:42.560Z</time>
      </trkpt>
      <trkpt lat="53.33186" lon="-1.026661">
        <ele>27.7</ele>
        <time>2026-09-14T22:04:53.696Z</time>
      </trkpt>
      <trkpt lat="53.33161" lon="-1.026797">
        <ele>27.5</ele>
        <time>2026-09-14T22:05:11.617Z</time>
      </trkpt>
      <trkpt lat="53.330838" lon="-1.026512">
        <ele>27.3</ele>
        <time>2026-09-14T22:06:06.108Z</time>
      </trkpt>
      <trkpt lat="53.327976" lon="-1.026666">
        <ele>27</ele>
        <time>2026-09-14T22:09:25.677Z</time>
      </trkpt>
      <trkpt lat="53.326709" lon="-1.026605">
        <ele>27.1</ele>
        <time>2026-09-14T22:10:54.369Z</time>
      </trkpt>
      <trkpt lat="53.326574" lon="-1.026491">
        <ele>27.1</ele>
        <time>2026-09-14T22:11:05.005Z</time>
      </trkpt>
      <trkpt lat="53.326" lon="-1.026526">
        <ele>27.1</ele>
        <time>2026-09-14T22:11:45.283Z</time>
      </trkpt>
      <trkpt lat="53.325874" lon="-1.026395">
        <ele>27.2</ele>
        <time>2026-09-14T22:11:55.735Z</time>
      </trkpt>
      <trkpt lat="53.325671" lon="-1.026451">
        <ele>27.2</ele>
        <time>2026-09-14T22:12:10.344Z</time>
      </trkpt>
      <trkpt lat="53.325264" lon="-1.026279">
        <ele>27.1</ele>
        <time>2026-09-14T22:12:39.781Z</time>
      </trkpt>
      <trkpt lat="53.324044" lon="-1.026363">
        <ele>27.4</ele>
        <time>2026-09-14T22:14:05.875Z</time>
      </trkpt>
      <trkpt lat="53.323586" lon="-1.026786">
        <ele>27.5</ele>
        <time>2026-09-14T22:14:42.934Z</time>
      </trkpt>
      <trkpt lat="53.323451" lon="-1.026828">
        <ele>27.5</ele>
        <time>2026-09-14T22:14:52.628Z</time>
      </trkpt>
      <trkpt lat="53.323014" lon="-1.026628">
        <ele>27.3</ele>
        <time>2026-09-14T22:15:23.913Z</time>
      </trkpt>
      <trkpt lat="53.322462" lon="-1.026138">
        <ele>27.2</ele>
        <time>2026-09-14T22:16:07.178Z</time>
      </trkpt>
      <trkpt lat="53.322075" lon="-1.025534">
        <ele>27.2</ele>
        <time>2026-09-14T22:16:44.136Z</time>
      </trkpt>
      <trkpt lat="53.321828" lon="-1.024849">
        <ele>27.2</ele>
        <time>2026-09-14T22:17:17.651Z</time>
      </trkpt>
      <trkpt lat="53.321473" lon="-1.024574">
        <ele>27.3</ele>
        <time>2026-09-14T22:17:45.223Z</time>
      </trkpt>
      <trkpt lat="53.321131" lon="-1.024724">
        <ele>27.3</ele>
        <time>2026-09-14T22:18:10.165Z</time>
      </trkpt>
      <trkpt lat="53.320857" lon="-1.025316">
        <ele>27.3</ele>
        <time>2026-09-14T22:18:41.535Z</time>
      </trkpt>
      <trkpt lat="53.320491" lon="-1.02559">
        <ele>27.2</ele>
        <time>2026-09-14T22:19:09.501Z</time>
      </trkpt>
      <trkpt lat="53.319705" lon="-1.02553">
        <ele>27.1</ele>
        <time>2026-09-14T22:20:04.259Z</time>
      </trkpt>
      <trkpt lat="53.319444" lon="-1.025335">
        <ele>27.2</ele>
        <time>2026-09-14T22:20:24.301Z</time>
      </trkpt>
      <trkpt lat="53.319189" lon="-1.025508">
        <ele>27.3</ele>
        <time>2026-09-14T22:20:43.905Z</time>
      </trkpt>
      <trkpt lat="53.319118" lon="-1.025912">
        <ele>27.3</ele>
        <time>2026-09-14T22:21:01.696Z</time>
      </trkpt>
      <trkpt lat="53.319203" lon="-1.026445">
        <ele>27.4</ele>
        <time>2026-09-14T22:21:24.985Z</time>
      </trkpt>
      <trkpt lat="53.319531" lon="-1.026761">
        <ele>27.4</ele>
        <time>2026-09-14T22:21:51.691Z</time>
      </trkpt>
      <trkpt lat="53.320075" lon="-1.027739">
        <ele>27.3</ele>
        <time>2026-09-14T22:22:47.455Z</time>
      </trkpt>
      <trkpt lat="53.320316" lon="-1.027574">
        <ele>27</ele>
        <time>2026-09-14T22:23:05.403Z</time>
      </trkpt>
      <trkpt lat="53.320348" lon="-1.028585">
        <ele>27.3</ele>
        <time>2026-09-14T22:23:47.812Z</time>
      </trkpt>
      <trkpt lat="53.319699" lon="-1.030517">
        <ele>27.4</ele>
        <time>2026-09-14T22:25:21.526Z</time>
      </trkpt>
      <trkpt lat="53.319232" lon="-1.03165">
        <ele>27.3</ele>
        <time>2026-09-14T22:26:19.190Z</time>
      </trkpt>
      <trkpt lat="53.318473" lon="-1.032499">
        <ele>27.3</ele>
        <time>2026-09-14T22:27:23.037Z</time>
      </trkpt>
      <trkpt lat="53.317777" lon="-1.032781">
        <ele>27.2</ele>
        <time>2026-09-14T22:28:13.116Z</time>
      </trkpt>
      <trkpt lat="53.316668" lon="-1.032691">
        <ele>27.2</ele>
        <time>2026-09-14T22:29:30.785Z</time>
      </trkpt>
      <trkpt lat="53.316558" lon="-1.033212">
        <ele>27.3</ele>
        <time>2026-09-14T22:29:54.006Z</time>
      </trkpt>
      <trkpt lat="53.31685" lon="-1.034165">
        <ele>27.3</ele>
        <time>2026-09-14T22:30:39.082Z</time>
      </trkpt>
      <trkpt lat="53.316787" lon="-1.034748">
        <ele>27.2</ele>
        <time>2026-09-14T22:31:03.789Z</time>
      </trkpt>
      <trkpt lat="53.316308" lon="-1.035191">
        <ele>27</ele>
        <time>2026-09-14T22:31:41.590Z</time>
      </trkpt>
      <trkpt lat="53.315298" lon="-1.035341">
        <ele>26.8</ele>
        <time>2026-09-14T22:32:51.876Z</time>
      </trkpt>
      <trkpt lat="53.315077" lon="-1.035759">
        <ele>26.8</ele>
        <time>2026-09-14T22:33:15.105Z</time>
      </trkpt>
      <trkpt lat="53.314747" lon="-1.037171">
        <ele>26.8</ele>
        <time>2026-09-14T22:34:18.625Z</time>
      </trkpt>
      <trkpt lat="53.314766" lon="-1.03791">
        <ele>26.6</ele>
        <time>2026-09-14T22:34:49.406Z</time>
      </trkpt>
      <trkpt lat="53.3154" lon="-1.039273">
        <ele>26.8</ele>
        <time>2026-09-14T22:36:01.775Z</time>
      </trkpt>
      <trkpt lat="53.315589" lon="-1.040118">
        <ele>26.9</ele>
        <time>2026-09-14T22:36:39.898Z</time>
      </trkpt>
      <trkpt lat="53.315616" lon="-1.042793">
        <ele>27.1</ele>
        <time>2026-09-14T22:38:32.688Z</time>
      </trkpt>
      <trkpt lat="53.315087" lon="-1.045602">
        <ele>27.2</ele>
        <time>2026-09-14T22:40:36.572Z</time>
      </trkpt>
      <trkpt lat="53.314736" lon="-1.046782">
        <ele>27.5</ele>
        <time>2026-09-14T22:41:32.186Z</time>
      </trkpt>
      <trkpt lat="53.314665" lon="-1.048191">
        <ele>27.6</ele>
        <time>2026-09-14T22:42:32.077Z</time>
      </trkpt>
      <trkpt lat="53.314557" lon="-1.048801">
        <ele>27.8</ele>
        <time>2026-09-14T22:42:59.025Z</time>
      </trkpt>
      <trkpt lat="53.313567" lon="-1.051606">
        <ele>27.8</ele>
        <time>2026-09-14T22:45:16.043Z</time>
      </trkpt>
      <trkpt lat="53.313469" lon="-1.052147">
        <ele>28</ele>
        <time>2026-09-14T22:45:39.821Z</time>
      </trkpt>
      <trkpt lat="53.313609" lon="-1.052998">
        <ele>28.5</ele>
        <time>2026-09-14T22:46:18.145Z</time>
      </trkpt>
      <trkpt lat="53.31368" lon="-1.053041">
        <ele>28.7</ele>
        <time>2026-09-14T22:46:23.994Z</time>
      </trkpt>
      <trkpt lat="53.313571" lon="-1.053231">
        <ele>29.8</ele>
        <time>2026-09-14T22:46:37.588Z</time>
      </trkpt>
      <trkpt lat="53.31372" lon="-1.053741">
        <ele>29.5</ele>
        <time>2026-09-14T22:47:03.226Z</time>
      </trkpt>
      <trkpt lat="53.313742" lon="-1.054745">
        <ele>28.9</ele>
        <time>2026-09-14T22:47:43.509Z</time>
      </trkpt>
      <trkpt lat="53.313126" lon="-1.055786">
        <ele>29.1</ele>
        <time>2026-09-14T22:48:44.146Z</time>
      </trkpt>
      <trkpt lat="53.312753" lon="-1.057359">
        <ele>29.4</ele>
        <time>2026-09-14T22:49:55.895Z</time>
      </trkpt>
      <trkpt lat="53.312398" lon="-1.058162">
        <ele>29.1</ele>
        <time>2026-09-14T22:50:37.746Z</time>
      </trkpt>
      <trkpt lat="53.311591" lon="-1.059109">
        <ele>29.5</ele>
        <time>2026-09-14T22:51:47.057Z</time>
      </trkpt>
      <trkpt lat="53.310223" lon="-1.061322">
        <ele>29</ele>
        <time>2026-09-14T22:54:00.265Z</time>
      </trkpt>
      <trkpt lat="53.309569" lon="-1.062445">
        <ele>28.8</ele>
        <time>2026-09-14T22:55:05.243Z</time>
      </trkpt>
      <trkpt lat="53.3094" lon="-1.063006">
        <ele>28.7</ele>
        <time>2026-09-14T22:55:31.297Z</time>
      </trkpt>
      <trkpt lat="53.309366" lon="-1.064111">
        <ele>28.7</ele>
        <time>2026-09-14T22:56:17.456Z</time>
      </trkpt>
      <trkpt lat="53.309164" lon="-1.065151">
        <ele>28.7</ele>
        <time>2026-09-14T22:57:03.275Z</time>
      </trkpt>
      <trkpt lat="53.308823" lon="-1.066704">
        <ele>28.5</ele>
        <time>2026-09-14T22:58:12.222Z</time>
      </trkpt>
      <trkpt lat="53.308419" lon="-1.067758">
        <ele>28.6</ele>
        <time>2026-09-14T22:59:04.555Z</time>
      </trkpt>
      <trkpt lat="53.306266" lon="-1.071664">
        <ele>28.5</ele>
        <time>2026-09-14T23:02:47.226Z</time>
      </trkpt>
      <trkpt lat="53.3059" lon="-1.072164">
        <ele>28.8</ele>
        <time>2026-09-14T23:03:20.439Z</time>
      </trkpt>
      <trkpt lat="53.305795" lon="-1.07213">
        <ele>29.9</ele>
        <time>2026-09-14T23:03:28.581Z</time>
      </trkpt>
      <trkpt lat="53.305878" lon="-1.072335">
        <ele>29.9</ele>
        <time>2026-09-14T23:03:40.874Z</time>
      </trkpt>
      <trkpt lat="53.305197" lon="-1.072596">
        <ele>28.4</ele>
        <time>2026-09-14T23:04:28.943Z</time>
      </trkpt>
      <trkpt lat="53.304457" lon="-1.073841">
        <ele>28.5</ele>
        <time>2026-09-14T23:05:39.881Z</time>
      </trkpt>
      <trkpt lat="53.303717" lon="-1.077986">
        <ele>28.9</ele>
        <time>2026-09-14T23:08:42.284Z</time>
      </trkpt>
      <trkpt lat="53.303658" lon="-1.079277">
        <ele>28.8</ele>
        <time>2026-09-14T23:09:36.759Z</time>
      </trkpt>
      <trkpt lat="53.30373" lon="-1.080994">
        <ele>29</ele>
        <time>2026-09-14T23:10:49.068Z</time>
      </trkpt>
      <trkpt lat="53.303621" lon="-1.082002">
        <ele>29.2</ele>
        <time>2026-09-14T23:11:32.465Z</time>
      </trkpt>
      <trkpt lat="53.303271" lon="-1.083144">
        <ele>29.3</ele>
        <time>2026-09-14T23:12:26.773Z</time>
      </trkpt>
      <trkpt lat="53.302243" lon="-1.085318">
        <ele>29.7</ele>
        <time>2026-09-14T23:14:24.026Z</time>
      </trkpt>
      <trkpt lat="53.302226" lon="-1.085562">
        <ele>29.8</ele>
        <time>2026-09-14T23:14:34.449Z</time>
      </trkpt>
      <trkpt lat="53.301438" lon="-1.085199">
        <ele>29.5</ele>
        <time>2026-09-14T23:15:31.229Z</time>
      </trkpt>
      <trkpt lat="53.301436" lon="-1.084484">
        <ele>30.6</ele>
        <time>2026-09-14T23:16:02.057Z</time>
      </trkpt>
      <trkpt lat="53.301093" lon="-1.084303">
        <ele>31.1</ele>
        <time>2026-09-14T23:16:29.558Z</time>
      </trkpt>
      <trkpt lat="53.300852" lon="-1.083993">
        <ele>31.3</ele>
        <time>2026-09-14T23:16:51.883Z</time>
      </trkpt>
      <trkpt lat="53.300389" lon="-1.082151">
        <ele>32.3</ele>
        <time>2026-09-14T23:18:18.639Z</time>
      </trkpt>
      <trkpt lat="53.300015" lon="-1.081372">
        <ele>32</ele>
        <time>2026-09-14T23:19:01.252Z</time>
      </trkpt>
      <trkpt lat="53.29859" lon="-1.079901">
        <ele>32.6</ele>
        <time>2026-09-14T23:20:59.365Z</time>
      </trkpt>
      <trkpt lat="53.29826" lon="-1.079434">
        <ele>33.4</ele>
        <time>2026-09-14T23:21:30.577Z</time>
      </trkpt>
      <trkpt lat="53.297986" lon="-1.07957">
        <ele>34</ele>
        <time>2026-09-14T23:21:52.358Z</time>
      </trkpt>
      <trkpt lat="53.297526" lon="-1.079086">
        <ele>36.5</ele>
        <time>2026-09-14T23:22:36.639Z</time>
      </trkpt>
      <trkpt lat="53.297257" lon="-1.079052">
        <ele>38.8</ele>
        <time>2026-09-14T23:23:00.745Z</time>
      </trkpt>
      <trkpt lat="53.297148" lon="-1.079224">
        <ele>40.6</ele>
        <time>2026-09-14T23:23:15.184Z</time>
      </trkpt>
      <trkpt lat="53.297264" lon="-1.079458">
        <ele>43.2</ele>
        <time>2026-09-14T23:23:32.694Z</time>
      </trkpt>
      <trkpt lat="53.297175" lon="-1.07951">
        <ele>44</ele>
        <time>2026-09-14T23:23:41.948Z</time>
      </trkpt>
      <trkpt lat="53.296475" lon="-1.079505">
        <ele>49.1</ele>
        <time>2026-09-14T23:24:47.643Z</time>
      </trkpt>
      <trkpt lat="53.296253" lon="-1.079994">
        <ele>52.3</ele>
        <time>2026-09-14T23:25:21.154Z</time>
      </trkpt>
      <trkpt lat="53.29606" lon="-1.080653">
        <ele>54.4</ele>
        <time>2026-09-14T23:26:00.079Z</time>
      </trkpt>
      <trkpt lat="53.296116" lon="-1.081206">
        <ele>55.7</ele>
        <time>2026-09-14T23:26:28.004Z</time>
      </trkpt>
      <trkpt lat="53.295943" lon="-1.081722">
        <ele>56.1</ele>
        <time>2026-09-14T23:26:55.509Z</time>
      </trkpt>
      <trkpt lat="53.295693" lon="-1.083689">
        <ele>57.6</ele>
        <time>2026-09-14T23:28:24.406Z</time>
      </trkpt>
      <trkpt lat="53.295753" lon="-1.084498">
        <ele>57.9</ele>
        <time>2026-09-14T23:29:00.206Z</time>
      </trkpt>
      <trkpt lat="53.296029" lon="-1.085035">
        <ele>56.8</ele>
        <time>2026-09-14T23:29:28.720Z</time>
      </trkpt>
      <trkpt lat="53.296121" lon="-1.085417">
        <ele>55.7</ele>
        <time>2026-09-14T23:29:43.502Z</time>
      </trkpt>
      <trkpt lat="53.294832" lon="-1.086001">
        <ele>53.2</ele>
        <time>2026-09-14T23:31:07.696Z</time>
      </trkpt>
      <trkpt lat="53.294081" lon="-1.085401">
        <ele>55.4</ele>
        <time>2026-09-14T23:32:05.693Z</time>
      </trkpt>
      <trkpt lat="53.293739" lon="-1.085397">
        <ele>56.6</ele>
        <time>2026-09-14T23:32:32.730Z</time>
      </trkpt>
      <trkpt lat="53.293096" lon="-1.085898">
        <ele>59.4</ele>
        <time>2026-09-14T23:33:30.664Z</time>
      </trkpt>
      <trkpt lat="53.292868" lon="-1.086558">
        <ele>60.5</ele>
        <time>2026-09-14T23:34:07.285Z</time>
      </trkpt>
      <trkpt lat="53.292292" lon="-1.087454">
        <ele>66.2</ele>
        <time>2026-09-14T23:35:15.017Z</time>
      </trkpt>
      <trkpt lat="53.291724" lon="-1.087557">
        <ele>67.9</ele>
        <time>2026-09-14T23:36:04.182Z</time>
      </trkpt>
      <trkpt lat="53.290971" lon="-1.087186">
        <ele>68.3</ele>
        <time>2026-09-14T23:37:03.037Z</time>
      </trkpt>
      <trkpt lat="53.290555" lon="-1.086579">
        <ele>68.1</ele>
        <time>2026-09-14T23:37:42.006Z</time>
      </trkpt>
      <trkpt lat="53.290218" lon="-1.085446">
        <ele>67.4</ele>
        <time>2026-09-14T23:38:33.415Z</time>
      </trkpt>
      <trkpt lat="53.28979" lon="-1.084438">
        <ele>67.4</ele>
        <time>2026-09-14T23:39:24.154Z</time>
      </trkpt>
      <trkpt lat="53.289654" lon="-1.083703">
        <ele>67.8</ele>
        <time>2026-09-14T23:39:56.890Z</time>
      </trkpt>
      <trkpt lat="53.289642" lon="-1.082841">
        <ele>68.2</ele>
        <time>2026-09-14T23:40:34.364Z</time>
      </trkpt>
      <trkpt lat="53.289909" lon="-1.081373">
        <ele>69.2</ele>
        <time>2026-09-14T23:41:41.505Z</time>
      </trkpt>
      <trkpt lat="53.290029" lon="-1.080068">
        <ele>67.6</ele>
        <time>2026-09-14T23:42:35.978Z</time>
      </trkpt>
      <trkpt lat="53.290108" lon="-1.077123">
        <ele>50</ele>
        <time>2026-09-14T23:44:03.135Z</time>
      </trkpt>
      <trkpt lat="53.290297" lon="-1.07655">
        <ele>49.8</ele>
        <time>2026-09-14T23:44:21.910Z</time>
      </trkpt>
      <trkpt lat="53.289077" lon="-1.076105">
        <ele>57.1</ele>
        <time>2026-09-14T23:46:05.708Z</time>
      </trkpt>
      <trkpt lat="53.288923" lon="-1.076353">
        <ele>56.8</ele>
        <time>2026-09-14T23:46:23.739Z</time>
      </trkpt>
      <trkpt lat="53.288886" lon="-1.076842">
        <ele>55.6</ele>
        <time>2026-09-14T23:46:41.721Z</time>
      </trkpt>
      <trkpt lat="53.288872" lon="-1.078067">
        <ele>52.8</ele>
        <time>2026-09-14T23:47:24.439Z</time>
      </trkpt>
      <trkpt lat="53.288936" lon="-1.078167">
        <ele>52.8</ele>
        <time>2026-09-14T23:47:30.025Z</time>
      </trkpt>
      <trkpt lat="53.288857" lon="-1.078756">
        <ele>53.2</ele>
        <time>2026-09-14T23:47:56.341Z</time>
      </trkpt>
      <trkpt lat="53.288938" lon="-1.079368">
        <ele>53.4</ele>
        <time>2026-09-14T23:48:23.477Z</time>
      </trkpt>
      <trkpt lat="53.288872" lon="-1.079984">
        <ele>53.4</ele>
        <time>2026-09-14T23:48:50.025Z</time>
      </trkpt>
      <trkpt lat="53.288898" lon="-1.082647">
        <ele>50.8</ele>
        <time>2026-09-14T23:50:35.065Z</time>
      </trkpt>
      <trkpt lat="53.288829" lon="-1.084601">
        <ele>53.7</ele>
        <time>2026-09-14T23:51:57.520Z</time>
      </trkpt>
      <trkpt lat="53.28889" lon="-1.085154">
        <ele>55.2</ele>
        <time>2026-09-14T23:52:24.121Z</time>
      </trkpt>
      <trkpt lat="53.28874" lon="-1.085406">
        <ele>55.7</ele>
        <time>2026-09-14T23:52:41.387Z</time>
      </trkpt>
      <trkpt lat="53.288721" lon="-1.087263">
        <ele>56.3</ele>
        <time>2026-09-14T23:54:02.149Z</time>
      </trkpt>
      <trkpt lat="53.288801" lon="-1.088051">
        <ele>58.1</ele>
        <time>2026-09-14T23:54:37.918Z</time>
      </trkpt>
      <trkpt lat="53.288872" lon="-1.088013">
        <ele>58.6</ele>
        <time>2026-09-14T23:54:44.119Z</time>
      </trkpt>
      <trkpt lat="53.288892" lon="-1.088201">
        <ele>59.2</ele>
        <time>2026-09-14T23:54:54.048Z</time>
      </trkpt>
      <trkpt lat="53.28878" lon="-1.093348">
        <ele>67.8</ele>
        <time>2026-09-14T23:58:58.107Z</time>
      </trkpt>
      <trkpt lat="53.287394" lon="-1.092865">
        <ele>69.2</ele>
        <time>2026-09-15T00:00:47.191Z</time>
      </trkpt>
      <trkpt lat="53.286211" lon="-1.0927">
        <ele>67.5</ele>
        <time>2026-09-15T00:02:10.005Z</time>
      </trkpt>
      <trkpt lat="53.285814" lon="-1.092526">
        <ele>67</ele>
        <time>2026-09-15T00:02:37.012Z</time>
      </trkpt>
      <trkpt lat="53.285829" lon="-1.092639">
        <ele>66.7</ele>
        <time>2026-09-15T00:02:41.503Z</time>
      </trkpt>
      <trkpt lat="53.283428" lon="-1.091909">
        <ele>60</ele>
        <time>2026-09-15T00:05:11.608Z</time>
      </trkpt>
      <trkpt lat="53.282736" lon="-1.091823">
        <ele>54.1</ele>
        <time>2026-09-15T00:05:51.837Z</time>
      </trkpt>
      <trkpt lat="53.280906" lon="-1.090085">
        <ele>55.7</ele>
        <time>2026-09-15T00:08:09.280Z</time>
      </trkpt>
      <trkpt lat="53.280565" lon="-1.089302">
        <ele>58.7</ele>
        <time>2026-09-15T00:08:53.000Z</time>
      </trkpt>
      <trkpt lat="53.279974" lon="-1.08836">
        <ele>62.8</ele>
        <time>2026-09-15T00:10:02.504Z</time>
      </trkpt>
      <trkpt lat="53.279514" lon="-1.087801">
        <ele>63.2</ele>
        <time>2026-09-15T00:10:48.043Z</time>
      </trkpt>
      <trkpt lat="53.279399" lon="-1.087418">
        <ele>62.9</ele>
        <time>2026-09-15T00:11:05.921Z</time>
      </trkpt>
      <trkpt lat="53.279339" lon="-1.087444">
        <ele>62.7</ele>
        <time>2026-09-15T00:11:09.900Z</time>
      </trkpt>
      <trkpt lat="53.279335" lon="-1.087183">
        <ele>62.3</ele>
        <time>2026-09-15T00:11:19.921Z</time>
      </trkpt>
      <trkpt lat="53.279126" lon="-1.086695">
        <ele>60.9</ele>
        <time>2026-09-15T00:11:41.289Z</time>
      </trkpt>
      <trkpt lat="53.279081" lon="-1.086363">
        <ele>60</ele>
        <time>2026-09-15T00:11:53.050Z</time>
      </trkpt>
      <trkpt lat="53.278874" lon="-1.086028">
        <ele>58.8</ele>
        <time>2026-09-15T00:12:09.549Z</time>
      </trkpt>
      <trkpt lat="53.278555" lon="-1.084838">
        <ele>57.1</ele>
        <time>2026-09-15T00:12:57.683Z</time>
      </trkpt>
      <trkpt lat="53.278347" lon="-1.08488">
        <ele>56.9</ele>
        <time>2026-09-15T00:13:11.388Z</time>
      </trkpt>
      <trkpt lat="53.278435" lon="-1.084714">
        <ele>56.9</ele>
        <time>2026-09-15T00:13:20.967Z</time>
      </trkpt>
      <trkpt lat="53.278403" lon="-1.084831">
        <ele>57</ele>
        <time>2026-09-15T00:13:26.521Z</time>
      </trkpt>
      <trkpt lat="53.27846" lon="-1.084724">
        <ele>57.4</ele>
        <time>2026-09-15T00:13:32.709Z</time>
      </trkpt>
      <trkpt lat="53.278364" lon="-1.084755">
        <ele>57.5</ele>
        <time>2026-09-15T00:13:39.978Z</time>
      </trkpt>
      <trkpt lat="53.278183" lon="-1.084253">
        <ele>57.9</ele>
        <time>2026-09-15T00:14:06.037Z</time>
      </trkpt>
      <trkpt lat="53.277684" lon="-1.083616">
        <ele>58.5</ele>
        <time>2026-09-15T00:14:52.075Z</time>
      </trkpt>
      <trkpt lat="53.277434" lon="-1.083081">
        <ele>58.9</ele>
        <time>2026-09-15T00:15:21.782Z</time>
      </trkpt>
      <trkpt lat="53.276826" lon="-1.082427">
        <ele>59.3</ele>
        <time>2026-09-15T00:16:14.088Z</time>
      </trkpt>
      <trkpt lat="53.276406" lon="-1.081344">
        <ele>58.1</ele>
        <time>2026-09-15T00:17:06.914Z</time>
      </trkpt>
      <trkpt lat="53.275528" lon="-1.080007">
        <ele>55.2</ele>
        <time>2026-09-15T00:18:22.440Z</time>
      </trkpt>
      <trkpt lat="53.275426" lon="-1.079715">
        <ele>54.8</ele>
        <time>2026-09-15T00:18:35.128Z</time>
      </trkpt>
      <trkpt lat="53.27475" lon="-1.078716">
        <ele>54.5</ele>
        <time>2026-09-15T00:19:36.589Z</time>
      </trkpt>
      <trkpt lat="53.273843" lon="-1.077657">
        <ele>52.7</ele>
        <time>2026-09-15T00:20:50.525Z</time>
      </trkpt>
      <trkpt lat="53.273689" lon="-1.077284">
        <ele>52.2</ele>
        <time>2026-09-15T00:21:08.115Z</time>
      </trkpt>
      <trkpt lat="53.273256" lon="-1.076913">
        <ele>52.2</ele>
        <time>2026-09-15T00:21:41.222Z</time>
      </trkpt>
      <trkpt lat="53.273128" lon="-1.076619">
        <ele>52.6</ele>
        <time>2026-09-15T00:21:56.861Z</time>
      </trkpt>
      <trkpt lat="53.272715" lon="-1.076082">
        <ele>52.9</ele>
        <time>2026-09-15T00:22:35.103Z</time>
      </trkpt>
      <trkpt lat="53.272274" lon="-1.075646">
        <ele>53.6</ele>
        <time>2026-09-15T00:23:12.585Z</time>
      </trkpt>
      <trkpt lat="53.272165" lon="-1.075393">
        <ele>54</ele>
        <time>2026-09-15T00:23:26.602Z</time>
      </trkpt>
      <trkpt lat="53.271949" lon="-1.07525">
        <ele>54.4</ele>
        <time>2026-09-15T00:23:44.278Z</time>
      </trkpt>
      <trkpt lat="53.271507" lon="-1.07438">
        <ele>54.7</ele>
        <time>2026-09-15T00:24:34.296Z</time>
      </trkpt>
      <trkpt lat="53.270876" lon="-1.073827">
        <ele>54.9</ele>
        <time>2026-09-15T00:25:25.059Z</time>
      </trkpt>
      <trkpt lat="53.270594" lon="-1.073178">
        <ele>55</ele>
        <time>2026-09-15T00:25:59.082Z</time>
      </trkpt>
      <trkpt lat="53.270575" lon="-1.07279">
        <ele>55.2</ele>
        <time>2026-09-15T00:26:15.717Z</time>
      </trkpt>
      <trkpt lat="53.270943" lon="-1.072215">
        <ele>55.6</ele>
        <time>2026-09-15T00:26:52.327Z</time>
      </trkpt>
      <trkpt lat="53.271171" lon="-1.072105">
        <ele>55.9</ele>
        <time>2026-09-15T00:27:09.673Z</time>
      </trkpt>
      <trkpt lat="53.271659" lon="-1.071547">
        <ele>56.7</ele>
        <time>2026-09-15T00:27:53.593Z</time>
      </trkpt>
      <trkpt lat="53.271888" lon="-1.071055">
        <ele>56.5</ele>
        <time>2026-09-15T00:28:20.470Z</time>
      </trkpt>
      <trkpt lat="53.27217" lon="-1.070928">
        <ele>56</ele>
        <time>2026-09-15T00:28:39.982Z</time>
      </trkpt>
      <trkpt lat="53.272786" lon="-1.070174">
        <ele>55.5</ele>
        <time>2026-09-15T00:29:31.239Z</time>
      </trkpt>
      <trkpt lat="53.273258" lon="-1.069899">
        <ele>55.2</ele>
        <time>2026-09-15T00:30:05.293Z</time>
      </trkpt>
      <trkpt lat="53.273399" lon="-1.069663">
        <ele>55.1</ele>
        <time>2026-09-15T00:30:18.923Z</time>
      </trkpt>
      <trkpt lat="53.275909" lon="-1.067513">
        <ele>51.4</ele>
        <time>2026-09-15T00:33:25.542Z</time>
      </trkpt>
      <trkpt lat="53.277332" lon="-1.066045">
        <ele>49.1</ele>
        <time>2026-09-15T00:35:15.781Z</time>
      </trkpt>
      <trkpt lat="53.278057" lon="-1.06494">
        <ele>46</ele>
        <time>2026-09-15T00:36:18.341Z</time>
      </trkpt>
      <trkpt lat="53.279188" lon="-1.06277">
        <ele>41.2</ele>
        <time>2026-09-15T00:38:03.532Z</time>
      </trkpt>
      <trkpt lat="53.279553" lon="-1.06231">
        <ele>41.4</ele>
        <time>2026-09-15T00:38:32.574Z</time>
      </trkpt>
      <trkpt lat="53.28091" lon="-1.059912">
        <ele>42.7</ele>
        <time>2026-09-15T00:40:54.846Z</time>
      </trkpt>
      <trkpt lat="53.281577" lon="-1.059104">
        <ele>43.9</ele>
        <time>2026-09-15T00:41:54.915Z</time>
      </trkpt>
      <trkpt lat="53.282097" lon="-1.058154">
        <ele>45</ele>
        <time>2026-09-15T00:42:52.402Z</time>
      </trkpt>
      <trkpt lat="53.282463" lon="-1.05782">
        <ele>45.6</ele>
        <time>2026-09-15T00:43:23.512Z</time>
      </trkpt>
      <trkpt lat="53.282719" lon="-1.057362">
        <ele>46.7</ele>
        <time>2026-09-15T00:43:52.396Z</time>
      </trkpt>
      <trkpt lat="53.282773" lon="-1.057411">
        <ele>46.9</ele>
        <time>2026-09-15T00:43:57.236Z</time>
      </trkpt>
      <trkpt lat="53.283023" lon="-1.056927">
        <ele>47.9</ele>
        <time>2026-09-15T00:44:27.369Z</time>
      </trkpt>
      <trkpt lat="53.283143" lon="-1.056907">
        <ele>48.2</ele>
        <time>2026-09-15T00:44:36.818Z</time>
      </trkpt>
      <trkpt lat="53.284055" lon="-1.055628">
        <ele>51.5</ele>
        <time>2026-09-15T00:46:10.380Z</time>
      </trkpt>
      <trkpt lat="53.28431" lon="-1.055472">
        <ele>52.5</ele>
        <time>2026-09-15T00:46:31.881Z</time>
      </trkpt>
      <trkpt lat="53.284476" lon="-1.055098">
        <ele>53.3</ele>
        <time>2026-09-15T00:46:54.204Z</time>
      </trkpt>
      <trkpt lat="53.285809" lon="-1.053431">
        <ele>56</ele>
        <time>2026-09-15T00:49:00.290Z</time>
      </trkpt>
      <trkpt lat="53.286193" lon="-1.052259">
        <ele>54.7</ele>
        <time>2026-09-15T00:49:57.749Z</time>
      </trkpt>
      <trkpt lat="53.286311" lon="-1.051088">
        <ele>53.9</ele>
        <time>2026-09-15T00:50:44.433Z</time>
      </trkpt>
      <trkpt lat="53.288101" lon="-1.04049">
        <ele>42</ele>
        <time>2026-09-15T00:57:50.253Z</time>
      </trkpt>
      <trkpt lat="53.287874" lon="-1.040077">
        <ele>41.5</ele>
        <time>2026-09-15T00:58:11.894Z</time>
      </trkpt>
      <trkpt lat="53.286681" lon="-1.039077">
        <ele>39.9</ele>
        <time>2026-09-15T00:59:40.200Z</time>
      </trkpt>
      <trkpt lat="53.286209" lon="-1.038472">
        <ele>39.4</ele>
        <time>2026-09-15T01:00:19.864Z</time>
      </trkpt>
      <trkpt lat="53.286078" lon="-1.03867">
        <ele>38.8</ele>
        <time>2026-09-15T01:00:31.454Z</time>
      </trkpt>
      <trkpt lat="53.284524" lon="-1.039295">
        <ele>42.6</ele>
        <time>2026-09-15T01:02:32.544Z</time>
      </trkpt>
      <trkpt lat="53.284076" lon="-1.039712">
        <ele>44.3</ele>
        <time>2026-09-15T01:03:12.633Z</time>
      </trkpt>
      <trkpt lat="53.284036" lon="-1.039919">
        <ele>44.6</ele>
        <time>2026-09-15T01:03:23.019Z</time>
      </trkpt>
      <trkpt lat="53.283924" lon="-1.039763">
        <ele>45.1</ele>
        <time>2026-09-15T01:03:34.543Z</time>
      </trkpt>
      <trkpt lat="53.282832" lon="-1.042405">
        <ele>48.7</ele>
        <time>2026-09-15T01:06:01.205Z</time>
      </trkpt>
      <trkpt lat="53.282538" lon="-1.042377">
        <ele>48.8</ele>
        <time>2026-09-15T01:06:23.394Z</time>
      </trkpt>
      <trkpt lat="53.281469" lon="-1.043038">
        <ele>48.9</ele>
        <time>2026-09-15T01:07:43.818Z</time>
      </trkpt>
      <trkpt lat="53.280497" lon="-1.043314">
        <ele>49.4</ele>
        <time>2026-09-15T01:08:53.832Z</time>
      </trkpt>
      <trkpt lat="53.280166" lon="-1.042993">
        <ele>49.4</ele>
        <time>2026-09-15T01:09:21.103Z</time>
      </trkpt>
      <trkpt lat="53.27988" lon="-1.042979">
        <ele>48.8</ele>
        <time>2026-09-15T01:09:40.360Z</time>
      </trkpt>
      <trkpt lat="53.278543" lon="-1.044088">
        <ele>46.4</ele>
        <time>2026-09-15T01:11:17.138Z</time>
      </trkpt>
      <trkpt lat="53.278018" lon="-1.04422">
        <ele>47.8</ele>
        <time>2026-09-15T01:11:53.541Z</time>
      </trkpt>
      <trkpt lat="53.27649" lon="-1.04487">
        <ele>47.1</ele>
        <time>2026-09-15T01:13:45.756Z</time>
      </trkpt>
      <trkpt lat="53.275682" lon="-1.045349">
        <ele>46.5</ele>
        <time>2026-09-15T01:14:44.429Z</time>
      </trkpt>
      <trkpt lat="53.275218" lon="-1.045441">
        <ele>46.3</ele>
        <time>2026-09-15T01:15:16.305Z</time>
      </trkpt>
      <trkpt lat="53.274569" lon="-1.046115">
        <ele>46.3</ele>
        <time>2026-09-15T01:16:09.487Z</time>
      </trkpt>
      <trkpt lat="53.274111" lon="-1.045389">
        <ele>44.7</ele>
        <time>2026-09-15T01:16:51.467Z</time>
      </trkpt>
      <trkpt lat="53.272035" lon="-1.043135">
        <ele>36.2</ele>
        <time>2026-09-15T01:19:20.364Z</time>
      </trkpt>
      <trkpt lat="53.272" lon="-1.042771">
        <ele>36</ele>
        <time>2026-09-15T01:19:33.642Z</time>
      </trkpt>
      <trkpt lat="53.271568" lon="-1.041717">
        <ele>34.7</ele>
        <time>2026-09-15T01:20:23.580Z</time>
      </trkpt>
      <trkpt lat="53.270817" lon="-1.040415">
        <ele>30.9</ele>
        <time>2026-09-15T01:21:30.207Z</time>
      </trkpt>
      <trkpt lat="53.270197" lon="-1.039816">
        <ele>29.8</ele>
        <time>2026-09-15T01:22:14.386Z</time>
      </trkpt>
      <trkpt lat="53.268706" lon="-1.038922">
        <ele>33.3</ele>
        <time>2026-09-15T01:24:10.659Z</time>
      </trkpt>
      <trkpt lat="53.268718" lon="-1.038683">
        <ele>34.2</ele>
        <time>2026-09-15T01:24:21.850Z</time>
      </trkpt>
      <trkpt lat="53.266577" lon="-1.034073">
        <ele>47.9</ele>
        <time>2026-09-15T01:29:09.038Z</time>
      </trkpt>
      <trkpt lat="53.26607" lon="-1.032143">
        <ele>52.5</ele>
        <time>2026-09-15T01:30:52.176Z</time>
      </trkpt>
      <trkpt lat="53.265022" lon="-1.030134">
        <ele>51.8</ele>
        <time>2026-09-15T01:32:50.819Z</time>
      </trkpt>
      <trkpt lat="53.26487" lon="-1.029965">
        <ele>51.9</ele>
        <time>2026-09-15T01:33:03.424Z</time>
      </trkpt>
      <trkpt lat="53.263376" lon="-1.030072">
        <ele>47.9</ele>
        <time>2026-09-15T01:34:37.485Z</time>
      </trkpt>
      <trkpt lat="53.263199" lon="-1.029586">
        <ele>47.3</ele>
        <time>2026-09-15T01:34:58.638Z</time>
      </trkpt>
      <trkpt lat="53.263195" lon="-1.029634">
        <ele>47.1</ele>
        <time>2026-09-15T01:35:00.461Z</time>
      </trkpt>
      <trkpt lat="53.26293" lon="-1.029482">
        <ele>46.4</ele>
        <time>2026-09-15T01:35:18.096Z</time>
      </trkpt>
      <trkpt lat="53.262814" lon="-1.029205">
        <ele>45.9</ele>
        <time>2026-09-15T01:35:30.568Z</time>
      </trkpt>
      <trkpt lat="53.262042" lon="-1.029616">
        <ele>42.9</ele>
        <time>2026-09-15T01:36:18.825Z</time>
      </trkpt>
      <trkpt lat="53.261824" lon="-1.02962">
        <ele>42.5</ele>
        <time>2026-09-15T01:36:31.904Z</time>
      </trkpt>
      <trkpt lat="53.261612" lon="-1.02937">
        <ele>42</ele>
        <time>2026-09-15T01:36:48.569Z</time>
      </trkpt>
      <trkpt lat="53.26111" lon="-1.029212">
        <ele>41</ele>
        <time>2026-09-15T01:37:21.285Z</time>
      </trkpt>
      <trkpt lat="53.261001" lon="-1.028977">
        <ele>40.6</ele>
        <time>2026-09-15T01:37:32.795Z</time>
      </trkpt>
      <trkpt lat="53.260778" lon="-1.02885">
        <ele>40.4</ele>
        <time>2026-09-15T01:37:48.244Z</time>
      </trkpt>
      <trkpt lat="53.259924" lon="-1.030816">
        <ele>41.3</ele>
        <time>2026-09-15T01:39:30.900Z</time>
      </trkpt>
      <trkpt lat="53.259756" lon="-1.031484">
        <ele>41.7</ele>
        <time>2026-09-15T01:40:02.238Z</time>
      </trkpt>
      <trkpt lat="53.259197" lon="-1.032814">
        <ele>42.7</ele>
        <time>2026-09-15T01:41:13.469Z</time>
      </trkpt>
      <trkpt lat="53.257983" lon="-1.035518">
        <ele>44.9</ele>
        <time>2026-09-15T01:43:42.087Z</time>
      </trkpt>
      <trkpt lat="53.257588" lon="-1.036589">
        <ele>46.3</ele>
        <time>2026-09-15T01:44:37.933Z</time>
      </trkpt>
      <trkpt lat="53.25723" lon="-1.037715">
        <ele>47.8</ele>
        <time>2026-09-15T01:45:35.984Z</time>
      </trkpt>
      <trkpt lat="53.257112" lon="-1.037793">
        <ele>48.1</ele>
        <time>2026-09-15T01:45:46.049Z</time>
      </trkpt>
      <trkpt lat="53.257151" lon="-1.037628">
        <ele>48.7</ele>
        <time>2026-09-15T01:45:55.086Z</time>
      </trkpt>
      <trkpt lat="53.257075" lon="-1.037627">
        <ele>49.5</ele>
        <time>2026-09-15T01:46:01.557Z</time>
      </trkpt>
      <trkpt lat="53.257147" lon="-1.037906">
        <ele>50.3</ele>
        <time>2026-09-15T01:46:17.034Z</time>
      </trkpt>
      <trkpt lat="53.256752" lon="-1.038789">
        <ele>51.6</ele>
        <time>2026-09-15T01:47:10.185Z</time>
      </trkpt>
      <trkpt lat="53.256337" lon="-1.040076">
        <ele>52.9</ele>
        <time>2026-09-15T01:48:16.158Z</time>
      </trkpt>
      <trkpt lat="53.255311" lon="-1.042153">
        <ele>53.3</ele>
        <time>2026-09-15T01:50:12.629Z</time>
      </trkpt>
      <trkpt lat="53.254216" lon="-1.044428">
        <ele>53.5</ele>
        <time>2026-09-15T01:52:16.112Z</time>
      </trkpt>
      <trkpt lat="53.25337" lon="-1.046481">
        <ele>54.4</ele>
        <time>2026-09-15T01:54:02.296Z</time>
      </trkpt>
      <trkpt lat="53.253049" lon="-1.047735">
        <ele>54.8</ele>
        <time>2026-09-15T01:55:00.968Z</time>
      </trkpt>
      <trkpt lat="53.25265" lon="-1.050723">
        <ele>48.9</ele>
        <time>2026-09-15T01:56:57.554Z</time>
      </trkpt>
      <trkpt lat="53.251822" lon="-1.052912">
        <ele>50.9</ele>
        <time>2026-09-15T01:58:40.595Z</time>
      </trkpt>
      <trkpt lat="53.251018" lon="-1.054579">
        <ele>55.4</ele>
        <time>2026-09-15T02:00:19.578Z</time>
      </trkpt>
      <trkpt lat="53.250818" lon="-1.054819">
        <ele>56.4</ele>
        <time>2026-09-15T02:00:39.545Z</time>
      </trkpt>
      <trkpt lat="53.250436" lon="-1.055754">
        <ele>58.4</ele>
        <time>2026-09-15T02:01:33.797Z</time>
      </trkpt>
      <trkpt lat="53.250198" lon="-1.056056">
        <ele>59.1</ele>
        <time>2026-09-15T02:01:57.305Z</time>
      </trkpt>
      <trkpt lat="53.249381" lon="-1.05784">
        <ele>63.4</ele>
        <time>2026-09-15T02:03:44.154Z</time>
      </trkpt>
      <trkpt lat="53.248405" lon="-1.059556">
        <ele>62.6</ele>
        <time>2026-09-15T02:05:29.133Z</time>
      </trkpt>
      <trkpt lat="53.248342" lon="-1.059522">
        <ele>62.7</ele>
        <time>2026-09-15T02:05:33.677Z</time>
      </trkpt>
      <trkpt lat="53.247628" lon="-1.061037">
        <ele>64.7</ele>
        <time>2026-09-15T02:07:00.810Z</time>
      </trkpt>
      <trkpt lat="53.247248" lon="-1.061521">
        <ele>65.2</ele>
        <time>2026-09-15T02:07:36.607Z</time>
      </trkpt>
      <trkpt lat="53.246875" lon="-1.06258">
        <ele>64.7</ele>
        <time>2026-09-15T02:08:28.170Z</time>
      </trkpt>
      <trkpt lat="53.246495" lon="-1.063019">
        <ele>66.1</ele>
        <time>2026-09-15T02:09:01.658Z</time>
      </trkpt>
      <trkpt lat="53.245082" lon="-1.06546">
        <ele>68.6</ele>
        <time>2026-09-15T02:11:34.127Z</time>
      </trkpt>
      <trkpt lat="53.244038" lon="-1.066589">
        <ele>69.3</ele>
        <time>2026-09-15T02:13:05.150Z</time>
      </trkpt>
      <trkpt lat="53.242607" lon="-1.068842">
        <ele>73.6</ele>
        <time>2026-09-15T02:15:32.619Z</time>
      </trkpt>
      <trkpt lat="53.241216" lon="-1.071505">
        <ele>75.2</ele>
        <time>2026-09-15T02:18:10.545Z</time>
      </trkpt>
      <trkpt lat="53.241151" lon="-1.071453">
        <ele>75.1</ele>
        <time>2026-09-15T02:18:15.734Z</time>
      </trkpt>
      <trkpt lat="53.241147" lon="-1.071711">
        <ele>75</ele>
        <time>2026-09-15T02:18:26.135Z</time>
      </trkpt>
      <trkpt lat="53.240825" lon="-1.072369">
        <ele>74.8</ele>
        <time>2026-09-15T02:19:00.935Z</time>
      </trkpt>
      <trkpt lat="53.240687" lon="-1.073494">
        <ele>75.6</ele>
        <time>2026-09-15T02:19:50.216Z</time>
      </trkpt>
      <trkpt lat="53.240276" lon="-1.074997">
        <ele>75.4</ele>
        <time>2026-09-15T02:21:00.680Z</time>
      </trkpt>
      <trkpt lat="53.239602" lon="-1.078524">
        <ele>73.3</ele>
        <time>2026-09-15T02:23:31.056Z</time>
      </trkpt>
      <trkpt lat="53.238655" lon="-1.082051">
        <ele>73.7</ele>
        <time>2026-09-15T02:26:10.556Z</time>
      </trkpt>
      <trkpt lat="53.238357" lon="-1.083447">
        <ele>73.6</ele>
        <time>2026-09-15T02:27:13.022Z</time>
      </trkpt>
      <trkpt lat="53.238203" lon="-1.083816">
        <ele>73.5</ele>
        <time>2026-09-15T02:27:31.756Z</time>
      </trkpt>
      <trkpt lat="53.237701" lon="-1.086435">
        <ele>71.8</ele>
        <time>2026-09-15T02:29:22.307Z</time>
      </trkpt>
      <trkpt lat="53.237322" lon="-1.089686">
        <ele>72.5</ele>
        <time>2026-09-15T02:31:39.595Z</time>
      </trkpt>
      <trkpt lat="53.237311" lon="-1.092053">
        <ele>74.4</ele>
        <time>2026-09-15T02:33:22.353Z</time>
      </trkpt>
      <trkpt lat="53.237229" lon="-1.093152">
        <ele>75.5</ele>
        <time>2026-09-15T02:34:11.834Z</time>
      </trkpt>
      <trkpt lat="53.236915" lon="-1.094925">
        <ele>77</ele>
        <time>2026-09-15T02:35:34.535Z</time>
      </trkpt>
      <trkpt lat="53.23651" lon="-1.098791">
        <ele>75.7</ele>
        <time>2026-09-15T02:38:19.690Z</time>
      </trkpt>
      <trkpt lat="53.235869" lon="-1.10304">
        <ele>74.7</ele>
        <time>2026-09-15T02:41:19.782Z</time>
      </trkpt>
      <trkpt lat="53.235801" lon="-1.103107">
        <ele>74.9</ele>
        <time>2026-09-15T02:41:25.244Z</time>
      </trkpt>
      <trkpt lat="53.235707" lon="-1.103807">
        <ele>75.7</ele>
        <time>2026-09-15T02:41:57.990Z</time>
      </trkpt>
      <trkpt lat="53.235768" lon="-1.104007">
        <ele>75.8</ele>
        <time>2026-09-15T02:42:07.900Z</time>
      </trkpt>
      <trkpt lat="53.235729" lon="-1.103804">
        <ele>75.7</ele>
        <time>2026-09-15T02:42:16.847Z</time>
      </trkpt>
      <trkpt lat="53.234844" lon="-1.102462">
        <ele>77.1</ele>
        <time>2026-09-15T02:43:44.270Z</time>
      </trkpt>
      <trkpt lat="53.234506" lon="-1.101661">
        <ele>77.4</ele>
        <time>2026-09-15T02:44:27.165Z</time>
      </trkpt>
      <trkpt lat="53.232418" lon="-1.099045">
        <ele>59.8</ele>
        <time>2026-09-15T02:46:48.859Z</time>
      </trkpt>
      <trkpt lat="53.230472" lon="-1.097247">
        <ele>51.9</ele>
        <time>2026-09-15T02:48:50.358Z</time>
      </trkpt>
      <trkpt lat="53.229156" lon="-1.096286">
        <ele>46.2</ele>
        <time>2026-09-15T02:50:14.846Z</time>
      </trkpt>
      <trkpt lat="53.228497" lon="-1.096056">
        <ele>44.9</ele>
        <time>2026-09-15T02:50:55.213Z</time>
      </trkpt>
      <trkpt lat="53.228271" lon="-1.095799">
        <ele>44.7</ele>
        <time>2026-09-15T02:51:13.028Z</time>
      </trkpt>
      <trkpt lat="53.227025" lon="-1.095644">
        <ele>41.7</ele>
        <time>2026-09-15T02:52:32.465Z</time>
      </trkpt>
      <trkpt lat="53.226106" lon="-1.09577">
        <ele>44.2</ele>
        <time>2026-09-15T02:53:36.457Z</time>
      </trkpt>
      <trkpt lat="53.224626" lon="-1.096122">
        <ele>48.8</ele>
        <time>2026-09-15T02:55:34.825Z</time>
      </trkpt>
      <trkpt lat="53.224409" lon="-1.09629">
        <ele>49.4</ele>
        <time>2026-09-15T02:55:53.805Z</time>
      </trkpt>
      <trkpt lat="53.222229" lon="-1.096754">
        <ele>54.6</ele>
        <time>2026-09-15T02:58:44.163Z</time>
      </trkpt>
      <trkpt lat="53.220417" lon="-1.097391">
        <ele>58.3</ele>
        <time>2026-09-15T03:01:06.683Z</time>
      </trkpt>
      <trkpt lat="53.219432" lon="-1.097469">
        <ele>61.4</ele>
        <time>2026-09-15T03:02:23.173Z</time>
      </trkpt>
      <trkpt lat="53.219271" lon="-1.096263">
        <ele>63.2</ele>
        <time>2026-09-15T03:03:21.536Z</time>
      </trkpt>
      <trkpt lat="53.219103" lon="-1.092966">
        <ele>61.2</ele>
        <time>2026-09-15T03:05:40.012Z</time>
      </trkpt>
      <trkpt lat="53.218773" lon="-1.089577">
        <ele>54.5</ele>
        <time>2026-09-15T03:07:50.383Z</time>
      </trkpt>
      <trkpt lat="53.218796" lon="-1.088583">
        <ele>52.8</ele>
        <time>2026-09-15T03:08:26.356Z</time>
      </trkpt>
      <trkpt lat="53.218662" lon="-1.086932">
        <ele>50.9</ele>
        <time>2026-09-15T03:09:29.301Z</time>
      </trkpt>
      <trkpt lat="53.218524" lon="-1.085807">
        <ele>50.7</ele>
        <time>2026-09-15T03:10:14.828Z</time>
      </trkpt>
      <trkpt lat="53.218399" lon="-1.085432">
        <ele>51.6</ele>
        <time>2026-09-15T03:10:33.448Z</time>
      </trkpt>
      <trkpt lat="53.217878" lon="-1.079519">
        <ele>55.3</ele>
        <time>2026-09-15T03:14:57.886Z</time>
      </trkpt>
      <trkpt lat="53.21771" lon="-1.079341">
        <ele>55.3</ele>
        <time>2026-09-15T03:15:12.451Z</time>
      </trkpt>
      <trkpt lat="53.217528" lon="-1.078774">
        <ele>55.6</ele>
        <time>2026-09-15T03:15:40.087Z</time>
      </trkpt>
      <trkpt lat="53.217367" lon="-1.078556">
        <ele>55.5</ele>
        <time>2026-09-15T03:15:54.843Z</time>
      </trkpt>
      <trkpt lat="53.215157" lon="-1.076563">
        <ele>49.7</ele>
        <time>2026-09-15T03:18:34.002Z</time>
      </trkpt>
      <trkpt lat="53.213306" lon="-1.074634">
        <ele>57.1</ele>
        <time>2026-09-15T03:21:09.351Z</time>
      </trkpt>
      <trkpt lat="53.210621" lon="-1.072012">
        <ele>65</ele>
        <time>2026-09-15T03:25:15.206Z</time>
      </trkpt>
      <trkpt lat="53.210233" lon="-1.071817">
        <ele>65.2</ele>
        <time>2026-09-15T03:25:46.522Z</time>
      </trkpt>
      <trkpt lat="53.209742" lon="-1.071767">
        <ele>64.7</ele>
        <time>2026-09-15T03:26:20.499Z</time>
      </trkpt>
      <trkpt lat="53.209593" lon="-1.071679">
        <ele>64.7</ele>
        <time>2026-09-15T03:26:31.242Z</time>
      </trkpt>
      <trkpt lat="53.209587" lon="-1.071542">
        <ele>64.7</ele>
        <time>2026-09-15T03:26:36.841Z</time>
      </trkpt>
      <trkpt lat="53.209375" lon="-1.071628">
        <ele>64.4</ele>
        <time>2026-09-15T03:26:51.521Z</time>
      </trkpt>
      <trkpt lat="53.209187" lon="-1.071482">
        <ele>64.1</ele>
        <time>2026-09-15T03:27:05.291Z</time>
      </trkpt>
      <trkpt lat="53.207152" lon="-1.071113">
        <ele>57</ele>
        <time>2026-09-15T03:29:09.243Z</time>
      </trkpt>
      <trkpt lat="53.206772" lon="-1.071103">
        <ele>59.1</ele>
        <time>2026-09-15T03:29:33.452Z</time>
      </trkpt>
      <trkpt lat="53.206623" lon="-1.071264">
        <ele>60.2</ele>
        <time>2026-09-15T03:29:48.405Z</time>
      </trkpt>
      <trkpt lat="53.206428" lon="-1.071022">
        <ele>60.8</ele>
        <time>2026-09-15T03:30:08.411Z</time>
      </trkpt>
      <trkpt lat="53.205474" lon="-1.070671">
        <ele>60.2</ele>
        <time>2026-09-15T03:31:19.337Z</time>
      </trkpt>
      <trkpt lat="53.20543" lon="-1.072057">
        <ele>61.2</ele>
        <time>2026-09-15T03:32:18.212Z</time>
      </trkpt>
      <trkpt lat="53.204919" lon="-1.072914">
        <ele>63.2</ele>
        <time>2026-09-15T03:33:13.364Z</time>
      </trkpt>
      <trkpt lat="53.204848" lon="-1.072844">
        <ele>63.6</ele>
        <time>2026-09-15T03:33:19.784Z</time>
      </trkpt>
      <trkpt lat="53.204925" lon="-1.073069">
        <ele>63.6</ele>
        <time>2026-09-15T03:33:31.485Z</time>
      </trkpt>
      <trkpt lat="53.204881" lon="-1.07388">
        <ele>64.7</ele>
        <time>2026-09-15T03:34:08.831Z</time>
      </trkpt>
      <trkpt lat="53.204656" lon="-1.074812">
        <ele>67.9</ele>
        <time>2026-09-15T03:34:58.228Z</time>
      </trkpt>
      <trkpt lat="53.204241" lon="-1.077707">
        <ele>67.6</ele>
        <time>2026-09-15T03:37:10.069Z</time>
      </trkpt>
      <trkpt lat="53.204292" lon="-1.077924">
        <ele>67.5</ele>
        <time>2026-09-15T03:37:19.767Z</time>
      </trkpt>
      <trkpt lat="53.205037" lon="-1.078898">
        <ele>70.5</ele>
        <time>2026-09-15T03:38:33.941Z</time>
      </trkpt>
      <trkpt lat="53.206274" lon="-1.081221">
        <ele>69.4</ele>
        <time>2026-09-15T03:40:48.463Z</time>
      </trkpt>
      <trkpt lat="53.207668" lon="-1.083104">
        <ele>65.4</ele>
        <time>2026-09-15T03:42:46.356Z</time>
      </trkpt>
      <trkpt lat="53.208945" lon="-1.085625">
        <ele>68.6</ele>
        <time>2026-09-15T03:45:03.705Z</time>
      </trkpt>
      <trkpt lat="53.209509" lon="-1.087528">
        <ele>70.7</ele>
        <time>2026-09-15T03:46:39.371Z</time>
      </trkpt>
      <trkpt lat="53.210064" lon="-1.088694">
        <ele>72.3</ele>
        <time>2026-09-15T03:47:46.695Z</time>
      </trkpt>
      <trkpt lat="53.210518" lon="-1.090353">
        <ele>73.6</ele>
        <time>2026-09-15T03:49:08.301Z</time>
      </trkpt>
      <trkpt lat="53.210575" lon="-1.092076">
        <ele>76.3</ele>
        <time>2026-09-15T03:50:26.846Z</time>
      </trkpt>
      <trkpt lat="53.210753" lon="-1.093627">
        <ele>76.9</ele>
        <time>2026-09-15T03:51:38.103Z</time>
      </trkpt>
      <trkpt lat="53.209508" lon="-1.093735">
        <ele>79.3</ele>
        <time>2026-09-15T03:53:10.879Z</time>
      </trkpt>
      <trkpt lat="53.209111" lon="-1.093944">
        <ele>79.1</ele>
        <time>2026-09-15T03:53:41.798Z</time>
      </trkpt>
      <trkpt lat="53.205179" lon="-1.093719">
        <ele>76.5</ele>
        <time>2026-09-15T03:58:09.719Z</time>
      </trkpt>
      <trkpt lat="53.204384" lon="-1.093806">
        <ele>80.6</ele>
        <time>2026-09-15T03:59:06.385Z</time>
      </trkpt>
      <trkpt lat="53.203893" lon="-1.093656">
        <ele>83.2</ele>
        <time>2026-09-15T03:59:48.986Z</time>
      </trkpt>
      <trkpt lat="53.202282" lon="-1.093636">
        <ele>92</ele>
        <time>2026-09-15T04:02:07.433Z</time>
      </trkpt>
      <trkpt lat="53.201752" lon="-1.093603">
        <ele>93.2</ele>
        <time>2026-09-15T04:02:52.007Z</time>
      </trkpt>
      <trkpt lat="53.201636" lon="-1.093219">
        <ele>93</ele>
        <time>2026-09-15T04:03:11.098Z</time>
      </trkpt>
      <trkpt lat="53.200873" lon="-1.093084">
        <ele>90.7</ele>
        <time>2026-09-15T04:03:59.094Z</time>
      </trkpt>
      <trkpt lat="53.199561" lon="-1.093185">
        <ele>86.4</ele>
        <time>2026-09-15T04:05:18.404Z</time>
      </trkpt>
      <trkpt lat="53.198212" lon="-1.09318">
        <ele>80.6</ele>
        <time>2026-09-15T04:06:37.466Z</time>
      </trkpt>
      <trkpt lat="53.196939" lon="-1.09303">
        <ele>75.8</ele>
        <time>2026-09-15T04:07:51.388Z</time>
      </trkpt>
      <trkpt lat="53.195899" lon="-1.093014">
        <ele>72.1</ele>
        <time>2026-09-15T04:08:52.705Z</time>
      </trkpt>
      <trkpt lat="53.194032" lon="-1.093053">
        <ele>78.9</ele>
        <time>2026-09-15T04:11:09.899Z</time>
      </trkpt>
      <trkpt lat="53.193546" lon="-1.092929">
        <ele>79.1</ele>
        <time>2026-09-15T04:11:48.870Z</time>
      </trkpt>
      <trkpt lat="53.191053" lon="-1.092975">
        <ele>73.6</ele>
        <time>2026-09-15T04:14:29.862Z</time>
      </trkpt>
      <trkpt lat="53.190973" lon="-1.093862">
        <ele>72.8</ele>
        <time>2026-09-15T04:15:04.067Z</time>
      </trkpt>
      <trkpt lat="53.190704" lon="-1.094713">
        <ele>71.1</ele>
        <time>2026-09-15T04:15:40.467Z</time>
      </trkpt>
      <trkpt lat="53.190564" lon="-1.096242">
        <ele>67.6</ele>
        <time>2026-09-15T04:16:35.660Z</time>
      </trkpt>
      <trkpt lat="53.190364" lon="-1.096724">
        <ele>65.9</ele>
        <time>2026-09-15T04:16:55.979Z</time>
      </trkpt>
      <trkpt lat="53.190495" lon="-1.096896">
        <ele>65.5</ele>
        <time>2026-09-15T04:17:05.625Z</time>
      </trkpt>
      <trkpt lat="53.190443" lon="-1.097486">
        <ele>65.4</ele>
        <time>2026-09-15T04:17:29.608Z</time>
      </trkpt>
      <trkpt lat="53.191287" lon="-1.099763">
        <ele>67.7</ele>
        <time>2026-09-15T04:19:27.761Z</time>
      </trkpt>
      <trkpt lat="53.191844" lon="-1.101716">
        <ele>70</ele>
        <time>2026-09-15T04:21:05.077Z</time>
      </trkpt>
      <trkpt lat="53.19244" lon="-1.103344">
        <ele>72</ele>
        <time>2026-09-15T04:22:31.536Z</time>
      </trkpt>
      <trkpt lat="53.192488" lon="-1.103597">
        <ele>72.3</ele>
        <time>2026-09-15T04:22:43.493Z</time>
      </trkpt>
      <trkpt lat="53.192399" lon="-1.103964">
        <ele>72.5</ele>
        <time>2026-09-15T04:23:01.067Z</time>
      </trkpt>
      <trkpt lat="53.192656" lon="-1.104663">
        <ele>73.4</ele>
        <time>2026-09-15T04:23:37.952Z</time>
      </trkpt>
      <trkpt lat="53.192716" lon="-1.105192">
        <ele>74.2</ele>
        <time>2026-09-15T04:24:02.672Z</time>
      </trkpt>
      <trkpt lat="53.193423" lon="-1.107557">
        <ele>76.9</ele>
        <time>2026-09-15T04:26:02.803Z</time>
      </trkpt>
      <trkpt lat="53.193493" lon="-1.107962">
        <ele>77.4</ele>
        <time>2026-09-15T04:26:21.889Z</time>
      </trkpt>
      <trkpt lat="53.193485" lon="-1.109112">
        <ele>78.5</ele>
        <time>2026-09-15T04:27:13.870Z</time>
      </trkpt>
      <trkpt lat="53.193363" lon="-1.11122">
        <ele>80.9</ele>
        <time>2026-09-15T04:28:49.938Z</time>
      </trkpt>
      <trkpt lat="53.193516" lon="-1.112529">
        <ele>83.3</ele>
        <time>2026-09-15T04:29:51.736Z</time>
      </trkpt>
      <trkpt lat="53.193586" lon="-1.114703">
        <ele>88</ele>
        <time>2026-09-15T04:31:36.677Z</time>
      </trkpt>
      <trkpt lat="53.193724" lon="-1.115314">
        <ele>89.8</ele>
        <time>2026-09-15T04:32:08.660Z</time>
      </trkpt>
      <trkpt lat="53.193738" lon="-1.115872">
        <ele>92.3</ele>
        <time>2026-09-15T04:32:37.842Z</time>
      </trkpt>
      <trkpt lat="53.193992" lon="-1.116592">
        <ele>93</ele>
        <time>2026-09-15T04:33:18.765Z</time>
      </trkpt>
      <trkpt lat="53.193962" lon="-1.116876">
        <ele>93.5</ele>
        <time>2026-09-15T04:33:31.599Z</time>
      </trkpt>
      <trkpt lat="53.194106" lon="-1.11677">
        <ele>93.4</ele>
        <time>2026-09-15T04:33:42.636Z</time>
      </trkpt>
      <trkpt lat="53.194176" lon="-1.116366">
        <ele>93</ele>
        <time>2026-09-15T04:34:00.303Z</time>
      </trkpt>
      <trkpt lat="53.195102" lon="-1.11486">
        <ele>92.7</ele>
        <time>2026-09-15T04:35:29.052Z</time>
      </trkpt>
      <trkpt lat="53.196268" lon="-1.113357">
        <ele>93.5</ele>
        <time>2026-09-15T04:37:13.200Z</time>
      </trkpt>
      <trkpt lat="53.197488" lon="-1.112507">
        <ele>93.1</ele>
        <time>2026-09-15T04:38:46.502Z</time>
      </trkpt>
      <trkpt lat="53.198963" lon="-1.111063">
        <ele>95.8</ele>
        <time>2026-09-15T04:40:50.497Z</time>
      </trkpt>
      <trkpt lat="53.1998" lon="-1.110566">
        <ele>92.9</ele>
        <time>2026-09-15T04:41:52.579Z</time>
      </trkpt>
      <trkpt lat="53.200111" lon="-1.110524">
        <ele>93.1</ele>
        <time>2026-09-15T04:42:12.276Z</time>
      </trkpt>
      <trkpt lat="53.200836" lon="-1.109972">
        <ele>91.7</ele>
        <time>2026-09-15T04:43:05.445Z</time>
      </trkpt>
      <trkpt lat="53.2031" lon="-1.108679">
        <ele>87.9</ele>
        <time>2026-09-15T04:45:41.030Z</time>
      </trkpt>
      <trkpt lat="53.205629" lon="-1.106881">
        <ele>90.1</ele>
        <time>2026-09-15T04:48:51.092Z</time>
      </trkpt>
      <trkpt lat="53.206538" lon="-1.106138">
        <ele>91.5</ele>
        <time>2026-09-15T04:50:05.112Z</time>
      </trkpt>
      <trkpt lat="53.206694" lon="-1.105931">
        <ele>91.6</ele>
        <time>2026-09-15T04:50:19.860Z</time>
      </trkpt>
      <trkpt lat="53.206953" lon="-1.105284">
        <ele>91.9</ele>
        <time>2026-09-15T04:50:53.428Z</time>
      </trkpt>
      <trkpt lat="53.207379" lon="-1.105646">
        <ele>92.1</ele>
        <time>2026-09-15T04:51:27.745Z</time>
      </trkpt>
      <trkpt lat="53.208189" lon="-1.105976">
        <ele>91.7</ele>
        <time>2026-09-15T04:52:25.813Z</time>
      </trkpt>
      <trkpt lat="53.208982" lon="-1.106105">
        <ele>90.1</ele>
        <time>2026-09-15T04:53:18.617Z</time>
      </trkpt>
      <trkpt lat="53.209349" lon="-1.10591">
        <ele>89.3</ele>
        <time>2026-09-15T04:53:43.185Z</time>
      </trkpt>
      <trkpt lat="53.20993" lon="-1.105909">
        <ele>88.3</ele>
        <time>2026-09-15T04:54:20.546Z</time>
      </trkpt>
      <trkpt lat="53.210336" lon="-1.10559">
        <ele>87.2</ele>
        <time>2026-09-15T04:54:49.157Z</time>
      </trkpt>
      <trkpt lat="53.210605" lon="-1.105548">
        <ele>86.5</ele>
        <time>2026-09-15T04:55:06.005Z</time>
      </trkpt>
      <trkpt lat="53.211602" lon="-1.104272">
        <ele>82.9</ele>
        <time>2026-09-15T04:56:23.167Z</time>
      </trkpt>
      <trkpt lat="53.211763" lon="-1.104401">
        <ele>82.5</ele>
        <time>2026-09-15T04:56:34.152Z</time>
      </trkpt>
      <trkpt lat="53.212879" lon="-1.104051">
        <ele>80.1</ele>
        <time>2026-09-15T04:57:46.243Z</time>
      </trkpt>
      <trkpt lat="53.213891" lon="-1.104015">
        <ele>76.4</ele>
        <time>2026-09-15T04:58:48.352Z</time>
      </trkpt>
      <trkpt lat="53.214317" lon="-1.103724">
        <ele>74.1</ele>
        <time>2026-09-15T04:59:14.966Z</time>
      </trkpt>
      <trkpt lat="53.215515" lon="-1.103681">
        <ele>69.1</ele>
        <time>2026-09-15T05:00:23.182Z</time>
      </trkpt>
      <trkpt lat="53.216618" lon="-1.103463">
        <ele>64.4</ele>
        <time>2026-09-15T05:01:27.020Z</time>
      </trkpt>
      <trkpt lat="53.216867" lon="-1.103505">
        <ele>63.4</ele>
        <time>2026-09-15T05:01:41.412Z</time>
      </trkpt>
      <trkpt lat="53.217753" lon="-1.103936">
        <ele>60.8</ele>
        <time>2026-09-15T05:02:37.416Z</time>
      </trkpt>
      <trkpt lat="53.218108" lon="-1.103936">
        <ele>59.9</ele>
        <time>2026-09-15T05:02:59.305Z</time>
      </trkpt>
      <trkpt lat="53.218352" lon="-1.104053">
        <ele>59.3</ele>
        <time>2026-09-15T05:03:15.254Z</time>
      </trkpt>
      <trkpt lat="53.218425" lon="-1.104202">
        <ele>59.1</ele>
        <time>2026-09-15T05:03:22.559Z</time>
      </trkpt>
      <trkpt lat="53.218976" lon="-1.104492">
        <ele>57.7</ele>
        <time>2026-09-15T05:03:58.899Z</time>
      </trkpt>
      <trkpt lat="53.21993" lon="-1.104739">
        <ele>55</ele>
        <time>2026-09-15T05:04:58.660Z</time>
      </trkpt>
      <trkpt lat="53.220357" lon="-1.104653">
        <ele>54</ele>
        <time>2026-09-15T05:05:25.291Z</time>
      </trkpt>
      <trkpt lat="53.220709" lon="-1.104827">
        <ele>53.2</ele>
        <time>2026-09-15T05:05:48.455Z</time>
      </trkpt>
      <trkpt lat="53.222169" lon="-1.104825">
        <ele>50.4</ele>
        <time>2026-09-15T05:07:21.861Z</time>
      </trkpt>
      <trkpt lat="53.222971" lon="-1.105062">
        <ele>48.7</ele>
        <time>2026-09-15T05:08:13.947Z</time>
      </trkpt>
      <trkpt lat="53.223204" lon="-1.10496">
        <ele>48.2</ele>
        <time>2026-09-15T05:08:29.272Z</time>
      </trkpt>
      <trkpt lat="53.223761" lon="-1.105323">
        <ele>47.4</ele>
        <time>2026-09-15T05:09:08.297Z</time>
      </trkpt>
      <trkpt lat="53.224683" lon="-1.105639">
        <ele>45.9</ele>
        <time>2026-09-15T05:10:09.890Z</time>
      </trkpt>
      <trkpt lat="53.224901" lon="-1.10587">
        <ele>45.4</ele>
        <time>2026-09-15T05:10:26.647Z</time>
      </trkpt>
      <trkpt lat="53.22532" lon="-1.105992">
        <ele>44.7</ele>
        <time>2026-09-15T05:10:54.137Z</time>
      </trkpt>
      <trkpt lat="53.22607" lon="-1.106494">
        <ele>43.6</ele>
        <time>2026-09-15T05:11:47.099Z</time>
      </trkpt>
      <trkpt lat="53.227103" lon="-1.106718">
        <ele>44.2</ele>
        <time>2026-09-15T05:12:59.260Z</time>
      </trkpt>
      <trkpt lat="53.227593" lon="-1.107003">
        <ele>45.8</ele>
        <time>2026-09-15T05:13:37.939Z</time>
      </trkpt>
      <trkpt lat="53.228013" lon="-1.107855">
        <ele>47.2</ele>
        <time>2026-09-15T05:14:29.480Z</time>
      </trkpt>
      <trkpt lat="53.228138" lon="-1.107931">
        <ele>47.4</ele>
        <time>2026-09-15T05:14:39.649Z</time>
      </trkpt>
      <trkpt lat="53.22823" lon="-1.108303">
        <ele>47.9</ele>
        <time>2026-09-15T05:14:57.954Z</time>
      </trkpt>
      <trkpt lat="53.228874" lon="-1.109498">
        <ele>50.2</ele>
        <time>2026-09-15T05:16:12.173Z</time>
      </trkpt>
      <trkpt lat="53.22962" lon="-1.110359">
        <ele>53</ele>
        <time>2026-09-15T05:17:23.407Z</time>
      </trkpt>
      <trkpt lat="53.23009" lon="-1.110718">
        <ele>54.8</ele>
        <time>2026-09-15T05:18:04.770Z</time>
      </trkpt>
      <trkpt lat="53.230421" lon="-1.111571">
        <ele>56.2</ele>
        <time>2026-09-15T05:18:52.782Z</time>
      </trkpt>
      <trkpt lat="53.230537" lon="-1.111181">
        <ele>56.8</ele>
        <time>2026-09-15T05:19:13.127Z</time>
      </trkpt>
      <trkpt lat="53.230715" lon="-1.111083">
        <ele>57.5</ele>
        <time>2026-09-15T05:19:27.946Z</time>
      </trkpt>
      <trkpt lat="53.231164" lon="-1.110412">
        <ele>61.2</ele>
        <time>2026-09-15T05:20:18.719Z</time>
      </trkpt>
      <trkpt lat="53.23144" lon="-1.110229">
        <ele>62.8</ele>
        <time>2026-09-15T05:20:44.595Z</time>
      </trkpt>
      <trkpt lat="53.232367" lon="-1.109242">
        <ele>66</ele>
        <time>2026-09-15T05:22:13.232Z</time>
      </trkpt>
      <trkpt lat="53.234148" lon="-1.106504">
        <ele>71.6</ele>
        <time>2026-09-15T05:25:21.724Z</time>
      </trkpt>
      <trkpt lat="53.235302" lon="-1.104516">
        <ele>75.2</ele>
        <time>2026-09-15T05:27:29.595Z</time>
      </trkpt>
      <trkpt lat="53.235698" lon="-1.104198">
        <ele>75.9</ele>
        <time>2026-09-15T05:28:03.215Z</time>
      </trkpt>
      <trkpt lat="53.23575" lon="-1.104053">
        <ele>75.5</ele>
        <time>2026-09-15T05:28:10.580Z</time>
      </trkpt>
      <trkpt lat="53.235799" lon="-1.103955">
        <ele>75.4</ele>
        <time>2026-09-15T05:28:15.840Z</time>
      </trkpt>
      <trkpt lat="53.235673" lon="-1.104221">
        <ele>75.9</ele>
        <time>2026-09-15T05:28:29.618Z</time>
      </trkpt>
      <trkpt lat="53.235753" lon="-1.104317">
        <ele>75.7</ele>
        <time>2026-09-15T05:28:36.307Z</time>
      </trkpt>
      <trkpt lat="53.235681" lon="-1.104372">
        <ele>75.5</ele>
        <time>2026-09-15T05:28:41.817Z</time>
      </trkpt>
      <trkpt lat="53.2357" lon="-1.10462">
        <ele>75.4</ele>
        <time>2026-09-15T05:28:52.311Z</time>
      </trkpt>
      <trkpt lat="53.236293" lon="-1.105702">
        <ele>73.5</ele>
        <time>2026-09-15T05:29:48.433Z</time>
      </trkpt>
      <trkpt lat="53.237211" lon="-1.107097">
        <ele>68.8</ele>
        <time>2026-09-15T05:31:03.573Z</time>
      </trkpt>
      <trkpt lat="53.238537" lon="-1.108589">
        <ele>65.9</ele>
        <time>2026-09-15T05:32:42.440Z</time>
      </trkpt>
      <trkpt lat="53.238657" lon="-1.108935">
        <ele>66.6</ele>
        <time>2026-09-15T05:32:58.324Z</time>
      </trkpt>
      <trkpt lat="53.238943" lon="-1.109201">
        <ele>66.6</ele>
        <time>2026-09-15T05:33:22.548Z</time>
      </trkpt>
      <trkpt lat="53.239553" lon="-1.110332">
        <ele>61.4</ele>
        <time>2026-09-15T05:34:14.924Z</time>
      </trkpt>
      <trkpt lat="53.23979" lon="-1.111363">
        <ele>56.1</ele>
        <time>2026-09-15T05:34:48.817Z</time>
      </trkpt>
      <trkpt lat="53.240001" lon="-1.111801">
        <ele>54.2</ele>
        <time>2026-09-15T05:35:05.676Z</time>
      </trkpt>
      <trkpt lat="53.240184" lon="-1.112757">
        <ele>55.7</ele>
        <time>2026-09-15T05:35:46.991Z</time>
      </trkpt>
      <trkpt lat="53.240367" lon="-1.113176">
        <ele>58.3</ele>
        <time>2026-09-15T05:36:12.939Z</time>
      </trkpt>
      <trkpt lat="53.240619" lon="-1.114401">
        <ele>60.7</ele>
        <time>2026-09-15T05:37:17.957Z</time>
      </trkpt>
      <trkpt lat="53.240867" lon="-1.116454">
        <ele>61.4</ele>
        <time>2026-09-15T05:38:51.855Z</time>
      </trkpt>
      <trkpt lat="53.241057" lon="-1.117181">
        <ele>61.7</ele>
        <time>2026-09-15T05:39:26.012Z</time>
      </trkpt>
      <trkpt lat="53.241219" lon="-1.118951">
        <ele>53.7</ele>
        <time>2026-09-15T05:40:25.372Z</time>
      </trkpt>
      <trkpt lat="53.241473" lon="-1.119858">
        <ele>54.4</ele>
        <time>2026-09-15T05:40:59.541Z</time>
      </trkpt>
      <trkpt lat="53.241455" lon="-1.120623">
        <ele>54.6</ele>
        <time>2026-09-15T05:41:32.898Z</time>
      </trkpt>
      <trkpt lat="53.241644" lon="-1.121456">
        <ele>54</ele>
        <time>2026-09-15T05:42:09.605Z</time>
      </trkpt>
      <trkpt lat="53.241624" lon="-1.122237">
        <ele>52.3</ele>
        <time>2026-09-15T05:42:39.069Z</time>
      </trkpt>
      <trkpt lat="53.241724" lon="-1.122793">
        <ele>51.3</ele>
        <time>2026-09-15T05:42:59.908Z</time>
      </trkpt>
      <trkpt lat="53.241691" lon="-1.124414">
        <ele>51.4</ele>
        <time>2026-09-15T05:44:05.887Z</time>
      </trkpt>
      <trkpt lat="53.241818" lon="-1.125581">
        <ele>54.2</ele>
        <time>2026-09-15T05:44:59.496Z</time>
      </trkpt>
      <trkpt lat="53.241831" lon="-1.126841">
        <ele>55</ele>
        <time>2026-09-15T05:45:58.134Z</time>
      </trkpt>
      <trkpt lat="53.242058" lon="-1.128479">
        <ele>55.9</ele>
        <time>2026-09-15T05:47:11.749Z</time>
      </trkpt>
      <trkpt lat="53.242629" lon="-1.131683">
        <ele>52.4</ele>
        <time>2026-09-15T05:49:26.598Z</time>
      </trkpt>
      <trkpt lat="53.242844" lon="-1.132166">
        <ele>51.8</ele>
        <time>2026-09-15T05:49:49.903Z</time>
      </trkpt>
      <trkpt lat="53.242897" lon="-1.132535">
        <ele>51.4</ele>
        <time>2026-09-15T05:50:04.618Z</time>
      </trkpt>
      <trkpt lat="53.243587" lon="-1.134102">
        <ele>49.7</ele>
        <time>2026-09-15T05:51:20.752Z</time>
      </trkpt>
      <trkpt lat="53.243568" lon="-1.134526">
        <ele>49.6</ele>
        <time>2026-09-15T05:51:37.580Z</time>
      </trkpt>
      <trkpt lat="53.241796" lon="-1.14057">
        <ele>48.1</ele>
        <time>2026-09-15T05:56:15.279Z</time>
      </trkpt>
      <trkpt lat="53.241622" lon="-1.141572">
        <ele>47.6</ele>
        <time>2026-09-15T05:56:58.217Z</time>
      </trkpt>
      <trkpt lat="53.241826" lon="-1.144527">
        <ele>50.1</ele>
        <time>2026-09-15T05:59:07.709Z</time>
      </trkpt>
      <trkpt lat="53.241697" lon="-1.144898">
        <ele>50.5</ele>
        <time>2026-09-15T05:59:26.861Z</time>
      </trkpt>
      <trkpt lat="53.241471" lon="-1.144995">
        <ele>50.8</ele>
        <time>2026-09-15T05:59:44.267Z</time>
      </trkpt>
      <trkpt lat="53.241444" lon="-1.145228">
        <ele>51</ele>
        <time>2026-09-15T05:59:54.820Z</time>
      </trkpt>
      <trkpt lat="53.241512" lon="-1.145864">
        <ele>51.5</ele>
        <time>2026-09-15T06:00:23.526Z</time>
      </trkpt>
      <trkpt lat="53.241651" lon="-1.146151">
        <ele>51.8</ele>
        <time>2026-09-15T06:00:39.993Z</time>
      </trkpt>
      <trkpt lat="53.241626" lon="-1.14632">
        <ele>52</ele>
        <time>2026-09-15T06:00:47.800Z</time>
      </trkpt>
      <trkpt lat="53.241889" lon="-1.147542">
        <ele>53</ele>
        <time>2026-09-15T06:01:45.616Z</time>
      </trkpt>
      <trkpt lat="53.242123" lon="-1.149405">
        <ele>56.7</ele>
        <time>2026-09-15T06:03:14.171Z</time>
      </trkpt>
      <trkpt lat="53.242203" lon="-1.149486">
        <ele>56.6</ele>
        <time>2026-09-15T06:03:21.430Z</time>
      </trkpt>
      <trkpt lat="53.242289" lon="-1.149312">
        <ele>56.3</ele>
        <time>2026-09-15T06:03:30.161Z</time>
      </trkpt>
      <trkpt lat="53.242961" lon="-1.149093">
        <ele>56.9</ele>
        <time>2026-09-15T06:04:18.646Z</time>
      </trkpt>
      <trkpt lat="53.243722" lon="-1.149078">
        <ele>56.9</ele>
        <time>2026-09-15T06:05:13.011Z</time>
      </trkpt>
      <trkpt lat="53.244119" lon="-1.148854">
        <ele>55.3</ele>
        <time>2026-09-15T06:05:40.611Z</time>
      </trkpt>
      <trkpt lat="53.244833" lon="-1.148832">
        <ele>53.8</ele>
        <time>2026-09-15T06:06:24.651Z</time>
      </trkpt>
      <trkpt lat="53.245753" lon="-1.149064">
        <ele>53.6</ele>
        <time>2026-09-15T06:07:26.872Z</time>
      </trkpt>
      <trkpt lat="53.246136" lon="-1.148651">
        <ele>53.2</ele>
        <time>2026-09-15T06:07:58.214Z</time>
      </trkpt>
      <trkpt lat="53.246322" lon="-1.148746">
        <ele>53.2</ele>
        <time>2026-09-15T06:08:11.476Z</time>
      </trkpt>
      <trkpt lat="53.246771" lon="-1.149332">
        <ele>52.2</ele>
        <time>2026-09-15T06:08:49.086Z</time>
      </trkpt>
      <trkpt lat="53.247141" lon="-1.150202">
        <ele>51.5</ele>
        <time>2026-09-15T06:09:31.055Z</time>
      </trkpt>
      <trkpt lat="53.247915" lon="-1.153101">
        <ele>53.8</ele>
        <time>2026-09-15T06:11:48.029Z</time>
      </trkpt>
      <trkpt lat="53.247923" lon="-1.153374">
        <ele>54.1</ele>
        <time>2026-09-15T06:12:00.177Z</time>
      </trkpt>
      <trkpt lat="53.248021" lon="-1.153514">
        <ele>54.4</ele>
        <time>2026-09-15T06:12:10.042Z</time>
      </trkpt>
      <trkpt lat="53.248154" lon="-1.154585">
        <ele>55.6</ele>
        <time>2026-09-15T06:12:59.823Z</time>
      </trkpt>
      <trkpt lat="53.248449" lon="-1.155842">
        <ele>55.8</ele>
        <time>2026-09-15T06:13:58.911Z</time>
      </trkpt>
      <trkpt lat="53.248414" lon="-1.156297">
        <ele>55.7</ele>
        <time>2026-09-15T06:14:18.239Z</time>
      </trkpt>
      <trkpt lat="53.248802" lon="-1.158098">
        <ele>56.9</ele>
        <time>2026-09-15T06:15:41.349Z</time>
      </trkpt>
      <trkpt lat="53.251299" lon="-1.163278">
        <ele>58.1</ele>
        <time>2026-09-15T06:20:26.327Z</time>
      </trkpt>
      <trkpt lat="53.251365" lon="-1.163652">
        <ele>57.9</ele>
        <time>2026-09-15T06:20:42.862Z</time>
      </trkpt>
      <trkpt lat="53.251628" lon="-1.164163">
        <ele>57.8</ele>
        <time>2026-09-15T06:21:10.543Z</time>
      </trkpt>
      <trkpt lat="53.25167" lon="-1.165003">
        <ele>57.4</ele>
        <time>2026-09-15T06:21:45.034Z</time>
      </trkpt>
      <trkpt lat="53.25203" lon="-1.166158">
        <ele>57.5</ele>
        <time>2026-09-15T06:22:39.101Z</time>
      </trkpt>
      <trkpt lat="53.252058" lon="-1.166497">
        <ele>57.5</ele>
        <time>2026-09-15T06:22:53.524Z</time>
      </trkpt>
      <trkpt lat="53.252596" lon="-1.167675">
        <ele>56.5</ele>
        <time>2026-09-15T06:23:53.145Z</time>
      </trkpt>
      <trkpt lat="53.252612" lon="-1.168064">
        <ele>55.7</ele>
        <time>2026-09-15T06:24:08.330Z</time>
      </trkpt>
      <trkpt lat="53.252838" lon="-1.168297">
        <ele>55.2</ele>
        <time>2026-09-15T06:24:24.806Z</time>
      </trkpt>
      <trkpt lat="53.252988" lon="-1.168693">
        <ele>55</ele>
        <time>2026-09-15T06:24:43.341Z</time>
      </trkpt>
      <trkpt lat="53.253212" lon="-1.169727">
        <ele>54.5</ele>
        <time>2026-09-15T06:25:27.933Z</time>
      </trkpt>
      <trkpt lat="53.253418" lon="-1.169992">
        <ele>54.4</ele>
        <time>2026-09-15T06:25:45.626Z</time>
      </trkpt>
      <trkpt lat="53.253986" lon="-1.170187">
        <ele>54.2</ele>
        <time>2026-09-15T06:26:25.637Z</time>
      </trkpt>
      <trkpt lat="53.25434" lon="-1.169999">
        <ele>54</ele>
        <time>2026-09-15T06:26:51.191Z</time>
      </trkpt>
      <trkpt lat="53.254724" lon="-1.170042">
        <ele>53.9</ele>
        <time>2026-09-15T06:27:17.697Z</time>
      </trkpt>
      <trkpt lat="53.255105" lon="-1.170312">
        <ele>53.7</ele>
        <time>2026-09-15T06:27:46.228Z</time>
      </trkpt>
      <trkpt lat="53.25549" lon="-1.170169">
        <ele>53.8</ele>
        <time>2026-09-15T06:28:13.731Z</time>
      </trkpt>
      <trkpt lat="53.256084" lon="-1.170332">
        <ele>54.7</ele>
        <time>2026-09-15T06:28:57.842Z</time>
      </trkpt>
      <trkpt lat="53.256913" lon="-1.170192">
        <ele>56.1</ele>
        <time>2026-09-15T06:30:00.453Z</time>
      </trkpt>
      <trkpt lat="53.257326" lon="-1.170229">
        <ele>56.8</ele>
        <time>2026-09-15T06:30:31.636Z</time>
      </trkpt>
      <trkpt lat="53.257492" lon="-1.170385">
        <ele>57</ele>
        <time>2026-09-15T06:30:45.880Z</time>
      </trkpt>
      <trkpt lat="53.257283" lon="-1.171013">
        <ele>56.8</ele>
        <time>2026-09-15T06:31:16.027Z</time>
      </trkpt>
      <trkpt lat="53.257015" lon="-1.171344">
        <ele>56.4</ele>
        <time>2026-09-15T06:31:38.568Z</time>
      </trkpt>
      <trkpt lat="53.256735" lon="-1.171992">
        <ele>55.3</ele>
        <time>2026-09-15T06:32:09.340Z</time>
      </trkpt>
      <trkpt lat="53.256428" lon="-1.172267">
        <ele>55</ele>
        <time>2026-09-15T06:32:31.919Z</time>
      </trkpt>
      <trkpt lat="53.25552" lon="-1.173938">
        <ele>54.7</ele>
        <time>2026-09-15T06:34:05.118Z</time>
      </trkpt>
      <trkpt lat="53.2538" lon="-1.177479">
        <ele>57.6</ele>
        <time>2026-09-15T06:37:21.954Z</time>
      </trkpt>
      <trkpt lat="53.253004" lon="-1.178146">
        <ele>60.3</ele>
        <time>2026-09-15T06:38:28.711Z</time>
      </trkpt>
      <trkpt lat="53.252904" lon="-1.178434">
        <ele>61.1</ele>
        <time>2026-09-15T06:38:44.645Z</time>
      </trkpt>
      <trkpt lat="53.253186" lon="-1.180051">
        <ele>64.5</ele>
        <time>2026-09-15T06:40:06.020Z</time>
      </trkpt>
      <trkpt lat="53.254597" lon="-1.182972">
        <ele>66.3</ele>
        <time>2026-09-15T06:42:54.769Z</time>
      </trkpt>
      <trkpt lat="53.255191" lon="-1.184676">
        <ele>67.2</ele>
        <time>2026-09-15T06:44:20.435Z</time>
      </trkpt>
      <trkpt lat="53.255196" lon="-1.185173">
        <ele>69.7</ele>
        <time>2026-09-15T06:44:43.416Z</time>
      </trkpt>
      <trkpt lat="53.255431" lon="-1.18524">
        <ele>72</ele>
        <time>2026-09-15T06:45:05.710Z</time>
      </trkpt>
      <trkpt lat="53.256017" lon="-1.185935">
        <ele>74.8</ele>
        <time>2026-09-15T06:46:07.324Z</time>
      </trkpt>
      <trkpt lat="53.256364" lon="-1.18645">
        <ele>74.4</ele>
        <time>2026-09-15T06:46:42.802Z</time>
      </trkpt>
      <trkpt lat="53.256899" lon="-1.187338">
        <ele>70.7</ele>
        <time>2026-09-15T06:47:27.905Z</time>
      </trkpt>
      <trkpt lat="53.256982" lon="-1.187747">
        <ele>70.2</ele>
        <time>2026-09-15T06:47:43.121Z</time>
      </trkpt>
      <trkpt lat="53.257118" lon="-1.187861">
        <ele>70.1</ele>
        <time>2026-09-15T06:47:53.092Z</time>
      </trkpt>
      <trkpt lat="53.257521" lon="-1.188752">
        <ele>70.9</ele>
        <time>2026-09-15T06:48:40.342Z</time>
      </trkpt>
      <trkpt lat="53.258696" lon="-1.191673">
        <ele>75.6</ele>
        <time>2026-09-15T06:51:21.033Z</time>
      </trkpt>
      <trkpt lat="53.259655" lon="-1.194888">
        <ele>77.1</ele>
        <time>2026-09-15T06:54:01.555Z</time>
      </trkpt>
      <trkpt lat="53.260277" lon="-1.196217">
        <ele>81.6</ele>
        <time>2026-09-15T06:55:18.329Z</time>
      </trkpt>
      <trkpt lat="53.260398" lon="-1.196628">
        <ele>83.5</ele>
        <time>2026-09-15T06:55:41.585Z</time>
      </trkpt>
      <trkpt lat="53.260397" lon="-1.197058">
        <ele>85.6</ele>
        <time>2026-09-15T06:56:04.940Z</time>
      </trkpt>
      <trkpt lat="53.260281" lon="-1.198368">
        <ele>93.3</ele>
        <time>2026-09-15T06:57:19.536Z</time>
      </trkpt>
      <trkpt lat="53.259956" lon="-1.20094">
        <ele>95.6</ele>
        <time>2026-09-15T06:59:29.822Z</time>
      </trkpt>
      <trkpt lat="53.259963" lon="-1.202039">
        <ele>90.8</ele>
        <time>2026-09-15T07:00:13.608Z</time>
      </trkpt>
      <trkpt lat="53.260466" lon="-1.202434">
        <ele>79.1</ele>
        <time>2026-09-15T07:00:36.200Z</time>
      </trkpt>
      <trkpt lat="53.260778" lon="-1.202334">
        <ele>76.3</ele>
        <time>2026-09-15T07:00:48.409Z</time>
      </trkpt>
      <trkpt lat="53.261057" lon="-1.202318">
        <ele>74.1</ele>
        <time>2026-09-15T07:01:01.749Z</time>
      </trkpt>
      <trkpt lat="53.261257" lon="-1.20255">
        <ele>73.2</ele>
        <time>2026-09-15T07:01:14.653Z</time>
      </trkpt>
      <trkpt lat="53.261753" lon="-1.201496">
        <ele>72</ele>
        <time>2026-09-15T07:02:05.881Z</time>
      </trkpt>
      <trkpt lat="53.26223" lon="-1.199185">
        <ele>72.4</ele>
        <time>2026-09-15T07:03:46.799Z</time>
      </trkpt>
      <trkpt lat="53.262786" lon="-1.19769">
        <ele>72.4</ele>
        <time>2026-09-15T07:05:01.169Z</time>
      </trkpt>
      <trkpt lat="53.263411" lon="-1.196645">
        <ele>73.5</ele>
        <time>2026-09-15T07:06:04.736Z</time>
      </trkpt>
      <trkpt lat="53.263692" lon="-1.196402">
        <ele>74.8</ele>
        <time>2026-09-15T07:06:28.894Z</time>
      </trkpt>
      <trkpt lat="53.264044" lon="-1.196357">
        <ele>76.6</ele>
        <time>2026-09-15T07:06:58.526Z</time>
      </trkpt>
      <trkpt lat="53.264155" lon="-1.196184">
        <ele>77.4</ele>
        <time>2026-09-15T07:07:11.470Z</time>
      </trkpt>
      <trkpt lat="53.263744" lon="-1.195222">
        <ele>74.7</ele>
        <time>2026-09-15T07:07:56.187Z</time>
      </trkpt>
      <trkpt lat="53.263606" lon="-1.194529">
        <ele>72.2</ele>
        <time>2026-09-15T07:08:20.888Z</time>
      </trkpt>
      <trkpt lat="53.264276" lon="-1.19182">
        <ele>70.9</ele>
        <time>2026-09-15T07:10:14.330Z</time>
      </trkpt>
      <trkpt lat="53.264491" lon="-1.191356">
        <ele>70.8</ele>
        <time>2026-09-15T07:10:38.237Z</time>
      </trkpt>
      <trkpt lat="53.264418" lon="-1.191361">
        <ele>70.8</ele>
        <time>2026-09-15T07:10:43.329Z</time>
      </trkpt>
      <trkpt lat="53.264472" lon="-1.191468">
        <ele>70.8</ele>
        <time>2026-09-15T07:10:49.165Z</time>
      </trkpt>
      <trkpt lat="53.264379" lon="-1.191481">
        <ele>70.8</ele>
        <time>2026-09-15T07:10:55.710Z</time>
      </trkpt>
      <trkpt lat="53.264465" lon="-1.191455">
        <ele>70.8</ele>
        <time>2026-09-15T07:11:01.838Z</time>
      </trkpt>
      <trkpt lat="53.264417" lon="-1.191512">
        <ele>70.8</ele>
        <time>2026-09-15T07:11:05.869Z</time>
      </trkpt>
      <trkpt lat="53.264458" lon="-1.190895">
        <ele>70.4</ele>
        <time>2026-09-15T07:11:31.297Z</time>
      </trkpt>
      <trkpt lat="53.264654" lon="-1.190404">
        <ele>69.7</ele>
        <time>2026-09-15T07:11:54.502Z</time>
      </trkpt>
      <trkpt lat="53.264934" lon="-1.188842">
        <ele>67.1</ele>
        <time>2026-09-15T07:12:55.382Z</time>
      </trkpt>
      <trkpt lat="53.264914" lon="-1.18763">
        <ele>65.6</ele>
        <time>2026-09-15T07:13:40.807Z</time>
      </trkpt>
      <trkpt lat="53.264291" lon="-1.184973">
        <ele>62.2</ele>
        <time>2026-09-15T07:15:29.781Z</time>
      </trkpt>
      <trkpt lat="53.264144" lon="-1.183752">
        <ele>61.3</ele>
        <time>2026-09-15T07:16:17.936Z</time>
      </trkpt>
      <trkpt lat="53.264187" lon="-1.179239">
        <ele>59.9</ele>
        <time>2026-09-15T07:19:21.576Z</time>
      </trkpt>
      <trkpt lat="53.264424" lon="-1.174643">
        <ele>59.4</ele>
        <time>2026-09-15T07:22:32.038Z</time>
      </trkpt>
      <trkpt lat="53.264403" lon="-1.173795">
        <ele>59.6</ele>
        <time>2026-09-15T07:23:07.490Z</time>
      </trkpt>
      <trkpt lat="53.264223" lon="-1.172626">
        <ele>60.4</ele>
        <time>2026-09-15T07:23:59.969Z</time>
      </trkpt>
      <trkpt lat="53.264371" lon="-1.171731">
        <ele>61.6</ele>
        <time>2026-09-15T07:24:41.641Z</time>
      </trkpt>
      <trkpt lat="53.26518" lon="-1.169869">
        <ele>69</ele>
        <time>2026-09-15T07:26:36.522Z</time>
      </trkpt>
      <trkpt lat="53.265209" lon="-1.169525">
        <ele>70.4</ele>
        <time>2026-09-15T07:26:54.457Z</time>
      </trkpt>
      <trkpt lat="53.263831" lon="-1.166585">
        <ele>69.3</ele>
        <time>2026-09-15T07:29:31.989Z</time>
      </trkpt>
      <trkpt lat="53.264813" lon="-1.165799">
        <ele>66.8</ele>
        <time>2026-09-15T07:30:44.629Z</time>
      </trkpt>
      <trkpt lat="53.265679" lon="-1.164569">
        <ele>64.2</ele>
        <time>2026-09-15T07:31:56.215Z</time>
      </trkpt>
      <trkpt lat="53.266227" lon="-1.16439">
        <ele>63.5</ele>
        <time>2026-09-15T07:32:31.976Z</time>
      </trkpt>
      <trkpt lat="53.266726" lon="-1.163649">
        <ele>61.5</ele>
        <time>2026-09-15T07:33:14.202Z</time>
      </trkpt>
      <trkpt lat="53.267088" lon="-1.162115">
        <ele>56.7</ele>
        <time>2026-09-15T07:34:11.130Z</time>
      </trkpt>
      <trkpt lat="53.267417" lon="-1.161348">
        <ele>55.2</ele>
        <time>2026-09-15T07:34:43.791Z</time>
      </trkpt>
      <trkpt lat="53.267141" lon="-1.160423">
        <ele>54.6</ele>
        <time>2026-09-15T07:35:23.714Z</time>
      </trkpt>
      <trkpt lat="53.266952" lon="-1.160195">
        <ele>54.4</ele>
        <time>2026-09-15T07:35:39.367Z</time>
      </trkpt>
      <trkpt lat="53.266985" lon="-1.159328">
        <ele>53.5</ele>
        <time>2026-09-15T07:36:13.423Z</time>
      </trkpt>
      <trkpt lat="53.266588" lon="-1.158886">
        <ele>53.3</ele>
        <time>2026-09-15T07:36:45.214Z</time>
      </trkpt>
      <trkpt lat="53.266593" lon="-1.158742">
        <ele>53.3</ele>
        <time>2026-09-15T07:36:51.167Z</time>
      </trkpt>
      <trkpt lat="53.266984" lon="-1.157859">
        <ele>53.8</ele>
        <time>2026-09-15T07:37:38.639Z</time>
      </trkpt>
      <trkpt lat="53.268491" lon="-1.155471">
        <ele>56.9</ele>
        <time>2026-09-15T07:40:12.820Z</time>
      </trkpt>
      <trkpt lat="53.26955" lon="-1.153558">
        <ele>58.8</ele>
        <time>2026-09-15T07:42:08.872Z</time>
      </trkpt>
      <trkpt lat="53.270304" lon="-1.152389">
        <ele>59.4</ele>
        <time>2026-09-15T07:43:24.104Z</time>
      </trkpt>
      <trkpt lat="53.272141" lon="-1.149941">
        <ele>66.9</ele>
        <time>2026-09-15T07:46:26.323Z</time>
      </trkpt>
      <trkpt lat="53.27215" lon="-1.149537">
        <ele>66.5</ele>
        <time>2026-09-15T07:46:45.324Z</time>
      </trkpt>
      <trkpt lat="53.272417" lon="-1.149229">
        <ele>66.6</ele>
        <time>2026-09-15T07:47:07.530Z</time>
      </trkpt>
      <trkpt lat="53.271538" lon="-1.147939">
        <ele>67.8</ele>
        <time>2026-09-15T07:48:32.744Z</time>
      </trkpt>
      <trkpt lat="53.271394" lon="-1.147065">
        <ele>69.9</ele>
        <time>2026-09-15T07:49:14.025Z</time>
      </trkpt>
      <trkpt lat="53.271465" lon="-1.146483">
        <ele>71.9</ele>
        <time>2026-09-15T07:49:43.784Z</time>
      </trkpt>
      <trkpt lat="53.271394" lon="-1.145929">
        <ele>74.5</ele>
        <time>2026-09-15T07:50:13.891Z</time>
      </trkpt>
      <trkpt lat="53.271524" lon="-1.14547">
        <ele>76.6</ele>
        <time>2026-09-15T07:50:41.333Z</time>
      </trkpt>
      <trkpt lat="53.271475" lon="-1.145209">
        <ele>77.8</ele>
        <time>2026-09-15T07:50:56.026Z</time>
      </trkpt>
      <trkpt lat="53.271639" lon="-1.144318">
        <ele>82.5</ele>
        <time>2026-09-15T07:51:47.371Z</time>
      </trkpt>
      <trkpt lat="53.272049" lon="-1.14391">
        <ele>88.7</ele>
        <time>2026-09-15T07:52:33.184Z</time>
      </trkpt>
      <trkpt lat="53.272064" lon="-1.143753">
        <ele>90.6</ele>
        <time>2026-09-15T07:52:42.607Z</time>
      </trkpt>
      <trkpt lat="53.272235" lon="-1.14369">
        <ele>92.6</ele>
        <time>2026-09-15T07:52:59.982Z</time>
      </trkpt>
      <trkpt lat="53.272333" lon="-1.143445">
        <ele>94.6</ele>
        <time>2026-09-15T07:53:17.473Z</time>
      </trkpt>
      <trkpt lat="53.272529" lon="-1.142031">
        <ele>102.5</ele>
        <time>2026-09-15T07:54:40.778Z</time>
      </trkpt>
      <trkpt lat="53.272633" lon="-1.141808">
        <ele>103.2</ele>
        <time>2026-09-15T07:54:56.387Z</time>
      </trkpt>
      <trkpt lat="53.272688" lon="-1.140962">
        <ele>103.4</ele>
        <time>2026-09-15T07:55:34.194Z</time>
      </trkpt>
      <trkpt lat="53.272196" lon="-1.139197">
        <ele>101.6</ele>
        <time>2026-09-15T07:56:52.354Z</time>
      </trkpt>
      <trkpt lat="53.272146" lon="-1.137755">
        <ele>101.9</ele>
        <time>2026-09-15T07:57:50.916Z</time>
      </trkpt>
      <trkpt lat="53.272062" lon="-1.137423">
        <ele>102.1</ele>
        <time>2026-09-15T07:58:06.348Z</time>
      </trkpt>
      <trkpt lat="53.272044" lon="-1.136171">
        <ele>102</ele>
        <time>2026-09-15T07:58:59.112Z</time>
      </trkpt>
      <trkpt lat="53.272115" lon="-1.135591">
        <ele>102.2</ele>
        <time>2026-09-15T07:59:24.041Z</time>
      </trkpt>
      <trkpt lat="53.272039" lon="-1.135258">
        <ele>102.1</ele>
        <time>2026-09-15T07:59:39.106Z</time>
      </trkpt>
      <trkpt lat="53.272117" lon="-1.134414">
        <ele>101.4</ele>
        <time>2026-09-15T08:00:13.146Z</time>
      </trkpt>
      <trkpt lat="53.272065" lon="-1.133604">
        <ele>101.3</ele>
        <time>2026-09-15T08:00:46.080Z</time>
      </trkpt>
      <trkpt lat="53.272129" lon="-1.133322">
        <ele>101.2</ele>
        <time>2026-09-15T08:00:58.558Z</time>
      </trkpt>
      <trkpt lat="53.272114" lon="-1.132376">
        <ele>101.1</ele>
        <time>2026-09-15T08:01:37.765Z</time>
      </trkpt>
      <trkpt lat="53.272227" lon="-1.131823">
        <ele>101.5</ele>
        <time>2026-09-15T08:02:02.633Z</time>
      </trkpt>
      <trkpt lat="53.272383" lon="-1.131661">
        <ele>101.5</ele>
        <time>2026-09-15T08:02:15.944Z</time>
      </trkpt>
      <trkpt lat="53.272321" lon="-1.131464">
        <ele>101.6</ele>
        <time>2026-09-15T08:02:25.410Z</time>
      </trkpt>
      <trkpt lat="53.272398" lon="-1.130504">
        <ele>101.5</ele>
        <time>2026-09-15T08:03:06.029Z</time>
      </trkpt>
      <trkpt lat="53.272813" lon="-1.129085">
        <ele>102.6</ele>
        <time>2026-09-15T08:04:14.224Z</time>
      </trkpt>
      <trkpt lat="53.272875" lon="-1.128218">
        <ele>102.9</ele>
        <time>2026-09-15T08:04:52.408Z</time>
      </trkpt>
      <trkpt lat="53.273136" lon="-1.127156">
        <ele>103.4</ele>
        <time>2026-09-15T08:05:41.989Z</time>
      </trkpt>
      <trkpt lat="53.273174" lon="-1.126477">
        <ele>103.2</ele>
        <time>2026-09-15T08:06:10.939Z</time>
      </trkpt>
      <trkpt lat="53.273104" lon="-1.126089">
        <ele>103.2</ele>
        <time>2026-09-15T08:06:27.698Z</time>
      </trkpt>
      <trkpt lat="53.273308" lon="-1.12479">
        <ele>103.6</ele>
        <time>2026-09-15T08:07:24.988Z</time>
      </trkpt>
      <trkpt lat="53.273328" lon="-1.124352">
        <ele>103.7</ele>
        <time>2026-09-15T08:07:43.797Z</time>
      </trkpt>
      <trkpt lat="53.273287" lon="-1.123883">
        <ele>103.5</ele>
        <time>2026-09-15T08:08:03.509Z</time>
      </trkpt>
      <trkpt lat="53.273403" lon="-1.123352">
        <ele>102.9</ele>
        <time>2026-09-15T08:08:25.849Z</time>
      </trkpt>
      <trkpt lat="53.273432" lon="-1.122129">
        <ele>102.1</ele>
        <time>2026-09-15T08:09:14.170Z</time>
      </trkpt>
      <trkpt lat="53.273661" lon="-1.121523">
        <ele>101.8</ele>
        <time>2026-09-15T08:09:42.952Z</time>
      </trkpt>
      <trkpt lat="53.273663" lon="-1.120902">
        <ele>101.8</ele>
        <time>2026-09-15T08:10:08.555Z</time>
      </trkpt>
      <trkpt lat="53.273616" lon="-1.120645">
        <ele>101.8</ele>
        <time>2026-09-15T08:10:19.825Z</time>
      </trkpt>
      <trkpt lat="53.273871" lon="-1.118441">
        <ele>98.9</ele>
        <time>2026-09-15T08:11:45.877Z</time>
      </trkpt>
      <trkpt lat="53.273902" lon="-1.117415">
        <ele>97.8</ele>
        <time>2026-09-15T08:12:25.041Z</time>
      </trkpt>
      <trkpt lat="53.274075" lon="-1.117018">
        <ele>97.3</ele>
        <time>2026-09-15T08:12:44.021Z</time>
      </trkpt>
      <trkpt lat="53.2744" lon="-1.114929">
        <ele>95</ele>
        <time>2026-09-15T08:14:07.405Z</time>
      </trkpt>
      <trkpt lat="53.274588" lon="-1.114425">
        <ele>94.2</ele>
        <time>2026-09-15T08:14:30.223Z</time>
      </trkpt>
      <trkpt lat="53.274562" lon="-1.114012">
        <ele>93.6</ele>
        <time>2026-09-15T08:14:45.847Z</time>
      </trkpt>
      <trkpt lat="53.274606" lon="-1.113399">
        <ele>92.6</ele>
        <time>2026-09-15T08:15:08.774Z</time>
      </trkpt>
      <trkpt lat="53.274877" lon="-1.112111">
        <ele>90.8</ele>
        <time>2026-09-15T08:16:00.040Z</time>
      </trkpt>
      <trkpt lat="53.274916" lon="-1.11131">
        <ele>90.1</ele>
        <time>2026-09-15T08:16:30.847Z</time>
      </trkpt>
      <trkpt lat="53.27527" lon="-1.108928">
        <ele>89.1</ele>
        <time>2026-09-15T08:18:09.741Z</time>
      </trkpt>
      <trkpt lat="53.275532" lon="-1.107629">
        <ele>89.7</ele>
        <time>2026-09-15T08:19:06.776Z</time>
      </trkpt>
      <trkpt lat="53.275478" lon="-1.107151">
        <ele>89.9</ele>
        <time>2026-09-15T08:19:27.833Z</time>
      </trkpt>
      <trkpt lat="53.275706" lon="-1.106379">
        <ele>88.3</ele>
        <time>2026-09-15T08:20:01.140Z</time>
      </trkpt>
      <trkpt lat="53.275711" lon="-1.105745">
        <ele>86.9</ele>
        <time>2026-09-15T08:20:23.832Z</time>
      </trkpt>
      <trkpt lat="53.275782" lon="-1.105352">
        <ele>86.2</ele>
        <time>2026-09-15T08:20:38.638Z</time>
      </trkpt>
      <trkpt lat="53.275883" lon="-1.105086">
        <ele>85.7</ele>
        <time>2026-09-15T08:20:50.239Z</time>
      </trkpt>
      <trkpt lat="53.275877" lon="-1.104484">
        <ele>84.9</ele>
        <time>2026-09-15T08:21:12.674Z</time>
      </trkpt>
      <trkpt lat="53.276097" lon="-1.103574">
        <ele>85.1</ele>
        <time>2026-09-15T08:21:52.662Z</time>
      </trkpt>
      <trkpt lat="53.276109" lon="-1.102914">
        <ele>84.1</ele>
        <time>2026-09-15T08:22:19.337Z</time>
      </trkpt>
      <trkpt lat="53.27623" lon="-1.102551">
        <ele>83.3</ele>
        <time>2026-09-15T08:22:34.617Z</time>
      </trkpt>
      <trkpt lat="53.278423" lon="-1.08478">
        <ele>56.9</ele>
        <time>2026-09-15T08:33:52.963Z</time>
      </trkpt>
      <trkpt lat="53.278169" lon="-1.084803">
        <ele>57</ele>
        <time>2026-09-15T08:34:08.974Z</time>
      </trkpt>
      <trkpt lat="53.278361" lon="-1.084782">
        <ele>57.2</ele>
        <time>2026-09-15T08:34:22.922Z</time>
      </trkpt>
      <trkpt lat="53.278361" lon="-1.084623">
        <ele>57.3</ele>
        <time>2026-09-15T08:34:29.918Z</time>
      </trkpt>
      <trkpt lat="53.278371" lon="-1.084828">
        <ele>57.4</ele>
        <time>2026-09-15T08:34:39.047Z</time>
      </trkpt>
      <trkpt lat="53.278333" lon="-1.08487">
        <ele>57.7</ele>
        <time>2026-09-15T08:34:42.427Z</time>
      </trkpt>
      <trkpt lat="53.278328" lon="-1.084691">
        <ele>57.8</ele>
        <time>2026-09-15T08:34:50.416Z</time>
      </trkpt>
      <trkpt lat="53.278452" lon="-1.084701">
        <ele>57.9</ele>
        <time>2026-09-15T08:34:59.671Z</time>
      </trkpt>
      <trkpt lat="53.277608" lon="-1.083282">
        <ele>58.7</ele>
        <time>2026-09-15T08:36:26.898Z</time>
      </trkpt>
      <trkpt lat="53.276869" lon="-1.08231">
        <ele>59.3</ele>
        <time>2026-09-15T08:37:34.768Z</time>
      </trkpt>
      <trkpt lat="53.276569" lon="-1.081609">
        <ele>58.7</ele>
        <time>2026-09-15T08:38:10.914Z</time>
      </trkpt>
      <trkpt lat="53.275841" lon="-1.080387">
        <ele>56.6</ele>
        <time>2026-09-15T08:39:17.615Z</time>
      </trkpt>
      <trkpt lat="53.275416" lon="-1.079896">
        <ele>55.1</ele>
        <time>2026-09-15T08:39:50.104Z</time>
      </trkpt>
      <trkpt lat="53.274759" lon="-1.078617">
        <ele>54.6</ele>
        <time>2026-09-15T08:40:56.657Z</time>
      </trkpt>
      <trkpt lat="53.27454" lon="-1.078541">
        <ele>54.2</ele>
        <time>2026-09-15T08:41:11.828Z</time>
      </trkpt>
      <trkpt lat="53.274223" lon="-1.077995">
        <ele>53.5</ele>
        <time>2026-09-15T08:41:41.430Z</time>
      </trkpt>
      <trkpt lat="53.273735" lon="-1.077562">
        <ele>52.4</ele>
        <time>2026-09-15T08:42:17.084Z</time>
      </trkpt>
      <trkpt lat="53.273294" lon="-1.076817">
        <ele>52.2</ele>
        <time>2026-09-15T08:42:58.872Z</time>
      </trkpt>
      <trkpt lat="53.272865" lon="-1.07623">
        <ele>52.8</ele>
        <time>2026-09-15T08:43:38.335Z</time>
      </trkpt>
      <trkpt lat="53.271805" lon="-1.07494">
        <ele>54.6</ele>
        <time>2026-09-15T08:45:15.565Z</time>
      </trkpt>
      <trkpt lat="53.271608" lon="-1.074426">
        <ele>54.7</ele>
        <time>2026-09-15T08:45:42.468Z</time>
      </trkpt>
      <trkpt lat="53.27133" lon="-1.074102">
        <ele>55</ele>
        <time>2026-09-15T08:46:06.837Z</time>
      </trkpt>
      <trkpt lat="53.270781" lon="-1.07377">
        <ele>54.9</ele>
        <time>2026-09-15T08:46:48.175Z</time>
      </trkpt>
      <trkpt lat="53.27077" lon="-1.073539">
        <ele>54.9</ele>
        <time>2026-09-15T08:46:57.832Z</time>
      </trkpt>
      <trkpt lat="53.270555" lon="-1.073092">
        <ele>55.1</ele>
        <time>2026-09-15T08:47:22.338Z</time>
      </trkpt>
      <trkpt lat="53.270755" lon="-1.072402">
        <ele>55.4</ele>
        <time>2026-09-15T08:47:55.395Z</time>
      </trkpt>
      <trkpt lat="53.271096" lon="-1.072116">
        <ele>55.8</ele>
        <time>2026-09-15T08:48:23.148Z</time>
      </trkpt>
      <trkpt lat="53.271604" lon="-1.071344">
        <ele>56.7</ele>
        <time>2026-09-15T08:49:13.910Z</time>
      </trkpt>
      <trkpt lat="53.27196" lon="-1.071142">
        <ele>56.4</ele>
        <time>2026-09-15T08:49:40.942Z</time>
      </trkpt>
      <trkpt lat="53.272478" lon="-1.070494">
        <ele>55.5</ele>
        <time>2026-09-15T08:50:23.921Z</time>
      </trkpt>
      <trkpt lat="53.27308" lon="-1.070157">
        <ele>55.4</ele>
        <time>2026-09-15T08:51:06.881Z</time>
      </trkpt>
      <trkpt lat="53.273744" lon="-1.06952">
        <ele>54.7</ele>
        <time>2026-09-15T08:51:59.184Z</time>
      </trkpt>
      <trkpt lat="53.273807" lon="-1.069301">
        <ele>54.6</ele>
        <time>2026-09-15T08:52:08.974Z</time>
      </trkpt>
      <trkpt lat="53.276146" lon="-1.067289">
        <ele>50.9</ele>
        <time>2026-09-15T08:55:02.126Z</time>
      </trkpt>
      <trkpt lat="53.277626" lon="-1.065774">
        <ele>48.3</ele>
        <time>2026-09-15T08:56:55.958Z</time>
      </trkpt>
      <trkpt lat="53.277639" lon="-1.065596">
        <ele>47.9</ele>
        <time>2026-09-15T08:57:02.930Z</time>
      </trkpt>
      <trkpt lat="53.27848" lon="-1.064249">
        <ele>43.4</ele>
        <time>2026-09-15T08:58:10.981Z</time>
      </trkpt>
      <trkpt lat="53.278472" lon="-1.064136">
        <ele>43.1</ele>
        <time>2026-09-15T08:58:14.972Z</time>
      </trkpt>
      <trkpt lat="53.278679" lon="-1.063959">
        <ele>42.3</ele>
        <time>2026-09-15T08:58:28.805Z</time>
      </trkpt>
      <trkpt lat="53.27866" lon="-1.063841">
        <ele>42.1</ele>
        <time>2026-09-15T08:58:33.151Z</time>
      </trkpt>
      <trkpt lat="53.278952" lon="-1.063244">
        <ele>41.3</ele>
        <time>2026-09-15T08:59:01.894Z</time>
      </trkpt>
      <trkpt lat="53.27938" lon="-1.062689">
        <ele>41.2</ele>
        <time>2026-09-15T08:59:38.342Z</time>
      </trkpt>
      <trkpt lat="53.279666" lon="-1.061998">
        <ele>41.7</ele>
        <time>2026-09-15T09:00:14.186Z</time>
      </trkpt>
      <trkpt lat="53.279817" lon="-1.061923">
        <ele>41.9</ele>
        <time>2026-09-15T09:00:25.757Z</time>
      </trkpt>
      <trkpt lat="53.279959" lon="-1.061485">
        <ele>42</ele>
        <time>2026-09-15T09:00:47.265Z</time>
      </trkpt>
      <trkpt lat="53.280559" lon="-1.06063">
        <ele>42.3</ele>
        <time>2026-09-15T09:01:43.456Z</time>
      </trkpt>
      <trkpt lat="53.280731" lon="-1.06017">
        <ele>42.5</ele>
        <time>2026-09-15T09:02:06.663Z</time>
      </trkpt>
      <trkpt lat="53.280976" lon="-1.059957">
        <ele>42.8</ele>
        <time>2026-09-15T09:02:26.749Z</time>
      </trkpt>
      <trkpt lat="53.281852" lon="-1.058702">
        <ele>44.5</ele>
        <time>2026-09-15T09:03:52.696Z</time>
      </trkpt>
      <trkpt lat="53.282043" lon="-1.058157">
        <ele>45</ele>
        <time>2026-09-15T09:04:20.884Z</time>
      </trkpt>
      <trkpt lat="53.282503" lon="-1.057764">
        <ele>46</ele>
        <time>2026-09-15T09:04:59.817Z</time>
      </trkpt>
      <trkpt lat="53.282999" lon="-1.056905">
        <ele>47.8</ele>
        <time>2026-09-15T09:05:54.938Z</time>
      </trkpt>
      <trkpt lat="53.283068" lon="-1.057028">
        <ele>48</ele>
        <time>2026-09-15T09:06:02.777Z</time>
      </trkpt>
      <trkpt lat="53.284004" lon="-1.05566">
        <ele>51.4</ele>
        <time>2026-09-15T09:07:40.244Z</time>
      </trkpt>
      <trkpt lat="53.284265" lon="-1.055475">
        <ele>52.3</ele>
        <time>2026-09-15T09:08:02.588Z</time>
      </trkpt>
      <trkpt lat="53.284697" lon="-1.054877">
        <ele>53.9</ele>
        <time>2026-09-15T09:08:47.026Z</time>
      </trkpt>
      <trkpt lat="53.28494" lon="-1.054403">
        <ele>54.4</ele>
        <time>2026-09-15T09:09:15.813Z</time>
      </trkpt>
      <trkpt lat="53.285201" lon="-1.054296">
        <ele>55</ele>
        <time>2026-09-15T09:09:36.099Z</time>
      </trkpt>
      <trkpt lat="53.285379" lon="-1.053828">
        <ele>55.8</ele>
        <time>2026-09-15T09:10:01.756Z</time>
      </trkpt>
      <trkpt lat="53.285763" lon="-1.053355">
        <ele>56</ele>
        <time>2026-09-15T09:10:37.049Z</time>
      </trkpt>
      <trkpt lat="53.285966" lon="-1.05289">
        <ele>55.6</ele>
        <time>2026-09-15T09:11:00.923Z</time>
      </trkpt>
      <trkpt lat="53.286148" lon="-1.052107">
        <ele>54.9</ele>
        <time>2026-09-15T09:11:34.093Z</time>
      </trkpt>
      <trkpt lat="53.28725" lon="-1.045334">
        <ele>50.7</ele>
        <time>2026-09-15T09:16:14.600Z</time>
      </trkpt>
      <trkpt lat="53.287489" lon="-1.044004">
        <ele>49.3</ele>
        <time>2026-09-15T09:17:09.913Z</time>
      </trkpt>
      <trkpt lat="53.287621" lon="-1.043725">
        <ele>48.8</ele>
        <time>2026-09-15T09:17:23.487Z</time>
      </trkpt>
      <trkpt lat="53.28759" lon="-1.043406">
        <ele>48.2</ele>
        <time>2026-09-15T09:17:35.416Z</time>
      </trkpt>
      <trkpt lat="53.288116" lon="-1.040573">
        <ele>42</ele>
        <time>2026-09-15T09:19:21.589Z</time>
      </trkpt>
      <trkpt lat="53.288077" lon="-1.040467">
        <ele>42</ele>
        <time>2026-09-15T09:19:26.042Z</time>
      </trkpt>
      <trkpt lat="53.287761" lon="-1.039997">
        <ele>41.3</ele>
        <time>2026-09-15T09:19:53.827Z</time>
      </trkpt>
      <trkpt lat="53.286176" lon="-1.038545">
        <ele>39.4</ele>
        <time>2026-09-15T09:21:53.933Z</time>
      </trkpt>
      <trkpt lat="53.286079" lon="-1.038688">
        <ele>38.8</ele>
        <time>2026-09-15T09:22:02.475Z</time>
      </trkpt>
      <trkpt lat="53.284458" lon="-1.039349">
        <ele>43.1</ele>
        <time>2026-09-15T09:24:10.183Z</time>
      </trkpt>
      <trkpt lat="53.284058" lon="-1.039702">
        <ele>44.4</ele>
        <time>2026-09-15T09:24:45.595Z</time>
      </trkpt>
      <trkpt lat="53.284003" lon="-1.039875">
        <ele>44.8</ele>
        <time>2026-09-15T09:24:54.923Z</time>
      </trkpt>
      <trkpt lat="53.283907" lon="-1.039787">
        <ele>45.2</ele>
        <time>2026-09-15T09:25:03.778Z</time>
      </trkpt>
      <trkpt lat="53.282851" lon="-1.042321">
        <ele>48.7</ele>
        <time>2026-09-15T09:27:25.218Z</time>
      </trkpt>
      <trkpt lat="53.282542" lon="-1.042305">
        <ele>48.8</ele>
        <time>2026-09-15T09:27:48.512Z</time>
      </trkpt>
      <trkpt lat="53.281497" lon="-1.042998">
        <ele>49</ele>
        <time>2026-09-15T09:29:08.085Z</time>
      </trkpt>
      <trkpt lat="53.280532" lon="-1.043276">
        <ele>49.3</ele>
        <time>2026-09-15T09:30:17.488Z</time>
      </trkpt>
      <trkpt lat="53.28013" lon="-1.042931">
        <ele>49.4</ele>
        <time>2026-09-15T09:30:49.570Z</time>
      </trkpt>
      <trkpt lat="53.279934" lon="-1.042943">
        <ele>49.1</ele>
        <time>2026-09-15T09:31:03.132Z</time>
      </trkpt>
      <trkpt lat="53.278486" lon="-1.044091">
        <ele>46.8</ele>
        <time>2026-09-15T09:32:48.243Z</time>
      </trkpt>
      <trkpt lat="53.276129" lon="-1.045075">
        <ele>46.9</ele>
        <time>2026-09-15T09:35:34.424Z</time>
      </trkpt>
      <trkpt lat="53.275864" lon="-1.045307">
        <ele>46.6</ele>
        <time>2026-09-15T09:35:55.330Z</time>
      </trkpt>
      <trkpt lat="53.275644" lon="-1.045415">
        <ele>46.5</ele>
        <time>2026-09-15T09:36:10.862Z</time>
      </trkpt>
      <trkpt lat="53.275386" lon="-1.04536">
        <ele>46.3</ele>
        <time>2026-09-15T09:36:28.598Z</time>
      </trkpt>
      <trkpt lat="53.274544" lon="-1.04607">
        <ele>46.3</ele>
        <time>2026-09-15T09:37:34.231Z</time>
      </trkpt>
      <trkpt lat="53.273593" lon="-1.04485">
        <ele>43.1</ele>
        <time>2026-09-15T09:38:52.671Z</time>
      </trkpt>
      <trkpt lat="53.272036" lon="-1.043217">
        <ele>36.2</ele>
        <time>2026-09-15T09:40:42.833Z</time>
      </trkpt>
      <trkpt lat="53.271735" lon="-1.042135">
        <ele>35.4</ele>
        <time>2026-09-15T09:41:26.248Z</time>
      </trkpt>
      <trkpt lat="53.271217" lon="-1.040995">
        <ele>32.9</ele>
        <time>2026-09-15T09:42:20.681Z</time>
      </trkpt>
      <trkpt lat="53.270811" lon="-1.040406">
        <ele>30.9</ele>
        <time>2026-09-15T09:42:53.051Z</time>
      </trkpt>
      <trkpt lat="53.270205" lon="-1.039787">
        <ele>29.8</ele>
        <time>2026-09-15T09:43:37.375Z</time>
      </trkpt>
      <trkpt lat="53.269697" lon="-1.039585">
        <ele>29.8</ele>
        <time>2026-09-15T09:44:12.525Z</time>
      </trkpt>
      <trkpt lat="53.268729" lon="-1.038931">
        <ele>33.3</ele>
        <time>2026-09-15T09:45:32.999Z</time>
      </trkpt>
      <trkpt lat="53.268702" lon="-1.038631">
        <ele>34.4</ele>
        <time>2026-09-15T09:45:47.791Z</time>
      </trkpt>
      <trkpt lat="53.266572" lon="-1.034066">
        <ele>48</ele>
        <time>2026-09-15T09:50:32.833Z</time>
      </trkpt>
      <trkpt lat="53.266103" lon="-1.032195">
        <ele>52.3</ele>
        <time>2026-09-15T09:52:12.013Z</time>
      </trkpt>
      <trkpt lat="53.264991" lon="-1.030038">
        <ele>51.9</ele>
        <time>2026-09-15T09:54:18.599Z</time>
      </trkpt>
      <trkpt lat="53.264056" lon="-1.029974">
        <ele>49.9</ele>
        <time>2026-09-15T09:55:21.544Z</time>
      </trkpt>
      <trkpt lat="53.263394" lon="-1.030078">
        <ele>47.9</ele>
        <time>2026-09-15T09:56:03.018Z</time>
      </trkpt>
      <trkpt lat="53.263132" lon="-1.029538">
        <ele>47.5</ele>
        <time>2026-09-15T09:56:29.309Z</time>
      </trkpt>
      <trkpt lat="53.263183" lon="-1.029627">
        <ele>47.4</ele>
        <time>2026-09-15T09:56:34.180Z</time>
      </trkpt>
      <trkpt lat="53.263214" lon="-1.029532">
        <ele>47.3</ele>
        <time>2026-09-15T09:56:38.362Z</time>
      </trkpt>
      <trkpt lat="53.263249" lon="-1.029758">
        <ele>47</ele>
        <time>2026-09-15T09:56:47.385Z</time>
      </trkpt>
      <trkpt lat="53.263261" lon="-1.029625">
        <ele>46.9</ele>
        <time>2026-09-15T09:56:52.583Z</time>
      </trkpt>
      <trkpt lat="53.263181" lon="-1.029717">
        <ele>46.7</ele>
        <time>2026-09-15T09:56:58.857Z</time>
      </trkpt>
      <trkpt lat="53.2632" lon="-1.02963">
        <ele>46.6</ele>
        <time>2026-09-15T09:57:02.425Z</time>
      </trkpt>
      <trkpt lat="53.26282" lon="-1.02925">
        <ele>45.7</ele>
        <time>2026-09-15T09:57:30.806Z</time>
      </trkpt>
      <trkpt lat="53.262005" lon="-1.029735">
        <ele>42.8</ele>
        <time>2026-09-15T09:58:23.721Z</time>
      </trkpt>
      <trkpt lat="53.261443" lon="-1.029278">
        <ele>41.7</ele>
        <time>2026-09-15T09:59:02.356Z</time>
      </trkpt>
      <trkpt lat="53.261114" lon="-1.029213">
        <ele>41</ele>
        <time>2026-09-15T09:59:23.640Z</time>
      </trkpt>
      <trkpt lat="53.26088" lon="-1.028807">
        <ele>40.5</ele>
        <time>2026-09-15T09:59:45.397Z</time>
      </trkpt>
      <trkpt lat="53.259945" lon="-1.030792">
        <ele>41.3</ele>
        <time>2026-09-15T10:01:32.153Z</time>
      </trkpt>
      <trkpt lat="53.259707" lon="-1.031586">
        <ele>41.8</ele>
        <time>2026-09-15T10:02:10.473Z</time>
      </trkpt>
      <trkpt lat="53.257702" lon="-1.036222">
        <ele>46.6</ele>
        <time>2026-09-15T10:06:24.850Z</time>
      </trkpt>
      <trkpt lat="53.257644" lon="-1.036612">
        <ele>47.1</ele>
        <time>2026-09-15T10:06:42.799Z</time>
      </trkpt>
      <trkpt lat="53.256546" lon="-1.039591">
        <ele>52.1</ele>
        <time>2026-09-15T10:09:24.915Z</time>
      </trkpt>
      <trkpt lat="53.255624" lon="-1.041621">
        <ele>53.6</ele>
        <time>2026-09-15T10:11:20.403Z</time>
      </trkpt>
      <trkpt lat="53.255443" lon="-1.041831">
        <ele>53.5</ele>
        <time>2026-09-15T10:11:36.410Z</time>
      </trkpt>
      <trkpt lat="53.254723" lon="-1.043551">
        <ele>53.9</ele>
        <time>2026-09-15T10:13:05.284Z</time>
      </trkpt>
      <trkpt lat="53.254462" lon="-1.044093">
        <ele>53.6</ele>
        <time>2026-09-15T10:13:34.552Z</time>
      </trkpt>
      <trkpt lat="53.254089" lon="-1.044722">
        <ele>53.4</ele>
        <time>2026-09-15T10:14:10.825Z</time>
      </trkpt>
      <trkpt lat="53.253369" lon="-1.046524">
        <ele>54.6</ele>
        <time>2026-09-15T10:15:43.972Z</time>
      </trkpt>
      <trkpt lat="53.253037" lon="-1.047902">
        <ele>54.5</ele>
        <time>2026-09-15T10:16:47.707Z</time>
      </trkpt>
      <trkpt lat="53.252617" lon="-1.051043">
        <ele>48.6</ele>
        <time>2026-09-15T10:18:49.951Z</time>
      </trkpt>
      <trkpt lat="53.252525" lon="-1.051112">
        <ele>48.6</ele>
        <time>2026-09-15T10:18:56.197Z</time>
      </trkpt>
      <trkpt lat="53.252501" lon="-1.051388">
        <ele>48.7</ele>
        <time>2026-09-15T10:19:08.094Z</time>
      </trkpt>
      <trkpt lat="53.251775" lon="-1.053037">
        <ele>51.6</ele>
        <time>2026-09-15T10:20:41.672Z</time>
      </trkpt>
      <trkpt lat="53.250828" lon="-1.05484">
        <ele>56.2</ele>
        <time>2026-09-15T10:22:34.827Z</time>
      </trkpt>
      <trkpt lat="53.250828" lon="-1.055011">
        <ele>56.6</ele>
        <time>2026-09-15T10:22:43.022Z</time>
      </trkpt>
      <trkpt lat="53.250531" lon="-1.055608">
        <ele>58</ele>
        <time>2026-09-15T10:23:20.126Z</time>
      </trkpt>
      <trkpt lat="53.250224" lon="-1.056024">
        <ele>59</ele>
        <time>2026-09-15T10:23:51.248Z</time>
      </trkpt>
      <trkpt lat="53.2491" lon="-1.058375">
        <ele>63.6</ele>
        <time>2026-09-15T10:26:11.747Z</time>
      </trkpt>
      <trkpt lat="53.24827" lon="-1.059652">
        <ele>62.9</ele>
        <time>2026-09-15T10:27:35.573Z</time>
      </trkpt>
      <trkpt lat="53.247345" lon="-1.061474">
        <ele>65.3</ele>
        <time>2026-09-15T10:29:18.828Z</time>
      </trkpt>
      <trkpt lat="53.246735" lon="-1.062824">
        <ele>65.2</ele>
        <time>2026-09-15T10:30:32.810Z</time>
      </trkpt>
      <trkpt lat="53.246468" lon="-1.063114">
        <ele>66.1</ele>
        <time>2026-09-15T10:30:55.745Z</time>
      </trkpt>
      <trkpt lat="53.24562" lon="-1.064497">
        <ele>67.6</ele>
        <time>2026-09-15T10:32:24.760Z</time>
      </trkpt>
      <trkpt lat="53.245091" lon="-1.065464">
        <ele>68.6</ele>
        <time>2026-09-15T10:33:22.864Z</time>
      </trkpt>
      <trkpt lat="53.244736" lon="-1.065718">
        <ele>68.6</ele>
        <time>2026-09-15T10:33:50.981Z</time>
      </trkpt>
      <trkpt lat="53.243783" lon="-1.066974">
        <ele>69.8</ele>
        <time>2026-09-15T10:35:18.961Z</time>
      </trkpt>
      <trkpt lat="53.241934" lon="-1.070077">
        <ele>74.7</ele>
        <time>2026-09-15T10:38:35.782Z</time>
      </trkpt>
      <trkpt lat="53.240939" lon="-1.072159">
        <ele>74.9</ele>
        <time>2026-09-15T10:40:33.656Z</time>
      </trkpt>
      <trkpt lat="53.240547" lon="-1.07415">
        <ele>75.8</ele>
        <time>2026-09-15T10:42:03.145Z</time>
      </trkpt>
      <trkpt lat="53.240192" lon="-1.075899">
        <ele>75.1</ele>
        <time>2026-09-15T10:43:20.948Z</time>
      </trkpt>
      <trkpt lat="53.240085" lon="-1.076132">
        <ele>75.1</ele>
        <time>2026-09-15T10:43:32.971Z</time>
      </trkpt>
      <trkpt lat="53.239655" lon="-1.078318">
        <ele>73.5</ele>
        <time>2026-09-15T10:45:05.080Z</time>
      </trkpt>
      <trkpt lat="53.238994" lon="-1.080813">
        <ele>72.8</ele>
        <time>2026-09-15T10:46:55.664Z</time>
      </trkpt>
      <trkpt lat="53.238999" lon="-1.081042">
        <ele>72.9</ele>
        <time>2026-09-15T10:47:05.237Z</time>
      </trkpt>
      <trkpt lat="53.238853" lon="-1.081296">
        <ele>73.3</ele>
        <time>2026-09-15T10:47:20.967Z</time>
      </trkpt>
      <trkpt lat="53.238474" lon="-1.08277">
        <ele>74.1</ele>
        <time>2026-09-15T10:48:31.296Z</time>
      </trkpt>
      <trkpt lat="53.238238" lon="-1.083858">
        <ele>73.5</ele>
        <time>2026-09-15T10:49:20.130Z</time>
      </trkpt>
      <trkpt lat="53.238239" lon="-1.084116">
        <ele>73.2</ele>
        <time>2026-09-15T10:49:30.319Z</time>
      </trkpt>
      <trkpt lat="53.238137" lon="-1.084273">
        <ele>72.8</ele>
        <time>2026-09-15T10:49:39.015Z</time>
      </trkpt>
      <trkpt lat="53.237699" lon="-1.086509">
        <ele>71.7</ele>
        <time>2026-09-15T10:51:13.074Z</time>
      </trkpt>
      <trkpt lat="53.237327" lon="-1.089649">
        <ele>72.5</ele>
        <time>2026-09-15T10:53:26.872Z</time>
      </trkpt>
      <trkpt lat="53.23732" lon="-1.092252">
        <ele>74.6</ele>
        <time>2026-09-15T10:55:20.215Z</time>
      </trkpt>
      <trkpt lat="53.237242" lon="-1.093045">
        <ele>75.3</ele>
        <time>2026-09-15T10:55:56.016Z</time>
      </trkpt>
      <trkpt lat="53.236774" lon="-1.096093">
        <ele>77.2</ele>
        <time>2026-09-15T10:58:14.594Z</time>
      </trkpt>
      <trkpt lat="53.236582" lon="-1.098526">
        <ele>75.8</ele>
        <time>2026-09-15T10:59:58.284Z</time>
      </trkpt>
      <trkpt lat="53.236403" lon="-1.099161">
        <ele>75.6</ele>
        <time>2026-09-15T11:00:26.624Z</time>
      </trkpt>
      <trkpt lat="53.236241" lon="-1.100733">
        <ele>74.7</ele>
        <time>2026-09-15T11:01:31.168Z</time>
      </trkpt>
      <trkpt lat="53.235951" lon="-1.102057">
        <ele>74.5</ele>
        <time>2026-09-15T11:02:28.718Z</time>
      </trkpt>
      <trkpt lat="53.235963" lon="-1.102631">
        <ele>74.6</ele>
        <time>2026-09-15T11:02:52.732Z</time>
      </trkpt>
      <trkpt lat="53.235738" lon="-1.103795">
        <ele>75.8</ele>
        <time>2026-09-15T11:03:46.851Z</time>
      </trkpt>
      <trkpt lat="53.235804" lon="-1.104014">
        <ele>75.8</ele>
        <time>2026-09-15T11:03:57.723Z</time>
      </trkpt>
      <trkpt lat="53.23578" lon="-1.1039">
        <ele>75.8</ele>
        <time>2026-09-15T11:04:02.794Z</time>
      </trkpt>
      <trkpt lat="53.235749" lon="-1.104346">
        <ele>75.8</ele>
        <time>2026-09-15T11:04:21.640Z</time>
      </trkpt>
      <trkpt lat="53.235684" lon="-1.104216">
        <ele>75.8</ele>
        <time>2026-09-15T11:04:28.750Z</time>
      </trkpt>
      <trkpt lat="53.235772" lon="-1.103794">
        <ele>75.8</ele>
        <time>2026-09-15T11:04:47.506Z</time>
      </trkpt>
      <trkpt lat="53.235254" lon="-1.103147">
        <ele>75.6</ele>
        <time>2026-09-15T11:05:32.457Z</time>
      </trkpt>
      <trkpt lat="53.234385" lon="-1.101472">
        <ele>76.8</ele>
        <time>2026-09-15T11:07:07.616Z</time>
      </trkpt>
      <trkpt lat="53.232892" lon="-1.099746">
        <ele>62.5</ele>
        <time>2026-09-15T11:08:52.126Z</time>
      </trkpt>
      <trkpt lat="53.232681" lon="-1.099377">
        <ele>61.3</ele>
        <time>2026-09-15T11:09:07.372Z</time>
      </trkpt>
      <trkpt lat="53.230785" lon="-1.097501">
        <ele>53.4</ele>
        <time>2026-09-15T11:11:17.556Z</time>
      </trkpt>
      <trkpt lat="53.229204" lon="-1.096328">
        <ele>46.4</ele>
        <time>2026-09-15T11:12:58.968Z</time>
      </trkpt>
      <trkpt lat="53.22851" lon="-1.09606">
        <ele>44.9</ele>
        <time>2026-09-15T11:13:41.347Z</time>
      </trkpt>
      <trkpt lat="53.228296" lon="-1.095774">
        <ele>44.7</ele>
        <time>2026-09-15T11:13:59.087Z</time>
      </trkpt>
      <trkpt lat="53.226032" lon="-1.095766">
        <ele>44.6</ele>
        <time>2026-09-15T11:16:37.009Z</time>
      </trkpt>
      <trkpt lat="53.224104" lon="-1.096388">
        <ele>49.6</ele>
        <time>2026-09-15T11:19:01.861Z</time>
      </trkpt>
      <trkpt lat="53.222238" lon="-1.096773">
        <ele>54.5</ele>
        <time>2026-09-15T11:21:28.712Z</time>
      </trkpt>
      <trkpt lat="53.220201" lon="-1.097463">
        <ele>58.8</ele>
        <time>2026-09-15T11:24:09.480Z</time>
      </trkpt>
      <trkpt lat="53.21941" lon="-1.097456">
        <ele>61.4</ele>
        <time>2026-09-15T11:25:10.856Z</time>
      </trkpt>
      <trkpt lat="53.219425" lon="-1.096998">
        <ele>61.6</ele>
        <time>2026-09-15T11:25:32.349Z</time>
      </trkpt>
      <trkpt lat="53.21925" lon="-1.095778">
        <ele>63.1</ele>
        <time>2026-09-15T11:26:28.920Z</time>
      </trkpt>
      <trkpt lat="53.219284" lon="-1.095377">
        <ele>62.8</ele>
        <time>2026-09-15T11:26:46.844Z</time>
      </trkpt>
      <trkpt lat="53.219103" lon="-1.092476">
        <ele>60.1</ele>
        <time>2026-09-15T11:28:41.056Z</time>
      </trkpt>
      <trkpt lat="53.21892" lon="-1.091313">
        <ele>58.4</ele>
        <time>2026-09-15T11:29:27.529Z</time>
      </trkpt>
      <trkpt lat="53.218925" lon="-1.090677">
        <ele>56.9</ele>
        <time>2026-09-15T11:29:50.823Z</time>
      </trkpt>
      <trkpt lat="53.218794" lon="-1.089615">
        <ele>54.6</ele>
        <time>2026-09-15T11:30:29.063Z</time>
      </trkpt>
      <trkpt lat="53.218827" lon="-1.088635">
        <ele>52.8</ele>
        <time>2026-09-15T11:31:04.309Z</time>
      </trkpt>
      <trkpt lat="53.218734" lon="-1.087431">
        <ele>51.5</ele>
        <time>2026-09-15T11:31:49.957Z</time>
      </trkpt>
      <trkpt lat="53.218234" lon="-1.083526">
        <ele>56.2</ele>
        <time>2026-09-15T11:34:45.826Z</time>
      </trkpt>
      <trkpt lat="53.217919" lon="-1.079593">
        <ele>55.3</ele>
        <time>2026-09-15T11:37:38.402Z</time>
      </trkpt>
      <trkpt lat="53.217756" lon="-1.079472">
        <ele>55.2</ele>
        <time>2026-09-15T11:37:50.690Z</time>
      </trkpt>
      <trkpt lat="53.217546" lon="-1.078797">
        <ele>55.6</ele>
        <time>2026-09-15T11:38:23.309Z</time>
      </trkpt>
      <trkpt lat="53.212016" lon="-1.073372">
        <ele>61.2</ele>
        <time>2026-09-15T11:46:10.698Z</time>
      </trkpt>
      <trkpt lat="53.21159" lon="-1.072942">
        <ele>62.5</ele>
        <time>2026-09-15T11:46:47.168Z</time>
      </trkpt>
      <trkpt lat="53.210381" lon="-1.071776">
        <ele>65.4</ele>
        <time>2026-09-15T11:48:34.711Z</time>
      </trkpt>
      <trkpt lat="53.209616" lon="-1.071575">
        <ele>64.7</ele>
        <time>2026-09-15T11:49:31.485Z</time>
      </trkpt>
      <trkpt lat="53.209377" lon="-1.071628">
        <ele>64.4</ele>
        <time>2026-09-15T11:49:47.644Z</time>
      </trkpt>
      <trkpt lat="53.209096" lon="-1.071425">
        <ele>64</ele>
        <time>2026-09-15T11:50:07.885Z</time>
      </trkpt>
      <trkpt lat="53.208865" lon="-1.071492">
        <ele>63.4</ele>
        <time>2026-09-15T11:50:22.971Z</time>
      </trkpt>
      <trkpt lat="53.207496" lon="-1.071269">
        <ele>56.6</ele>
        <time>2026-09-15T11:51:40.556Z</time>
      </trkpt>
      <trkpt lat="53.207252" lon="-1.071116">
        <ele>56.5</ele>
        <time>2026-09-15T11:51:55.524Z</time>
      </trkpt>
      <trkpt lat="53.2068" lon="-1.071125">
        <ele>58</ele>
        <time>2026-09-15T11:52:29.995Z</time>
      </trkpt>
      <trkpt lat="53.206676" lon="-1.071278">
        <ele>58.7</ele>
        <time>2026-09-15T11:52:42.678Z</time>
      </trkpt>
      <trkpt lat="53.20646" lon="-1.071019">
        <ele>60</ele>
        <time>2026-09-15T11:53:05.090Z</time>
      </trkpt>
      <trkpt lat="53.205757" lon="-1.07086">
        <ele>61.1</ele>
        <time>2026-09-15T11:54:00.857Z</time>
      </trkpt>
      <trkpt lat="53.205686" lon="-1.070724">
        <ele>60.9</ele>
        <time>2026-09-15T11:54:08.342Z</time>
      </trkpt>
      <trkpt lat="53.205724" lon="-1.070611">
        <ele>60.6</ele>
        <time>2026-09-15T11:54:12.964Z</time>
      </trkpt>
      <trkpt lat="53.205723" lon="-1.070618">
        <ele>60.1</ele>
        <time>2026-09-15T11:54:13.221Z</time>
      </trkpt>
      <trkpt lat="53.205801" lon="-1.070751">
        <ele>59.8</ele>
        <time>2026-09-15T11:54:19.860Z</time>
      </trkpt>
      <trkpt lat="53.205707" lon="-1.070822">
        <ele>59.7</ele>
        <time>2026-09-15T11:54:26.714Z</time>
      </trkpt>
      <trkpt lat="53.205444" lon="-1.070681">
        <ele>60.3</ele>
        <time>2026-09-15T11:54:45.169Z</time>
      </trkpt>
      <trkpt lat="53.205522" lon="-1.070666">
        <ele>60.3</ele>
        <time>2026-09-15T11:54:50.944Z</time>
      </trkpt>
      <trkpt lat="53.205486" lon="-1.071803">
        <ele>61.1</ele>
        <time>2026-09-15T11:55:41.656Z</time>
      </trkpt>
      <trkpt lat="53.205291" lon="-1.07241">
        <ele>61.8</ele>
        <time>2026-09-15T11:56:12.360Z</time>
      </trkpt>
      <trkpt lat="53.204953" lon="-1.072842">
        <ele>63.3</ele>
        <time>2026-09-15T11:56:45.669Z</time>
      </trkpt>
      <trkpt lat="53.20496" lon="-1.073687">
        <ele>64.2</ele>
        <time>2026-09-15T11:57:25.203Z</time>
      </trkpt>
      <trkpt lat="53.204484" lon="-1.076195">
        <ele>69.7</ele>
        <time>2026-09-15T11:59:30.603Z</time>
      </trkpt>
      <trkpt lat="53.204277" lon="-1.077843">
        <ele>67.6</ele>
        <time>2026-09-15T12:00:45.494Z</time>
      </trkpt>
      <trkpt lat="53.205156" lon="-1.079018">
        <ele>70.7</ele>
        <time>2026-09-15T12:02:06.119Z</time>
      </trkpt>
      <trkpt lat="53.206364" lon="-1.081282">
        <ele>69.2</ele>
        <time>2026-09-15T12:04:16.583Z</time>
      </trkpt>
      <trkpt lat="53.20762" lon="-1.082934">
        <ele>65.5</ele>
        <time>2026-09-15T12:06:01.078Z</time>
      </trkpt>
      <trkpt lat="53.209025" lon="-1.08568">
        <ele>68.8</ele>
        <time>2026-09-15T12:08:32.037Z</time>
      </trkpt>
      <trkpt lat="53.209389" lon="-1.086855">
        <ele>70.2</ele>
        <time>2026-09-15T12:09:31.542Z</time>
      </trkpt>
      <trkpt lat="53.209524" lon="-1.08752">
        <ele>70.7</ele>
        <time>2026-09-15T12:10:03.094Z</time>
      </trkpt>
      <trkpt lat="53.210324" lon="-1.089385">
        <ele>72.8</ele>
        <time>2026-09-15T12:11:45.680Z</time>
      </trkpt>
      <trkpt lat="53.21058" lon="-1.09073">
        <ele>73.8</ele>
        <time>2026-09-15T12:12:48.652Z</time>
      </trkpt>
      <trkpt lat="53.2106" lon="-1.092124">
        <ele>76.3</ele>
        <time>2026-09-15T12:13:52.634Z</time>
      </trkpt>
      <trkpt lat="53.210768" lon="-1.093657">
        <ele>76.9</ele>
        <time>2026-09-15T12:15:03.200Z</time>
      </trkpt>
      <trkpt lat="53.209616" lon="-1.093737">
        <ele>79.3</ele>
        <time>2026-09-15T12:16:29.253Z</time>
      </trkpt>
      <trkpt lat="53.209099" lon="-1.093926">
        <ele>79.1</ele>
        <time>2026-09-15T12:17:08.539Z</time>
      </trkpt>
      <trkpt lat="53.207908" lon="-1.093929">
        <ele>76.9</ele>
        <time>2026-09-15T12:18:26.847Z</time>
      </trkpt>
      <trkpt lat="53.206337" lon="-1.093751">
        <ele>73.6</ele>
        <time>2026-09-15T12:20:07.497Z</time>
      </trkpt>
      <trkpt lat="53.204638" lon="-1.093805">
        <ele>79.1</ele>
        <time>2026-09-15T12:22:10.258Z</time>
      </trkpt>
      <trkpt lat="53.201907" lon="-1.093612">
        <ele>92.8</ele>
        <time>2026-09-15T12:25:57.497Z</time>
      </trkpt>
      <trkpt lat="53.201711" lon="-1.093574">
        <ele>93.2</ele>
        <time>2026-09-15T12:26:13.978Z</time>
      </trkpt>
      <trkpt lat="53.201719" lon="-1.093247">
        <ele>93.1</ele>
        <time>2026-09-15T12:26:28.195Z</time>
      </trkpt>
      <trkpt lat="53.20067" lon="-1.093081">
        <ele>89.8</ele>
        <time>2026-09-15T12:27:35.276Z</time>
      </trkpt>
      <trkpt lat="53.197485" lon="-1.093115">
        <ele>77.9</ele>
        <time>2026-09-15T12:30:43.815Z</time>
      </trkpt>
      <trkpt lat="53.193972" lon="-1.093034">
        <ele>79</ele>
        <time>2026-09-15T12:34:32.453Z</time>
      </trkpt>
      <trkpt lat="53.191071" lon="-1.092925">
        <ele>73.8</ele>
        <time>2026-09-15T12:37:50.098Z</time>
      </trkpt>
      <trkpt lat="53.191033" lon="-1.093757">
        <ele>72.9</ele>
        <time>2026-09-15T12:38:22.354Z</time>
      </trkpt>
      <trkpt lat="53.190763" lon="-1.09467">
        <ele>71.4</ele>
        <time>2026-09-15T12:39:01.025Z</time>
      </trkpt>
      <trkpt lat="53.190585" lon="-1.096229">
        <ele>67.8</ele>
        <time>2026-09-15T12:39:58.182Z</time>
      </trkpt>
      <trkpt lat="53.190342" lon="-1.096922">
        <ele>65.9</ele>
        <time>2026-09-15T12:40:26.313Z</time>
      </trkpt>
      <trkpt lat="53.190546" lon="-1.097851">
        <ele>65.4</ele>
        <time>2026-09-15T12:41:03.762Z</time>
      </trkpt>
      <trkpt lat="53.191251" lon="-1.09963">
        <ele>67.3</ele>
        <time>2026-09-15T12:42:36.390Z</time>
      </trkpt>
      <trkpt lat="53.19186" lon="-1.101718">
        <ele>69.9</ele>
        <time>2026-09-15T12:44:21.300Z</time>
      </trkpt>
      <trkpt lat="53.192478" lon="-1.103406">
        <ele>72.1</ele>
        <time>2026-09-15T12:45:51.312Z</time>
      </trkpt>
      <trkpt lat="53.192497" lon="-1.103584">
        <ele>72.2</ele>
        <time>2026-09-15T12:45:59.488Z</time>
      </trkpt>
      <trkpt lat="53.192414" lon="-1.103696">
        <ele>72.3</ele>
        <time>2026-09-15T12:46:07.357Z</time>
      </trkpt>
      <trkpt lat="53.19247" lon="-1.104201">
        <ele>72.7</ele>
        <time>2026-09-15T12:46:30.044Z</time>
      </trkpt>
      <trkpt lat="53.193451" lon="-1.107674">
        <ele>76.9</ele>
        <time>2026-09-15T12:49:23.819Z</time>
      </trkpt>
      <trkpt lat="53.193512" lon="-1.109143">
        <ele>78.4</ele>
        <time>2026-09-15T12:50:30.624Z</time>
      </trkpt>
      <trkpt lat="53.193421" lon="-1.110017">
        <ele>79.2</ele>
        <time>2026-09-15T12:51:10.601Z</time>
      </trkpt>
      <trkpt lat="53.193364" lon="-1.111">
        <ele>80.6</ele>
        <time>2026-09-15T12:51:55.711Z</time>
      </trkpt>
      <trkpt lat="53.193549" lon="-1.11256">
        <ele>83.4</ele>
        <time>2026-09-15T12:53:10.534Z</time>
      </trkpt>
      <trkpt lat="53.193526" lon="-1.11419">
        <ele>86.6</ele>
        <time>2026-09-15T12:54:28.371Z</time>
      </trkpt>
      <trkpt lat="53.193765" lon="-1.115511">
        <ele>90.5</ele>
        <time>2026-09-15T12:55:36.199Z</time>
      </trkpt>
      <trkpt lat="53.193748" lon="-1.115918">
        <ele>92.2</ele>
        <time>2026-09-15T12:55:57.097Z</time>
      </trkpt>
      <trkpt lat="53.194001" lon="-1.116576">
        <ele>93</ele>
        <time>2026-09-15T12:56:34.960Z</time>
      </trkpt>
      <trkpt lat="53.193933" lon="-1.116789">
        <ele>93.3</ele>
        <time>2026-09-15T12:56:45.922Z</time>
      </trkpt>
      <trkpt lat="53.193981" lon="-1.116936">
        <ele>93.5</ele>
        <time>2026-09-15T12:56:53.073Z</time>
      </trkpt>
      <trkpt lat="53.194117" lon="-1.116502">
        <ele>93.2</ele>
        <time>2026-09-15T12:57:13.994Z</time>
      </trkpt>
      <trkpt lat="53.194281" lon="-1.116381">
        <ele>93</ele>
        <time>2026-09-15T12:57:26.273Z</time>
      </trkpt>
      <trkpt lat="53.194565" lon="-1.115778">
        <ele>92.6</ele>
        <time>2026-09-15T12:57:57.138Z</time>
      </trkpt>
      <trkpt lat="53.194757" lon="-1.115584">
        <ele>92.5</ele>
        <time>2026-09-15T12:58:12.360Z</time>
      </trkpt>
      <trkpt lat="53.194949" lon="-1.11509">
        <ele>92.3</ele>
        <time>2026-09-15T12:58:36.576Z</time>
      </trkpt>
      <trkpt lat="53.195009" lon="-1.11508">
        <ele>92.3</ele>
        <time>2026-09-15T12:58:40.778Z</time>
      </trkpt>
      <trkpt lat="53.195036" lon="-1.115318">
        <ele>92.4</ele>
        <time>2026-09-15T12:58:50.893Z</time>
      </trkpt>
      <trkpt lat="53.194968" lon="-1.115305">
        <ele>92.4</ele>
        <time>2026-09-15T12:58:55.732Z</time>
      </trkpt>
      <trkpt lat="53.195059" lon="-1.115167">
        <ele>92.4</ele>
        <time>2026-09-15T12:59:04.518Z</time>
      </trkpt>
      <trkpt lat="53.194972" lon="-1.114992">
        <ele>92.4</ele>
        <time>2026-09-15T12:59:14.253Z</time>
      </trkpt>
      <trkpt lat="53.195147" lon="-1.114958">
        <ele>92.6</ele>
        <time>2026-09-15T12:59:26.828Z</time>
      </trkpt>
      <trkpt lat="53.195575" lon="-1.114241">
        <ele>93.9</ele>
        <time>2026-09-15T13:00:12.088Z</time>
      </trkpt>
      <trkpt lat="53.196322" lon="-1.113333">
        <ele>93.3</ele>
        <time>2026-09-15T13:01:18.221Z</time>
      </trkpt>
      <trkpt lat="53.196826" lon="-1.113069">
        <ele>93.3</ele>
        <time>2026-09-15T13:01:54.575Z</time>
      </trkpt>
      <trkpt lat="53.197345" lon="-1.112503">
        <ele>92.9</ele>
        <time>2026-09-15T13:02:37.368Z</time>
      </trkpt>
      <trkpt lat="53.197516" lon="-1.112487">
        <ele>93.1</ele>
        <time>2026-09-15T13:02:49.241Z</time>
      </trkpt>
      <trkpt lat="53.198639" lon="-1.111482">
        <ele>95.2</ele>
        <time>2026-09-15T13:04:24.945Z</time>
      </trkpt>
      <trkpt lat="53.198819" lon="-1.111201">
        <ele>95.7</ele>
        <time>2026-09-15T13:04:43.546Z</time>
      </trkpt>
      <trkpt lat="53.200246" lon="-1.110352">
        <ele>93</ele>
        <time>2026-09-15T13:06:23.839Z</time>
      </trkpt>
      <trkpt lat="53.200414" lon="-1.110356">
        <ele>92.9</ele>
        <time>2026-09-15T13:06:34.745Z</time>
      </trkpt>
      <trkpt lat="53.20201" lon="-1.10941">
        <ele>85.2</ele>
        <time>2026-09-15T13:08:12.137Z</time>
      </trkpt>
      <trkpt lat="53.202261" lon="-1.109128">
        <ele>83.8</ele>
        <time>2026-09-15T13:08:29.233Z</time>
      </trkpt>
      <trkpt lat="53.203097" lon="-1.108762">
        <ele>87.8</ele>
        <time>2026-09-15T13:09:35.831Z</time>
      </trkpt>
      <trkpt lat="53.20446" lon="-1.107802">
        <ele>88.2</ele>
        <time>2026-09-15T13:11:28.246Z</time>
      </trkpt>
      <trkpt lat="53.204736" lon="-1.107482">
        <ele>88.3</ele>
        <time>2026-09-15T13:11:52.102Z</time>
      </trkpt>
      <trkpt lat="53.20651" lon="-1.106315">
        <ele>91.5</ele>
        <time>2026-09-15T13:14:14.608Z</time>
      </trkpt>
      <trkpt lat="53.206714" lon="-1.106072">
        <ele>91.5</ele>
        <time>2026-09-15T13:14:33.346Z</time>
      </trkpt>
      <trkpt lat="53.206845" lon="-1.105404">
        <ele>91.9</ele>
        <time>2026-09-15T13:15:03.657Z</time>
      </trkpt>
      <trkpt lat="53.206904" lon="-1.105326">
        <ele>91.9</ele>
        <time>2026-09-15T13:15:09.126Z</time>
      </trkpt>
      <trkpt lat="53.208391" lon="-1.106074">
        <ele>91.3</ele>
        <time>2026-09-15T13:16:56.228Z</time>
      </trkpt>
      <trkpt lat="53.208951" lon="-1.106137">
        <ele>90.1</ele>
        <time>2026-09-15T13:17:34.084Z</time>
      </trkpt>
      <trkpt lat="53.209361" lon="-1.10596">
        <ele>89.2</ele>
        <time>2026-09-15T13:18:00.968Z</time>
      </trkpt>
      <trkpt lat="53.209891" lon="-1.105936">
        <ele>88.3</ele>
        <time>2026-09-15T13:18:35.022Z</time>
      </trkpt>
      <trkpt lat="53.21063" lon="-1.105595">
        <ele>86.4</ele>
        <time>2026-09-15T13:19:23.632Z</time>
      </trkpt>
      <trkpt lat="53.211003" lon="-1.105236">
        <ele>85.1</ele>
        <time>2026-09-15T13:19:50.261Z</time>
      </trkpt>
      <trkpt lat="53.211566" lon="-1.10442">
        <ele>82.9</ele>
        <time>2026-09-15T13:20:35.707Z</time>
      </trkpt>
      <trkpt lat="53.211969" lon="-1.104144">
        <ele>82.1</ele>
        <time>2026-09-15T13:21:02.822Z</time>
      </trkpt>
      <trkpt lat="53.21288" lon="-1.103899">
        <ele>80.1</ele>
        <time>2026-09-15T13:22:01.600Z</time>
      </trkpt>
      <trkpt lat="53.213444" lon="-1.103819">
        <ele>77.9</ele>
        <time>2026-09-15T13:22:36.362Z</time>
      </trkpt>
      <trkpt lat="53.214282" lon="-1.103841">
        <ele>74.4</ele>
        <time>2026-09-15T13:23:24.859Z</time>
      </trkpt>
      <trkpt lat="53.216069" lon="-1.103512">
        <ele>66.8</ele>
        <time>2026-09-15T13:25:08.139Z</time>
      </trkpt>
      <trkpt lat="53.216644" lon="-1.103506">
        <ele>64.5</ele>
        <time>2026-09-15T13:25:41.233Z</time>
      </trkpt>
      <trkpt lat="53.21708" lon="-1.103574">
        <ele>63</ele>
        <time>2026-09-15T13:26:06.950Z</time>
      </trkpt>
      <trkpt lat="53.217991" lon="-1.104051">
        <ele>60.2</ele>
        <time>2026-09-15T13:27:04.836Z</time>
      </trkpt>
      <trkpt lat="53.218556" lon="-1.104138">
        <ele>58.8</ele>
        <time>2026-09-15T13:27:39.787Z</time>
      </trkpt>
      <trkpt lat="53.21889" lon="-1.104449">
        <ele>58</ele>
        <time>2026-09-15T13:28:03.850Z</time>
      </trkpt>
      <trkpt lat="53.219516" lon="-1.104466">
        <ele>56</ele>
        <time>2026-09-15T13:28:42.384Z</time>
      </trkpt>
      <trkpt lat="53.21982" lon="-1.104708">
        <ele>55.2</ele>
        <time>2026-09-15T13:29:02.980Z</time>
      </trkpt>
      <trkpt lat="53.220567" lon="-1.104672">
        <ele>53.5</ele>
        <time>2026-09-15T13:29:50.027Z</time>
      </trkpt>
      <trkpt lat="53.220814" lon="-1.10481">
        <ele>52.9</ele>
        <time>2026-09-15T13:30:06.442Z</time>
      </trkpt>
      <trkpt lat="53.221013" lon="-1.104701">
        <ele>52.6</ele>
        <time>2026-09-15T13:30:19.876Z</time>
      </trkpt>
      <trkpt lat="53.222244" lon="-1.104964">
        <ele>50.1</ele>
        <time>2026-09-15T13:31:39.425Z</time>
      </trkpt>
      <trkpt lat="53.222605" lon="-1.10493">
        <ele>49.3</ele>
        <time>2026-09-15T13:32:02.459Z</time>
      </trkpt>
      <trkpt lat="53.222707" lon="-1.104804">
        <ele>49.1</ele>
        <time>2026-09-15T13:32:10.546Z</time>
      </trkpt>
      <trkpt lat="53.223485" lon="-1.105173">
        <ele>47.8</ele>
        <time>2026-09-15T13:33:03.199Z</time>
      </trkpt>
      <trkpt lat="53.223717" lon="-1.105429">
        <ele>47.4</ele>
        <time>2026-09-15T13:33:21.335Z</time>
      </trkpt>
      <trkpt lat="53.224391" lon="-1.105472">
        <ele>46.4</ele>
        <time>2026-09-15T13:34:05.526Z</time>
      </trkpt>
      <trkpt lat="53.225833" lon="-1.106466">
        <ele>43.8</ele>
        <time>2026-09-15T13:35:47.049Z</time>
      </trkpt>
      <trkpt lat="53.226737" lon="-1.106746">
        <ele>44</ele>
        <time>2026-09-15T13:36:48.723Z</time>
      </trkpt>
      <trkpt lat="53.226945" lon="-1.106683">
        <ele>44</ele>
        <time>2026-09-15T13:37:03.665Z</time>
      </trkpt>
      <trkpt lat="53.227524" lon="-1.107074">
        <ele>45.6</ele>
        <time>2026-09-15T13:37:51.192Z</time>
      </trkpt>
      <trkpt lat="53.22806" lon="-1.107847">
        <ele>47.3</ele>
        <time>2026-09-15T13:38:46.289Z</time>
      </trkpt>
      <trkpt lat="53.228735" lon="-1.109349">
        <ele>50</ele>
        <time>2026-09-15T13:40:13.515Z</time>
      </trkpt>
      <trkpt lat="53.229404" lon="-1.109936">
        <ele>51.5</ele>
        <time>2026-09-15T13:41:11.760Z</time>
      </trkpt>
      <trkpt lat="53.229542" lon="-1.110242">
        <ele>52.3</ele>
        <time>2026-09-15T13:41:29.506Z</time>
      </trkpt>
      <trkpt lat="53.230179" lon="-1.110952">
        <ele>55.2</ele>
        <time>2026-09-15T13:42:31.863Z</time>
      </trkpt>
      <trkpt lat="53.230347" lon="-1.111262">
        <ele>55.5</ele>
        <time>2026-09-15T13:42:51.838Z</time>
      </trkpt>
      <trkpt lat="53.230408" lon="-1.11162">
        <ele>56.2</ele>
        <time>2026-09-15T13:43:08.929Z</time>
      </trkpt>
      <trkpt lat="53.230756" lon="-1.110908">
        <ele>58.1</ele>
        <time>2026-09-15T13:43:53.178Z</time>
      </trkpt>
      <trkpt lat="53.230986" lon="-1.110856">
        <ele>59.3</ele>
        <time>2026-09-15T13:44:12.236Z</time>
      </trkpt>
      <trkpt lat="53.231212" lon="-1.110418">
        <ele>61.3</ele>
        <time>2026-09-15T13:44:42.096Z</time>
      </trkpt>
      <trkpt lat="53.23153" lon="-1.11017">
        <ele>63.1</ele>
        <time>2026-09-15T13:45:12.298Z</time>
      </trkpt>
      <trkpt lat="53.231777" lon="-1.109657">
        <ele>64.2</ele>
        <time>2026-09-15T13:45:44.581Z</time>
      </trkpt>
      <trkpt lat="53.231777" lon="-1.1099">
        <ele>64.6</ele>
        <time>2026-09-15T13:45:55.995Z</time>
      </trkpt>
      <trkpt lat="53.231901" lon="-1.109857">
        <ele>64.9</ele>
        <time>2026-09-15T13:46:05.898Z</time>
      </trkpt>
      <trkpt lat="53.231955" lon="-1.109624">
        <ele>65.3</ele>
        <time>2026-09-15T13:46:17.509Z</time>
      </trkpt>
      <trkpt lat="53.232178" lon="-1.109477">
        <ele>65.8</ele>
        <time>2026-09-15T13:46:36.120Z</time>
      </trkpt>
      <trkpt lat="53.232361" lon="-1.10911">
        <ele>66.3</ele>
        <time>2026-09-15T13:46:58.017Z</time>
      </trkpt>
      <trkpt lat="53.232944" lon="-1.108455">
        <ele>67.5</ele>
        <time>2026-09-15T13:47:51.065Z</time>
      </trkpt>
      <trkpt lat="53.233298" lon="-1.107888">
        <ele>68.5</ele>
        <time>2026-09-15T13:48:28.280Z</time>
      </trkpt>
      <trkpt lat="53.233668" lon="-1.107011">
        <ele>70</ele>
        <time>2026-09-15T13:49:17.727Z</time>
      </trkpt>
      <trkpt lat="53.234276" lon="-1.106363">
        <ele>72</ele>
        <time>2026-09-15T13:50:14.037Z</time>
      </trkpt>
      <trkpt lat="53.23455" lon="-1.105663">
        <ele>73.4</ele>
        <time>2026-09-15T13:50:53.447Z</time>
      </trkpt>
      <trkpt lat="53.235182" lon="-1.104794">
        <ele>74.9</ele>
        <time>2026-09-15T13:51:56.446Z</time>
      </trkpt>
      <trkpt lat="53.235293" lon="-1.104496">
        <ele>75.2</ele>
        <time>2026-09-15T13:52:12.328Z</time>
      </trkpt>
      <trkpt lat="53.235717" lon="-1.104183">
        <ele>75.9</ele>
        <time>2026-09-15T13:52:46.992Z</time>
      </trkpt>
      <trkpt lat="53.235762" lon="-1.103961">
        <ele>75.8</ele>
        <time>2026-09-15T13:52:57.256Z</time>
      </trkpt>
      <trkpt lat="53.235774" lon="-1.103945">
        <ele>75.8</ele>
        <time>2026-09-15T13:52:58.323Z</time>
      </trkpt>
      <trkpt lat="53.235731" lon="-1.104555">
        <ele>75.8</ele>
        <time>2026-09-15T13:53:23.881Z</time>
      </trkpt>
      <trkpt lat="53.236" lon="-1.105169">
        <ele>75.4</ele>
        <time>2026-09-15T13:53:55.133Z</time>
      </trkpt>
      <trkpt lat="53.23776" lon="-1.107742">
        <ele>65.6</ele>
        <time>2026-09-15T13:56:13.136Z</time>
      </trkpt>
      <trkpt lat="53.23816" lon="-1.108087">
        <ele>64.6</ele>
        <time>2026-09-15T13:56:39.417Z</time>
      </trkpt>
      <trkpt lat="53.239192" lon="-1.109586">
        <ele>65.5</ele>
        <time>2026-09-15T13:58:15.072Z</time>
      </trkpt>
      <trkpt lat="53.239656" lon="-1.110646">
        <ele>59.8</ele>
        <time>2026-09-15T13:59:04.736Z</time>
      </trkpt>
      <trkpt lat="53.240027" lon="-1.111826">
        <ele>54.1</ele>
        <time>2026-09-15T13:59:44.735Z</time>
      </trkpt>
      <trkpt lat="53.240664" lon="-1.114523">
        <ele>60.8</ele>
        <time>2026-09-15T14:01:48.576Z</time>
      </trkpt>
      <trkpt lat="53.240701" lon="-1.115084">
        <ele>60.8</ele>
        <time>2026-09-15T14:02:15.611Z</time>
      </trkpt>
      <trkpt lat="53.240832" lon="-1.115504">
        <ele>60.5</ele>
        <time>2026-09-15T14:02:35.056Z</time>
      </trkpt>
      <trkpt lat="53.24081" lon="-1.115912">
        <ele>60.6</ele>
        <time>2026-09-15T14:02:51.955Z</time>
      </trkpt>
      <trkpt lat="53.240976" lon="-1.116461">
        <ele>61.5</ele>
        <time>2026-09-15T14:03:19.647Z</time>
      </trkpt>
      <trkpt lat="53.240955" lon="-1.116932">
        <ele>62</ele>
        <time>2026-09-15T14:03:41.362Z</time>
      </trkpt>
      <trkpt lat="53.241072" lon="-1.117182">
        <ele>61.7</ele>
        <time>2026-09-15T14:03:54.934Z</time>
      </trkpt>
      <trkpt lat="53.24123" lon="-1.118069">
        <ele>57.7</ele>
        <time>2026-09-15T14:04:24.497Z</time>
      </trkpt>
      <trkpt lat="53.241167" lon="-1.118592">
        <ele>55.1</ele>
        <time>2026-09-15T14:04:40.265Z</time>
      </trkpt>
      <trkpt lat="53.241403" lon="-1.119513">
        <ele>53.8</ele>
        <time>2026-09-15T14:05:14.654Z</time>
      </trkpt>
      <trkpt lat="53.24136" lon="-1.119776">
        <ele>54.3</ele>
        <time>2026-09-15T14:05:25.556Z</time>
      </trkpt>
      <trkpt lat="53.241502" lon="-1.120391">
        <ele>54.6</ele>
        <time>2026-09-15T14:05:54.994Z</time>
      </trkpt>
      <trkpt lat="53.24142" lon="-1.120739">
        <ele>54.7</ele>
        <time>2026-09-15T14:06:11.146Z</time>
      </trkpt>
      <trkpt lat="53.241644" lon="-1.121723">
        <ele>53.4</ele>
        <time>2026-09-15T14:06:52.550Z</time>
      </trkpt>
      <trkpt lat="53.241709" lon="-1.122432">
        <ele>51.8</ele>
        <time>2026-09-15T14:07:19.019Z</time>
      </trkpt>
      <trkpt lat="53.241761" lon="-1.124924">
        <ele>52.4</ele>
        <time>2026-09-15T14:09:01.214Z</time>
      </trkpt>
      <trkpt lat="53.241958" lon="-1.127423">
        <ele>55</ele>
        <time>2026-09-15T14:10:52.050Z</time>
      </trkpt>
      <trkpt lat="53.242383" lon="-1.130166">
        <ele>55.3</ele>
        <time>2026-09-15T14:12:55.787Z</time>
      </trkpt>
      <trkpt lat="53.242828" lon="-1.132151">
        <ele>51.8</ele>
        <time>2026-09-15T14:14:20.436Z</time>
      </trkpt>
      <trkpt lat="53.243631" lon="-1.134036">
        <ele>49.7</ele>
        <time>2026-09-15T14:15:48.428Z</time>
      </trkpt>
      <trkpt lat="53.243604" lon="-1.134514">
        <ele>49.6</ele>
        <time>2026-09-15T14:16:07.389Z</time>
      </trkpt>
      <trkpt lat="53.241681" lon="-1.141143">
        <ele>47.7</ele>
        <time>2026-09-15T14:21:10.621Z</time>
      </trkpt>
      <trkpt lat="53.241835" lon="-1.144491">
        <ele>50.1</ele>
        <time>2026-09-15T14:23:32.030Z</time>
      </trkpt>
      <trkpt lat="53.241677" lon="-1.144914">
        <ele>50.6</ele>
        <time>2026-09-15T14:23:54.133Z</time>
      </trkpt>
      <trkpt lat="53.241428" lon="-1.145228">
        <ele>51</ele>
        <time>2026-09-15T14:24:17.451Z</time>
      </trkpt>
      <trkpt lat="53.241884" lon="-1.147452">
        <ele>52.8</ele>
        <time>2026-09-15T14:26:01.763Z</time>
      </trkpt>
      <trkpt lat="53.242128" lon="-1.149375">
        <ele>56.6</ele>
        <time>2026-09-15T14:27:32.198Z</time>
      </trkpt>
      <trkpt lat="53.24273" lon="-1.149113">
        <ele>56.6</ele>
        <time>2026-09-15T14:28:19.917Z</time>
      </trkpt>
      <trkpt lat="53.244505" lon="-1.148805">
        <ele>54.3</ele>
        <time>2026-09-15T14:30:19.696Z</time>
      </trkpt>
      <trkpt lat="53.245699" lon="-1.149062">
        <ele>53.6</ele>
        <time>2026-09-15T14:31:40.316Z</time>
      </trkpt>
      <trkpt lat="53.246088" lon="-1.148589">
        <ele>53.2</ele>
        <time>2026-09-15T14:32:13.062Z</time>
      </trkpt>
      <trkpt lat="53.246743" lon="-1.149297">
        <ele>52.3</ele>
        <time>2026-09-15T14:33:05.235Z</time>
      </trkpt>
      <trkpt lat="53.247187" lon="-1.150308">
        <ele>51.5</ele>
        <time>2026-09-15T14:33:55.238Z</time>
      </trkpt>
      <trkpt lat="53.24816" lon="-1.154132">
        <ele>55.4</ele>
        <time>2026-09-15T14:36:57.089Z</time>
      </trkpt>
      <trkpt lat="53.24841" lon="-1.156256">
        <ele>55.7</ele>
        <time>2026-09-15T14:38:32.440Z</time>
      </trkpt>
      <trkpt lat="53.248948" lon="-1.158549">
        <ele>57</ele>
        <time>2026-09-15T14:40:18.468Z</time>
      </trkpt>
      <trkpt lat="53.251306" lon="-1.163363">
        <ele>58.1</ele>
        <time>2026-09-15T14:44:44.925Z</time>
      </trkpt>
      <trkpt lat="53.251552" lon="-1.164177">
        <ele>57.8</ele>
        <time>2026-09-15T14:45:23.509Z</time>
      </trkpt>
      <trkpt lat="53.251745" lon="-1.165502">
        <ele>57.4</ele>
        <time>2026-09-15T14:46:19.403Z</time>
      </trkpt>
      <trkpt lat="53.251939" lon="-1.166261">
        <ele>57.5</ele>
        <time>2026-09-15T14:46:53.675Z</time>
      </trkpt>
      <trkpt lat="53.252275" lon="-1.167262">
        <ele>57.3</ele>
        <time>2026-09-15T14:47:41.647Z</time>
      </trkpt>
      <trkpt lat="53.252987" lon="-1.168749">
        <ele>55</ele>
        <time>2026-09-15T14:48:56.660Z</time>
      </trkpt>
      <trkpt lat="53.25321" lon="-1.169704">
        <ele>54.5</ele>
        <time>2026-09-15T14:49:36.601Z</time>
      </trkpt>
      <trkpt lat="53.253417" lon="-1.169985">
        <ele>54.4</ele>
        <time>2026-09-15T14:49:54.728Z</time>
      </trkpt>
      <trkpt lat="53.253962" lon="-1.170189">
        <ele>54.2</ele>
        <time>2026-09-15T14:50:33.253Z</time>
      </trkpt>
      <trkpt lat="53.254502" lon="-1.170001">
        <ele>54</ele>
        <time>2026-09-15T14:51:11.307Z</time>
      </trkpt>
      <trkpt lat="53.25514" lon="-1.170314">
        <ele>53.7</ele>
        <time>2026-09-15T14:51:57.074Z</time>
      </trkpt>
      <trkpt lat="53.255412" lon="-1.17018">
        <ele>53.8</ele>
        <time>2026-09-15T14:52:16.769Z</time>
      </trkpt>
      <trkpt lat="53.256388" lon="-1.170355">
        <ele>55.1</ele>
        <time>2026-09-15T14:53:29.018Z</time>
      </trkpt>
      <trkpt lat="53.2567" lon="-1.170177">
        <ele>55.6</ele>
        <time>2026-09-15T14:53:53.557Z</time>
      </trkpt>
      <trkpt lat="53.257097" lon="-1.170362">
        <ele>56.5</ele>
        <time>2026-09-15T14:54:24.888Z</time>
      </trkpt>
      <trkpt lat="53.257452" lon="-1.170258">
        <ele>57</ele>
        <time>2026-09-15T14:54:52.202Z</time>
      </trkpt>
      <trkpt lat="53.257544" lon="-1.170343">
        <ele>57</ele>
        <time>2026-09-15T14:54:59.928Z</time>
      </trkpt>
      <trkpt lat="53.25717" lon="-1.171108">
        <ele>56.7</ele>
        <time>2026-09-15T14:55:40.571Z</time>
      </trkpt>
      <trkpt lat="53.25612" lon="-1.172708">
        <ele>54.9</ele>
        <time>2026-09-15T14:57:15.543Z</time>
      </trkpt>
      <trkpt lat="53.253848" lon="-1.177403">
        <ele>57.2</ele>
        <time>2026-09-15T15:01:30.016Z</time>
      </trkpt>
      <trkpt lat="53.252944" lon="-1.17815">
        <ele>60.6</ele>
        <time>2026-09-15T15:02:44.639Z</time>
      </trkpt>
      <trkpt lat="53.252903" lon="-1.178344">
        <ele>61.1</ele>
        <time>2026-09-15T15:02:54.567Z</time>
      </trkpt>
      <trkpt lat="53.253155" lon="-1.179992">
        <ele>64.5</ele>
        <time>2026-09-15T15:04:16.569Z</time>
      </trkpt>
      <trkpt lat="53.254605" lon="-1.183073">
        <ele>66.6</ele>
        <time>2026-09-15T15:07:13.038Z</time>
      </trkpt>
      <trkpt lat="53.255184" lon="-1.184618">
        <ele>67.2</ele>
        <time>2026-09-15T15:08:32.222Z</time>
      </trkpt>
      <trkpt lat="53.255225" lon="-1.185163">
        <ele>69.3</ele>
        <time>2026-09-15T15:08:57.150Z</time>
      </trkpt>
      <trkpt lat="53.255173" lon="-1.185165">
        <ele>69.3</ele>
        <time>2026-09-15T15:09:01.946Z</time>
      </trkpt>
      <trkpt lat="53.255374" lon="-1.185194">
        <ele>72</ele>
        <time>2026-09-15T15:09:20.549Z</time>
      </trkpt>
      <trkpt lat="53.256157" lon="-1.186109">
        <ele>75.2</ele>
        <time>2026-09-15T15:10:41.368Z</time>
      </trkpt>
      <trkpt lat="53.256264" lon="-1.186427">
        <ele>74.4</ele>
        <time>2026-09-15T15:10:58.067Z</time>
      </trkpt>
      <trkpt lat="53.256931" lon="-1.187465">
        <ele>70.2</ele>
        <time>2026-09-15T15:11:49.885Z</time>
      </trkpt>
      <trkpt lat="53.257667" lon="-1.189134">
        <ele>72.2</ele>
        <time>2026-09-15T15:13:12.880Z</time>
      </trkpt>
      <trkpt lat="53.258173" lon="-1.190579">
        <ele>75.3</ele>
        <time>2026-09-15T15:14:30.205Z</time>
      </trkpt>
      <trkpt lat="53.25849" lon="-1.191174">
        <ele>76.2</ele>
        <time>2026-09-15T15:15:07.618Z</time>
      </trkpt>
      <trkpt lat="53.259514" lon="-1.194241">
        <ele>76.1</ele>
        <time>2026-09-15T15:17:37.014Z</time>
      </trkpt>
      <trkpt lat="53.259735" lon="-1.195138">
        <ele>77.5</ele>
        <time>2026-09-15T15:18:18.594Z</time>
      </trkpt>
      <trkpt lat="53.260373" lon="-1.196574">
        <ele>82.6</ele>
        <time>2026-09-15T15:19:46.390Z</time>
      </trkpt>
      <trkpt lat="53.260406" lon="-1.197055">
        <ele>84.7</ele>
        <time>2026-09-15T15:20:11.198Z</time>
      </trkpt>
      <trkpt lat="53.26028" lon="-1.197756">
        <ele>88.9</ele>
        <time>2026-09-15T15:20:51.912Z</time>
      </trkpt>
      <trkpt lat="53.260309" lon="-1.198327">
        <ele>92.5</ele>
        <time>2026-09-15T15:21:24.551Z</time>
      </trkpt>
      <trkpt lat="53.260023" lon="-1.200737">
        <ele>95.5</ele>
        <time>2026-09-15T15:23:23.913Z</time>
      </trkpt>
      <trkpt lat="53.259978" lon="-1.201955">
        <ele>93.2</ele>
        <time>2026-09-15T15:24:15.835Z</time>
      </trkpt>
      <trkpt lat="53.259995" lon="-1.20208">
        <ele>91.9</ele>
        <time>2026-09-15T15:24:20.187Z</time>
      </trkpt>
      <trkpt lat="53.260422" lon="-1.202352">
        <ele>81.3</ele>
        <time>2026-09-15T15:24:36.779Z</time>
      </trkpt>
      <trkpt lat="53.260433" lon="-1.202484">
        <ele>79.3</ele>
        <time>2026-09-15T15:24:39.838Z</time>
      </trkpt>
      <trkpt lat="53.260687" lon="-1.202395">
        <ele>77.4</ele>
        <time>2026-09-15T15:24:51.727Z</time>
      </trkpt>
      <trkpt lat="53.260673" lon="-1.202278">
        <ele>77.4</ele>
        <time>2026-09-15T15:24:54.946Z</time>
      </trkpt>
      <trkpt lat="53.260899" lon="-1.202425">
        <ele>74.8</ele>
        <time>2026-09-15T15:25:06.406Z</time>
      </trkpt>
      <trkpt lat="53.261048" lon="-1.202262">
        <ele>74.1</ele>
        <time>2026-09-15T15:25:16.193Z</time>
      </trkpt>
      <trkpt lat="53.261176" lon="-1.202535">
        <ele>73.8</ele>
        <time>2026-09-15T15:25:27.339Z</time>
      </trkpt>
      <trkpt lat="53.26131" lon="-1.202554">
        <ele>73.1</ele>
        <time>2026-09-15T15:25:35.423Z</time>
      </trkpt>
      <trkpt lat="53.261887" lon="-1.200989">
        <ele>72</ele>
        <time>2026-09-15T15:26:47.514Z</time>
      </trkpt>
      <trkpt lat="53.262174" lon="-1.199414">
        <ele>72.3</ele>
        <time>2026-09-15T15:27:55.385Z</time>
      </trkpt>
      <trkpt lat="53.262673" lon="-1.197935">
        <ele>72.5</ele>
        <time>2026-09-15T15:29:07.411Z</time>
      </trkpt>
      <trkpt lat="53.263138" lon="-1.197008">
        <ele>72.7</ele>
        <time>2026-09-15T15:29:58.683Z</time>
      </trkpt>
      <trkpt lat="53.263579" lon="-1.196393">
        <ele>74.3</ele>
        <time>2026-09-15T15:30:41.452Z</time>
      </trkpt>
      <trkpt lat="53.2639" lon="-1.196403">
        <ele>76</ele>
        <time>2026-09-15T15:31:07.566Z</time>
      </trkpt>
      <trkpt lat="53.264103" lon="-1.196179">
        <ele>77.4</ele>
        <time>2026-09-15T15:31:28.524Z</time>
      </trkpt>
      <trkpt lat="53.2637" lon="-1.194959">
        <ele>73.4</ele>
        <time>2026-09-15T15:32:20.731Z</time>
      </trkpt>
      <trkpt lat="53.263657" lon="-1.194234">
        <ele>71.8</ele>
        <time>2026-09-15T15:32:45.528Z</time>
      </trkpt>
      <trkpt lat="53.264402" lon="-1.191399">
        <ele>70.8</ele>
        <time>2026-09-15T15:34:48.796Z</time>
      </trkpt>
      <trkpt lat="53.26448" lon="-1.191457">
        <ele>70.8</ele>
        <time>2026-09-15T15:34:54.649Z</time>
      </trkpt>
      <trkpt lat="53.264416" lon="-1.191402">
        <ele>70.8</ele>
        <time>2026-09-15T15:34:59.635Z</time>
      </trkpt>
      <trkpt lat="53.264414" lon="-1.191496">
        <ele>70.8</ele>
        <time>2026-09-15T15:35:03.532Z</time>
      </trkpt>
      <trkpt lat="53.264413" lon="-1.191225">
        <ele>70.7</ele>
        <time>2026-09-15T15:35:14.762Z</time>
      </trkpt>
      <trkpt lat="53.264652" lon="-1.190379">
        <ele>69.7</ele>
        <time>2026-09-15T15:35:51.939Z</time>
      </trkpt>
      <trkpt lat="53.264918" lon="-1.188861">
        <ele>67.1</ele>
        <time>2026-09-15T15:36:51.259Z</time>
      </trkpt>
      <trkpt lat="53.264948" lon="-1.188201">
        <ele>66.3</ele>
        <time>2026-09-15T15:37:15.911Z</time>
      </trkpt>
      <trkpt lat="53.264859" lon="-1.187236">
        <ele>65.1</ele>
        <time>2026-09-15T15:37:53.148Z</time>
      </trkpt>
      <trkpt lat="53.264341" lon="-1.185009">
        <ele>62.3</ele>
        <time>2026-09-15T15:39:24.510Z</time>
      </trkpt>
      <trkpt lat="53.264127" lon="-1.183238">
        <ele>60.8</ele>
        <time>2026-09-15T15:40:34.501Z</time>
      </trkpt>
      <trkpt lat="53.264172" lon="-1.181826">
        <ele>60.1</ele>
        <time>2026-09-15T15:41:30.774Z</time>
      </trkpt>
      <trkpt lat="53.264255" lon="-1.181751">
        <ele>60.2</ele>
        <time>2026-09-15T15:41:37.251Z</time>
      </trkpt>
      <trkpt lat="53.26416" lon="-1.181608">
        <ele>60.3</ele>
        <time>2026-09-15T15:41:46.577Z</time>
      </trkpt>
      <trkpt lat="53.264174" lon="-1.180446">
        <ele>60.2</ele>
        <time>2026-09-15T15:42:35.565Z</time>
      </trkpt>
      <trkpt lat="53.264426" lon="-1.174425">
        <ele>59.4</ele>
        <time>2026-09-15T15:46:46.347Z</time>
      </trkpt>
      <trkpt lat="53.264259" lon="-1.172564">
        <ele>60.4</ele>
        <time>2026-09-15T15:48:05.428Z</time>
      </trkpt>
      <trkpt lat="53.264431" lon="-1.171622">
        <ele>61.9</ele>
        <time>2026-09-15T15:48:49.432Z</time>
      </trkpt>
      <trkpt lat="53.265166" lon="-1.169934">
        <ele>68.8</ele>
        <time>2026-09-15T15:50:34.055Z</time>
      </trkpt>
      <trkpt lat="53.265218" lon="-1.169525">
        <ele>70.4</ele>
        <time>2026-09-15T15:50:55.713Z</time>
      </trkpt>
      <trkpt lat="53.263911" lon="-1.16677">
        <ele>69.5</ele>
        <time>2026-09-15T15:53:25.176Z</time>
      </trkpt>
      <trkpt lat="53.263891" lon="-1.166539">
        <ele>69.2</ele>
        <time>2026-09-15T15:53:34.730Z</time>
      </trkpt>
      <trkpt lat="53.264446" lon="-1.166158">
        <ele>67.7</ele>
        <time>2026-09-15T15:54:12.271Z</time>
      </trkpt>
      <trkpt lat="53.265745" lon="-1.164577">
        <ele>64.1</ele>
        <time>2026-09-15T15:55:53.401Z</time>
      </trkpt>
      <trkpt lat="53.266098" lon="-1.164501">
        <ele>63.7</ele>
        <time>2026-09-15T15:56:16.097Z</time>
      </trkpt>
      <trkpt lat="53.266355" lon="-1.164278">
        <ele>63.2</ele>
        <time>2026-09-15T15:56:35.136Z</time>
      </trkpt>
      <trkpt lat="53.266694" lon="-1.163662">
        <ele>61.5</ele>
        <time>2026-09-15T15:57:05.938Z</time>
      </trkpt>
      <trkpt lat="53.267125" lon="-1.162128">
        <ele>56.5</ele>
        <time>2026-09-15T15:58:03.581Z</time>
      </trkpt>
      <trkpt lat="53.267372" lon="-1.161419">
        <ele>55.3</ele>
        <time>2026-09-15T15:58:31.894Z</time>
      </trkpt>
      <trkpt lat="53.2673" lon="-1.160839">
        <ele>54.8</ele>
        <time>2026-09-15T15:58:54.514Z</time>
      </trkpt>
      <trkpt lat="53.267025" lon="-1.160159">
        <ele>54.4</ele>
        <time>2026-09-15T15:59:27.298Z</time>
      </trkpt>
      <trkpt lat="53.267034" lon="-1.15937">
        <ele>53.6</ele>
        <time>2026-09-15T15:59:58.549Z</time>
      </trkpt>
      <trkpt lat="53.266549" lon="-1.158783">
        <ele>53.3</ele>
        <time>2026-09-15T16:00:38.600Z</time>
      </trkpt>
      <trkpt lat="53.266942" lon="-1.157975">
        <ele>53.7</ele>
        <time>2026-09-15T16:01:22.441Z</time>
      </trkpt>
      <trkpt lat="53.268446" lon="-1.155568">
        <ele>56.8</ele>
        <time>2026-09-15T16:03:56.893Z</time>
      </trkpt>
      <trkpt lat="53.269664" lon="-1.15338">
        <ele>58.9</ele>
        <time>2026-09-15T16:06:09.795Z</time>
      </trkpt>
      <trkpt lat="53.272067" lon="-1.15007">
        <ele>66.5</ele>
        <time>2026-09-15T16:10:07.347Z</time>
      </trkpt>
      <trkpt lat="53.272048" lon="-1.149961">
        <ele>66.8</ele>
        <time>2026-09-15T16:10:12.605Z</time>
      </trkpt>
      <trkpt lat="53.272128" lon="-1.150016">
        <ele>66.6</ele>
        <time>2026-09-15T16:10:18.671Z</time>
      </trkpt>
      <trkpt lat="53.272164" lon="-1.149516">
        <ele>66.5</ele>
        <time>2026-09-15T16:10:39.789Z</time>
      </trkpt>
      <trkpt lat="53.272429" lon="-1.149247">
        <ele>66.6</ele>
        <time>2026-09-15T16:11:01.248Z</time>
      </trkpt>
      <trkpt lat="53.271585" lon="-1.148038">
        <ele>67.6</ele>
        <time>2026-09-15T16:12:21.889Z</time>
      </trkpt>
      <trkpt lat="53.271416" lon="-1.147264">
        <ele>69</ele>
        <time>2026-09-15T16:12:58.755Z</time>
      </trkpt>
      <trkpt lat="53.271477" lon="-1.146885">
        <ele>70.1</ele>
        <time>2026-09-15T16:13:17.679Z</time>
      </trkpt>
      <trkpt lat="53.27144" lon="-1.145488">
        <ele>75.2</ele>
        <time>2026-09-15T16:14:30.344Z</time>
      </trkpt>
      <trkpt lat="53.271582" lon="-1.144752">
        <ele>78.4</ele>
        <time>2026-09-15T16:15:11.189Z</time>
      </trkpt>
      <trkpt lat="53.271978" lon="-1.143973">
        <ele>85.1</ele>
        <time>2026-09-15T16:16:08.642Z</time>
      </trkpt>
      <trkpt lat="53.272172" lon="-1.143729">
        <ele>91.5</ele>
        <time>2026-09-15T16:16:33.096Z</time>
      </trkpt>
      <trkpt lat="53.272297" lon="-1.143576">
        <ele>93.5</ele>
        <time>2026-09-15T16:16:49.153Z</time>
      </trkpt>
      <trkpt lat="53.272683" lon="-1.141245">
        <ele>103.4</ele>
        <time>2026-09-15T16:19:06.724Z</time>
      </trkpt>
      <trkpt lat="53.272601" lon="-1.14061">
        <ele>103.1</ele>
        <time>2026-09-15T16:19:39.941Z</time>
      </trkpt>
      <trkpt lat="53.272243" lon="-1.139373">
        <ele>101.7</ele>
        <time>2026-09-15T16:20:33.950Z</time>
      </trkpt>
      <trkpt lat="53.272114" lon="-1.13823">
        <ele>101.7</ele>
        <time>2026-09-15T16:21:20.710Z</time>
      </trkpt>
      <trkpt lat="53.272122" lon="-1.137346">
        <ele>102.1</ele>
        <time>2026-09-15T16:21:58.331Z</time>
      </trkpt>
      <trkpt lat="53.272015" lon="-1.13635">
        <ele>102.1</ele>
        <time>2026-09-15T16:22:41.440Z</time>
      </trkpt>
      <trkpt lat="53.2721" lon="-1.135609">
        <ele>102.2</ele>
        <time>2026-09-15T16:23:13.216Z</time>
      </trkpt>
      <trkpt lat="53.272118" lon="-1.132559">
        <ele>101</ele>
        <time>2026-09-15T16:25:18.349Z</time>
      </trkpt>
      <trkpt lat="53.272236" lon="-1.131825">
        <ele>101.5</ele>
        <time>2026-09-15T16:25:49.783Z</time>
      </trkpt>
      <trkpt lat="53.272348" lon="-1.131678">
        <ele>101.5</ele>
        <time>2026-09-15T16:26:00.083Z</time>
      </trkpt>
      <trkpt lat="53.272302" lon="-1.131265">
        <ele>101.6</ele>
        <time>2026-09-15T16:26:17.902Z</time>
      </trkpt>
      <trkpt lat="53.272413" lon="-1.130523">
        <ele>101.5</ele>
        <time>2026-09-15T16:26:49.977Z</time>
      </trkpt>
      <trkpt lat="53.272885" lon="-1.128737">
        <ele>102.7</ele>
        <time>2026-09-15T16:28:14.351Z</time>
      </trkpt>
      <trkpt lat="53.273441" lon="-1.122198">
        <ele>102.1</ele>
        <time>2026-09-15T16:32:52.784Z</time>
      </trkpt>
      <trkpt lat="53.273596" lon="-1.121213">
        <ele>101.8</ele>
        <time>2026-09-15T16:33:35.117Z</time>
      </trkpt>
      <trkpt lat="53.273847" lon="-1.118144">
        <ele>98.7</ele>
        <time>2026-09-15T16:35:36.985Z</time>
      </trkpt>
      <trkpt lat="53.274059" lon="-1.117171">
        <ele>97.5</ele>
        <time>2026-09-15T16:36:17.041Z</time>
      </trkpt>
      <trkpt lat="53.274232" lon="-1.116137">
        <ele>96.5</ele>
        <time>2026-09-15T16:36:58.564Z</time>
      </trkpt>
      <trkpt lat="53.274226" lon="-1.115836">
        <ele>96</ele>
        <time>2026-09-15T16:37:10.165Z</time>
      </trkpt>
      <trkpt lat="53.274488" lon="-1.114555">
        <ele>94.5</ele>
        <time>2026-09-15T16:38:01.835Z</time>
      </trkpt>
      <trkpt lat="53.274485" lon="-1.114176">
        <ele>93.9</ele>
        <time>2026-09-15T16:38:16.242Z</time>
      </trkpt>
      <trkpt lat="53.274597" lon="-1.113901">
        <ele>93.4</ele>
        <time>2026-09-15T16:38:28.602Z</time>
      </trkpt>
      <trkpt lat="53.274807" lon="-1.112654">
        <ele>91.5</ele>
        <time>2026-09-15T16:39:16.922Z</time>
      </trkpt>
      <trkpt lat="53.275163" lon="-1.110063">
        <ele>89.7</ele>
        <time>2026-09-15T16:41:00.610Z</time>
      </trkpt>
      <trkpt lat="53.27513" lon="-1.109837">
        <ele>89.4</ele>
        <time>2026-09-15T16:41:09.935Z</time>
      </trkpt>
      <trkpt lat="53.275299" lon="-1.109411">
        <ele>89.5</ele>
        <time>2026-09-15T16:41:30.939Z</time>
      </trkpt>
      <trkpt lat="53.275311" lon="-1.108795">
        <ele>89</ele>
        <time>2026-09-15T16:41:55.784Z</time>
      </trkpt>
      <trkpt lat="53.275489" lon="-1.107867">
        <ele>89.5</ele>
        <time>2026-09-15T16:42:36.651Z</time>
      </trkpt>
      <trkpt lat="53.275498" lon="-1.107255">
        <ele>89.9</ele>
        <time>2026-09-15T16:43:03.413Z</time>
      </trkpt>
      <trkpt lat="53.275636" lon="-1.1067">
        <ele>88.9</ele>
        <time>2026-09-15T16:43:27.682Z</time>
      </trkpt>
      <trkpt lat="53.27576" lon="-1.105376">
        <ele>86.3</ele>
        <time>2026-09-15T16:44:16.238Z</time>
      </trkpt>
      <trkpt lat="53.275914" lon="-1.105133">
        <ele>85.7</ele>
        <time>2026-09-15T16:44:29.032Z</time>
      </trkpt>
      <trkpt lat="53.275915" lon="-1.104408">
        <ele>84.8</ele>
        <time>2026-09-15T16:44:56.300Z</time>
      </trkpt>
      <trkpt lat="53.276114" lon="-1.103697">
        <ele>85.1</ele>
        <time>2026-09-15T16:45:28.235Z</time>
      </trkpt>
      <trkpt lat="53.276191" lon="-1.102542">
        <ele>83.4</ele>
        <time>2026-09-15T16:46:14.343Z</time>
      </trkpt>
      <trkpt lat="53.276328" lon="-1.102027">
        <ele>82.5</ele>
        <time>2026-09-15T16:46:35.346Z</time>
      </trkpt>
      <trkpt lat="53.276419" lon="-1.101382">
        <ele>82.1</ele>
        <time>2026-09-15T16:47:00.937Z</time>
      </trkpt>
      <trkpt lat="53.276458" lon="-1.100678">
        <ele>81.7</ele>
        <time>2026-09-15T16:47:29.284Z</time>
      </trkpt>
      <trkpt lat="53.276578" lon="-1.100421">
        <ele>81.3</ele>
        <time>2026-09-15T16:47:42.164Z</time>
      </trkpt>
      <trkpt lat="53.276595" lon="-1.099762">
        <ele>80.6</ele>
        <time>2026-09-15T16:48:07.522Z</time>
      </trkpt>
      <trkpt lat="53.276872" lon="-1.0982">
        <ele>78.2</ele>
        <time>2026-09-15T16:49:08.976Z</time>
      </trkpt>
      <trkpt lat="53.276828" lon="-1.097996">
        <ele>78</ele>
        <time>2026-09-15T16:49:17.140Z</time>
      </trkpt>
      <trkpt lat="53.276904" lon="-1.097613">
        <ele>77.5</ele>
        <time>2026-09-15T16:49:32.638Z</time>
      </trkpt>
      <trkpt lat="53.276361" lon="-1.094922">
        <ele>76.5</ele>
        <time>2026-09-15T16:51:27.337Z</time>
      </trkpt>
      <trkpt lat="53.277082" lon="-1.091618">
        <ele>73.2</ele>
        <time>2026-09-15T16:53:47.340Z</time>
      </trkpt>
      <trkpt lat="53.277232" lon="-1.091239">
        <ele>72.6</ele>
        <time>2026-09-15T16:54:05.000Z</time>
      </trkpt>
      <trkpt lat="53.277443" lon="-1.09001">
        <ele>70.6</ele>
        <time>2026-09-15T16:54:52.668Z</time>
      </trkpt>
      <trkpt lat="53.277777" lon="-1.088922">
        <ele>68.2</ele>
        <time>2026-09-15T16:55:37.321Z</time>
      </trkpt>
      <trkpt lat="53.277898" lon="-1.088158">
        <ele>66.4</ele>
        <time>2026-09-15T16:56:05.427Z</time>
      </trkpt>
      <trkpt lat="53.278082" lon="-1.087718">
        <ele>65</ele>
        <time>2026-09-15T16:56:24.027Z</time>
      </trkpt>
      <trkpt lat="53.278132" lon="-1.087152">
        <ele>63.6</ele>
        <time>2026-09-15T16:56:43.670Z</time>
      </trkpt>
      <trkpt lat="53.278626" lon="-1.085115">
        <ele>57.2</ele>
        <time>2026-09-15T16:57:57.412Z</time>
      </trkpt>
      <trkpt lat="53.278553" lon="-1.084883">
        <ele>57.1</ele>
        <time>2026-09-15T16:58:06.518Z</time>
      </trkpt>
      <trkpt lat="53.278402" lon="-1.084811">
        <ele>57</ele>
        <time>2026-09-15T16:58:17.271Z</time>
      </trkpt>
      <trkpt lat="53.278447" lon="-1.084754">
        <ele>56.9</ele>
        <time>2026-09-15T16:58:21.154Z</time>
      </trkpt>
      <trkpt lat="53.278343" lon="-1.084693">
        <ele>56.9</ele>
        <time>2026-09-15T16:58:28.737Z</time>
      </trkpt>
      <trkpt lat="53.278433" lon="-1.084748">
        <ele>56.9</ele>
        <time>2026-09-15T16:58:35.418Z</time>
      </trkpt>
      <trkpt lat="53.278384" lon="-1.084837">
        <ele>56.9</ele>
        <time>2026-09-15T16:58:40.461Z</time>
      </trkpt>
      <trkpt lat="53.278419" lon="-1.084736">
        <ele>56.9</ele>
        <time>2026-09-15T16:58:45.386Z</time>
      </trkpt>
      <trkpt lat="53.278308" lon="-1.084733">
        <ele>57</ele>
        <time>2026-09-15T16:58:53.218Z</time>
      </trkpt>
      <trkpt lat="53.27837" lon="-1.084734">
        <ele>57</ele>
        <time>2026-09-15T16:58:57.636Z</time>
      </trkpt>
      <trkpt lat="53.278336" lon="-1.084745">
        <ele>57</ele>
        <time>2026-09-15T16:59:00.103Z</time>
      </trkpt>
      <trkpt lat="53.278334" lon="-1.084745">
        <ele>57</ele>
        <time>2026-09-15T16:59:00.245Z</time>
      </trkpt>
      <trkpt lat="53.278439" lon="-1.084706">
        <ele>57.1</ele>
        <time>2026-09-15T16:59:07.910Z</time>
      </trkpt>
      <trkpt lat="53.27806" lon="-1.084723">
        <ele>57.2</ele>
        <time>2026-09-15T16:59:34.965Z</time>
      </trkpt>
      <trkpt lat="53.278376" lon="-1.084703">
        <ele>56.9</ele>
        <time>2026-09-15T16:59:56.853Z</time>
      </trkpt>
      <trkpt lat="53.278599" lon="-1.084936">
        <ele>57.1</ele>
        <time>2026-09-15T17:00:15.148Z</time>
      </trkpt>
      <trkpt lat="53.279472" lon="-1.087496">
        <ele>63</ele>
        <time>2026-09-15T17:02:35.057Z</time>
      </trkpt>
      <trkpt lat="53.280462" lon="-1.089109">
        <ele>60.3</ele>
        <time>2026-09-15T17:04:16.402Z</time>
      </trkpt>
      <trkpt lat="53.280743" lon="-1.089773">
        <ele>56.2</ele>
        <time>2026-09-15T17:04:45.120Z</time>
      </trkpt>
      <trkpt lat="53.281535" lon="-1.090536">
        <ele>54.9</ele>
        <time>2026-09-15T17:05:38.525Z</time>
      </trkpt>
      <trkpt lat="53.281884" lon="-1.090855">
        <ele>54</ele>
        <time>2026-09-15T17:06:04.327Z</time>
      </trkpt>
      <trkpt lat="53.28253" lon="-1.091557">
        <ele>53.7</ele>
        <time>2026-09-15T17:06:55.862Z</time>
      </trkpt>
      <trkpt lat="53.283013" lon="-1.09182">
        <ele>56</ele>
        <time>2026-09-15T17:07:33.970Z</time>
      </trkpt>
      <trkpt lat="53.284151" lon="-1.092181">
        <ele>63.7</ele>
        <time>2026-09-15T17:09:15.209Z</time>
      </trkpt>
      <trkpt lat="53.284471" lon="-1.092166">
        <ele>64.6</ele>
        <time>2026-09-15T17:09:43.047Z</time>
      </trkpt>
      <trkpt lat="53.28459" lon="-1.092308">
        <ele>65.1</ele>
        <time>2026-09-15T17:09:54.649Z</time>
      </trkpt>
      <trkpt lat="53.285289" lon="-1.092499">
        <ele>66.4</ele>
        <time>2026-09-15T17:10:48.965Z</time>
      </trkpt>
      <trkpt lat="53.28617" lon="-1.092633">
        <ele>67.3</ele>
        <time>2026-09-15T17:11:54.833Z</time>
      </trkpt>
      <trkpt lat="53.286322" lon="-1.092761">
        <ele>67.4</ele>
        <time>2026-09-15T17:12:07.273Z</time>
      </trkpt>
      <trkpt lat="53.286662" lon="-1.092683">
        <ele>67.8</ele>
        <time>2026-09-15T17:12:32.390Z</time>
      </trkpt>
      <trkpt lat="53.287396" lon="-1.092862">
        <ele>69.2</ele>
        <time>2026-09-15T17:13:28.258Z</time>
      </trkpt>
      <trkpt lat="53.288784" lon="-1.093414">
        <ele>67.9</ele>
        <time>2026-09-15T17:15:08.513Z</time>
      </trkpt>
      <trkpt lat="53.288842" lon="-1.089979">
        <ele>62.4</ele>
        <time>2026-09-15T17:17:20.040Z</time>
      </trkpt>
      <trkpt lat="53.288741" lon="-1.088802">
        <ele>60.6</ele>
        <time>2026-09-15T17:18:04.077Z</time>
      </trkpt>
      <trkpt lat="53.288828" lon="-1.08833">
        <ele>59.5</ele>
        <time>2026-09-15T17:18:22.156Z</time>
      </trkpt>
      <trkpt lat="53.288722" lon="-1.087587">
        <ele>57.3</ele>
        <time>2026-09-15T17:18:48.167Z</time>
      </trkpt>
      <trkpt lat="53.288744" lon="-1.086905">
        <ele>56.1</ele>
        <time>2026-09-15T17:19:11.937Z</time>
      </trkpt>
      <trkpt lat="53.288872" lon="-1.085077">
        <ele>55.1</ele>
        <time>2026-09-15T17:20:24.060Z</time>
      </trkpt>
      <trkpt lat="53.288791" lon="-1.084629">
        <ele>53.8</ele>
        <time>2026-09-15T17:20:42.221Z</time>
      </trkpt>
      <trkpt lat="53.288853" lon="-1.084353">
        <ele>53</ele>
        <time>2026-09-15T17:20:52.157Z</time>
      </trkpt>
      <trkpt lat="53.28889" lon="-1.076663">
        <ele>55.8</ele>
        <time>2026-09-15T17:26:20.604Z</time>
      </trkpt>
      <trkpt lat="53.288928" lon="-1.076357">
        <ele>56.6</ele>
        <time>2026-09-15T17:26:34.197Z</time>
      </trkpt>
      <trkpt lat="53.289113" lon="-1.076105">
        <ele>57.2</ele>
        <time>2026-09-15T17:26:53.331Z</time>
      </trkpt>
      <trkpt lat="53.290251" lon="-1.076542">
        <ele>49.9</ele>
        <time>2026-09-15T17:28:02.056Z</time>
      </trkpt>
      <trkpt lat="53.29034" lon="-1.076677">
        <ele>49.8</ele>
        <time>2026-09-15T17:28:08.479Z</time>
      </trkpt>
      <trkpt lat="53.290116" lon="-1.077269">
        <ele>50.2</ele>
        <time>2026-09-15T17:28:38.583Z</time>
      </trkpt>
      <trkpt lat="53.290029" lon="-1.080135">
        <ele>67.9</ele>
        <time>2026-09-15T17:31:17.530Z</time>
      </trkpt>
      <trkpt lat="53.289662" lon="-1.082811">
        <ele>68.2</ele>
        <time>2026-09-15T17:33:38.404Z</time>
      </trkpt>
      <trkpt lat="53.289656" lon="-1.083564">
        <ele>67.8</ele>
        <time>2026-09-15T17:34:09.903Z</time>
      </trkpt>
      <trkpt lat="53.289825" lon="-1.08457">
        <ele>67.5</ele>
        <time>2026-09-15T17:34:52.426Z</time>
      </trkpt>
      <trkpt lat="53.290242" lon="-1.085529">
        <ele>67.5</ele>
        <time>2026-09-15T17:35:41.635Z</time>
      </trkpt>
      <trkpt lat="53.290569" lon="-1.086635">
        <ele>68.1</ele>
        <time>2026-09-15T17:36:34.321Z</time>
      </trkpt>
      <trkpt lat="53.290849" lon="-1.087117">
        <ele>68.2</ele>
        <time>2026-09-15T17:37:03.272Z</time>
      </trkpt>
      <trkpt lat="53.291767" lon="-1.087591">
        <ele>67.9</ele>
        <time>2026-09-15T17:38:10.198Z</time>
      </trkpt>
      <trkpt lat="53.292236" lon="-1.087508">
        <ele>66.6</ele>
        <time>2026-09-15T17:38:41.615Z</time>
      </trkpt>
      <trkpt lat="53.292804" lon="-1.086656">
        <ele>60.7</ele>
        <time>2026-09-15T17:39:22.241Z</time>
      </trkpt>
      <trkpt lat="53.293066" lon="-1.085933">
        <ele>59.5</ele>
        <time>2026-09-15T17:39:49.443Z</time>
      </trkpt>
      <trkpt lat="53.293434" lon="-1.085563">
        <ele>58</ele>
        <time>2026-09-15T17:40:15.726Z</time>
      </trkpt>
      <trkpt lat="53.294103" lon="-1.085374">
        <ele>55.3</ele>
        <time>2026-09-15T17:40:55.493Z</time>
      </trkpt>
      <trkpt lat="53.29469" lon="-1.085861">
        <ele>53.5</ele>
        <time>2026-09-15T17:41:34.675Z</time>
      </trkpt>
      <trkpt lat="53.294949" lon="-1.085935">
        <ele>53</ele>
        <time>2026-09-15T17:41:51.058Z</time>
      </trkpt>
      <trkpt lat="53.296167" lon="-1.085374">
        <ele>55.7</ele>
        <time>2026-09-15T17:43:25.360Z</time>
      </trkpt>
      <trkpt lat="53.29583" lon="-1.084594">
        <ele>57.8</ele>
        <time>2026-09-15T17:44:10.349Z</time>
      </trkpt>
      <trkpt lat="53.295721" lon="-1.084099">
        <ele>57.8</ele>
        <time>2026-09-15T17:44:34.769Z</time>
      </trkpt>
      <trkpt lat="53.295982" lon="-1.081709">
        <ele>56.1</ele>
        <time>2026-09-15T17:46:12.206Z</time>
      </trkpt>
      <trkpt lat="53.296112" lon="-1.081257">
        <ele>55.8</ele>
        <time>2026-09-15T17:46:32.153Z</time>
      </trkpt>
      <trkpt lat="53.296022" lon="-1.080987">
        <ele>55.2</ele>
        <time>2026-09-15T17:46:44.038Z</time>
      </trkpt>
      <trkpt lat="53.296142" lon="-1.080334">
        <ele>53.4</ele>
        <time>2026-09-15T17:47:07.680Z</time>
      </trkpt>
      <trkpt lat="53.296323" lon="-1.079822">
        <ele>51.5</ele>
        <time>2026-09-15T17:47:27.500Z</time>
      </trkpt>
      <trkpt lat="53.296565" lon="-1.079498">
        <ele>49.5</ele>
        <time>2026-09-15T17:47:43.983Z</time>
      </trkpt>
      <trkpt lat="53.297286" lon="-1.079519">
        <ele>44.2</ele>
        <time>2026-09-15T17:48:20.324Z</time>
      </trkpt>
      <trkpt lat="53.297182" lon="-1.079216">
        <ele>42.4</ele>
        <time>2026-09-15T17:48:30.605Z</time>
      </trkpt>
      <trkpt lat="53.297537" lon="-1.07904">
        <ele>38.8</ele>
        <time>2026-09-15T17:48:47.677Z</time>
      </trkpt>
      <trkpt lat="53.297948" lon="-1.079544">
        <ele>35.5</ele>
        <time>2026-09-15T17:49:12.552Z</time>
      </trkpt>
      <trkpt lat="53.298221" lon="-1.079431">
        <ele>33.6</ele>
        <time>2026-09-15T17:49:27.038Z</time>
      </trkpt>
      <trkpt lat="53.298714" lon="-1.080013">
        <ele>32.3</ele>
        <time>2026-09-15T17:50:02.698Z</time>
      </trkpt>
      <trkpt lat="53.298844" lon="-1.07996">
        <ele>32.1</ele>
        <time>2026-09-15T17:50:11.391Z</time>
      </trkpt>
      <trkpt lat="53.29911" lon="-1.080179">
        <ele>31.9</ele>
        <time>2026-09-15T17:50:31.313Z</time>
      </trkpt>
      <trkpt lat="53.299325" lon="-1.080551">
        <ele>31.9</ele>
        <time>2026-09-15T17:50:52.474Z</time>
      </trkpt>
      <trkpt lat="53.299866" lon="-1.081042">
        <ele>31.9</ele>
        <time>2026-09-15T17:51:35.633Z</time>
      </trkpt>
      <trkpt lat="53.300171" lon="-1.081531">
        <ele>32.1</ele>
        <time>2026-09-15T17:52:05.511Z</time>
      </trkpt>
      <trkpt lat="53.300308" lon="-1.081834">
        <ele>32.2</ele>
        <time>2026-09-15T17:52:21.763Z</time>
      </trkpt>
      <trkpt lat="53.300812" lon="-1.083969">
        <ele>31.3</ele>
        <time>2026-09-15T17:53:55.803Z</time>
      </trkpt>
      <trkpt lat="53.301086" lon="-1.084333">
        <ele>31.1</ele>
        <time>2026-09-15T17:54:19.633Z</time>
      </trkpt>
      <trkpt lat="53.301468" lon="-1.084517">
        <ele>30.5</ele>
        <time>2026-09-15T17:54:46.170Z</time>
      </trkpt>
      <trkpt lat="53.301453" lon="-1.085201">
        <ele>29.5</ele>
        <time>2026-09-15T17:55:12.322Z</time>
      </trkpt>
      <trkpt lat="53.301961" lon="-1.085488">
        <ele>30</ele>
        <time>2026-09-15T17:55:49.027Z</time>
      </trkpt>
      <trkpt lat="53.302219" lon="-1.08557">
        <ele>29.8</ele>
        <time>2026-09-15T17:56:07.714Z</time>
      </trkpt>
      <trkpt lat="53.302219" lon="-1.085381">
        <ele>29.8</ele>
        <time>2026-09-15T17:56:15.444Z</time>
      </trkpt>
      <trkpt lat="53.30324" lon="-1.083259">
        <ele>29.3</ele>
        <time>2026-09-15T17:58:07.818Z</time>
      </trkpt>
      <trkpt lat="53.303613" lon="-1.081987">
        <ele>29.2</ele>
        <time>2026-09-15T17:59:06.546Z</time>
      </trkpt>
      <trkpt lat="53.30373" lon="-1.080662">
        <ele>29</ele>
        <time>2026-09-15T18:00:02.214Z</time>
      </trkpt>
      <trkpt lat="53.303679" lon="-1.079439">
        <ele>28.8</ele>
        <time>2026-09-15T18:00:52.985Z</time>
      </trkpt>
      <trkpt lat="53.303737" lon="-1.077839">
        <ele>28.9</ele>
        <time>2026-09-15T18:01:59.978Z</time>
      </trkpt>
      <trkpt lat="53.304461" lon="-1.073793">
        <ele>28.5</ele>
        <time>2026-09-15T18:04:56.279Z</time>
      </trkpt>
      <trkpt lat="53.305147" lon="-1.072614">
        <ele>28.4</ele>
        <time>2026-09-15T18:06:04.793Z</time>
      </trkpt>
      <trkpt lat="53.305859" lon="-1.072338">
        <ele>29.9</ele>
        <time>2026-09-15T18:06:57.923Z</time>
      </trkpt>
      <trkpt lat="53.305796" lon="-1.072069">
        <ele>29.9</ele>
        <time>2026-09-15T18:07:10.926Z</time>
      </trkpt>
      <trkpt lat="53.306368" lon="-1.071465">
        <ele>28.5</ele>
        <time>2026-09-15T18:07:54.864Z</time>
      </trkpt>
      <trkpt lat="53.307571" lon="-1.06938">
        <ele>28.5</ele>
        <time>2026-09-15T18:09:53.140Z</time>
      </trkpt>
      <trkpt lat="53.308252" lon="-1.067903">
        <ele>28.6</ele>
        <time>2026-09-15T18:11:11.435Z</time>
      </trkpt>
      <trkpt lat="53.308487" lon="-1.067621">
        <ele>28.7</ele>
        <time>2026-09-15T18:11:31.842Z</time>
      </trkpt>
      <trkpt lat="53.308804" lon="-1.066694">
        <ele>28.5</ele>
        <time>2026-09-15T18:12:16.378Z</time>
      </trkpt>
      <trkpt lat="53.309218" lon="-1.064951">
        <ele>28.8</ele>
        <time>2026-09-15T18:13:35.169Z</time>
      </trkpt>
      <trkpt lat="53.309379" lon="-1.063292">
        <ele>28.7</ele>
        <time>2026-09-15T18:14:45.890Z</time>
      </trkpt>
      <trkpt lat="53.309502" lon="-1.06258">
        <ele>28.8</ele>
        <time>2026-09-15T18:15:16.944Z</time>
      </trkpt>
      <trkpt lat="53.310499" lon="-1.061023">
        <ele>29.2</ele>
        <time>2026-09-15T18:16:53.759Z</time>
      </trkpt>
      <trkpt lat="53.31091" lon="-1.060205">
        <ele>29.3</ele>
        <time>2026-09-15T18:17:39.042Z</time>
      </trkpt>
      <trkpt lat="53.310931" lon="-1.06085">
        <ele>29.4</ele>
        <time>2026-09-15T18:18:06.343Z</time>
      </trkpt>
      <trkpt lat="53.310873" lon="-1.060259">
        <ele>29.4</ele>
        <time>2026-09-15T18:18:31.587Z</time>
      </trkpt>
      <trkpt lat="53.311816" lon="-1.058663">
        <ele>29.2</ele>
        <time>2026-09-15T18:20:05.135Z</time>
      </trkpt>
      <trkpt lat="53.312312" lon="-1.05823">
        <ele>29.3</ele>
        <time>2026-09-15T18:20:44.270Z</time>
      </trkpt>
      <trkpt lat="53.312489" lon="-1.057929">
        <ele>29.4</ele>
        <time>2026-09-15T18:21:02.162Z</time>
      </trkpt>
      <trkpt lat="53.312794" lon="-1.057135">
        <ele>29.3</ele>
        <time>2026-09-15T18:21:41.710Z</time>
      </trkpt>
      <trkpt lat="53.313127" lon="-1.055682">
        <ele>29.1</ele>
        <time>2026-09-15T18:22:46.321Z</time>
      </trkpt>
      <trkpt lat="53.313717" lon="-1.054706">
        <ele>28.9</ele>
        <time>2026-09-15T18:23:43.897Z</time>
      </trkpt>
      <trkpt lat="53.313764" lon="-1.053954">
        <ele>29.4</ele>
        <time>2026-09-15T18:24:15.907Z</time>
      </trkpt>
      <trkpt lat="53.313545" lon="-1.053174">
        <ele>29.8</ele>
        <time>2026-09-15T18:24:53.522Z</time>
      </trkpt>
      <trkpt lat="53.313774" lon="-1.052691">
        <ele>28.7</ele>
        <time>2026-09-15T18:25:18.436Z</time>
      </trkpt>
      <trkpt lat="53.313512" lon="-1.05242">
        <ele>28.2</ele>
        <time>2026-09-15T18:25:37.770Z</time>
      </trkpt>
      <trkpt lat="53.313501" lon="-1.051911">
        <ele>27.9</ele>
        <time>2026-09-15T18:25:57.861Z</time>
      </trkpt>
      <trkpt lat="53.314557" lon="-1.04873">
        <ele>27.8</ele>
        <time>2026-09-15T18:28:29.215Z</time>
      </trkpt>
      <trkpt lat="53.314668" lon="-1.048159">
        <ele>27.6</ele>
        <time>2026-09-15T18:28:54.238Z</time>
      </trkpt>
      <trkpt lat="53.314726" lon="-1.046768">
        <ele>27.5</ele>
        <time>2026-09-15T18:29:51.993Z</time>
      </trkpt>
      <trkpt lat="53.315172" lon="-1.045229">
        <ele>27.1</ele>
        <time>2026-09-15T18:31:02.785Z</time>
      </trkpt>
      <trkpt lat="53.315644" lon="-1.042632">
        <ele>27.1</ele>
        <time>2026-09-15T18:32:55.733Z</time>
      </trkpt>
      <trkpt lat="53.315658" lon="-1.040994">
        <ele>26.9</ele>
        <time>2026-09-15T18:34:04.124Z</time>
      </trkpt>
      <trkpt lat="53.315594" lon="-1.040139">
        <ele>26.9</ele>
        <time>2026-09-15T18:34:40.006Z</time>
      </trkpt>
      <trkpt lat="53.315479" lon="-1.039932">
        <ele>26.9</ele>
        <time>2026-09-15T18:34:51.786Z</time>
      </trkpt>
      <trkpt lat="53.315507" lon="-1.039622">
        <ele>26.8</ele>
        <time>2026-09-15T18:35:04.755Z</time>
      </trkpt>
      <trkpt lat="53.314873" lon="-1.038228">
        <ele>26.7</ele>
        <time>2026-09-15T18:36:17.682Z</time>
      </trkpt>
      <trkpt lat="53.314727" lon="-1.037418">
        <ele>26.7</ele>
        <time>2026-09-15T18:36:53.024Z</time>
      </trkpt>
      <trkpt lat="53.314939" lon="-1.036362">
        <ele>26.8</ele>
        <time>2026-09-15T18:37:39.875Z</time>
      </trkpt>
      <trkpt lat="53.315253" lon="-1.03545">
        <ele>26.8</ele>
        <time>2026-09-15T18:38:24.126Z</time>
      </trkpt>
      <trkpt lat="53.31538" lon="-1.035308">
        <ele>26.8</ele>
        <time>2026-09-15T18:38:34.836Z</time>
      </trkpt>
      <trkpt lat="53.316165" lon="-1.035217">
        <ele>27</ele>
        <time>2026-09-15T18:39:30.544Z</time>
      </trkpt>
      <trkpt lat="53.316784" lon="-1.034907">
        <ele>27.2</ele>
        <time>2026-09-15T18:40:16.421Z</time>
      </trkpt>
      <trkpt lat="53.316892" lon="-1.0341">
        <ele>27.3</ele>
        <time>2026-09-15T18:40:51.476Z</time>
      </trkpt>
      <trkpt lat="53.316575" lon="-1.033241">
        <ele>27.3</ele>
        <time>2026-09-15T18:41:33.947Z</time>
      </trkpt>
      <trkpt lat="53.31673" lon="-1.032663">
        <ele>27.2</ele>
        <time>2026-09-15T18:42:00.367Z</time>
      </trkpt>
      <trkpt lat="53.316838" lon="-1.032589">
        <ele>27.1</ele>
        <time>2026-09-15T18:42:08.401Z</time>
      </trkpt>
      <trkpt lat="53.31769" lon="-1.032778">
        <ele>27.2</ele>
        <time>2026-09-15T18:43:08.670Z</time>
      </trkpt>
      <trkpt lat="53.318471" lon="-1.032511">
        <ele>27.3</ele>
        <time>2026-09-15T18:44:04.872Z</time>
      </trkpt>
      <trkpt lat="53.319217" lon="-1.031668">
        <ele>27.3</ele>
        <time>2026-09-15T18:45:08.156Z</time>
      </trkpt>
      <trkpt lat="53.319701" lon="-1.030459">
        <ele>27.4</ele>
        <time>2026-09-15T18:46:09.277Z</time>
      </trkpt>
      <trkpt lat="53.320271" lon="-1.028844">
        <ele>27.3</ele>
        <time>2026-09-15T18:47:27.853Z</time>
      </trkpt>
      <trkpt lat="53.320336" lon="-1.028168">
        <ele>27.2</ele>
        <time>2026-09-15T18:47:56.366Z</time>
      </trkpt>
      <trkpt lat="53.320123" lon="-1.027777">
        <ele>26.9</ele>
        <time>2026-09-15T18:48:17.983Z</time>
      </trkpt>
      <trkpt lat="53.319982" lon="-1.027714">
        <ele>27</ele>
        <time>2026-09-15T18:48:28.217Z</time>
      </trkpt>
      <trkpt lat="53.320163" lon="-1.027709">
        <ele>27.2</ele>
        <time>2026-09-15T18:48:41.433Z</time>
      </trkpt>
      <trkpt lat="53.319955" lon="-1.027316">
        <ele>27.4</ele>
        <time>2026-09-15T18:49:04.198Z</time>
      </trkpt>
      <trkpt lat="53.319186" lon="-1.026413">
        <ele>27.4</ele>
        <time>2026-09-15T18:50:10.541Z</time>
      </trkpt>
      <trkpt lat="53.31911" lon="-1.025879">
        <ele>27.3</ele>
        <time>2026-09-15T18:50:33.455Z</time>
      </trkpt>
      <trkpt lat="53.319177" lon="-1.025361">
        <ele>27.3</ele>
        <time>2026-09-15T18:50:55.501Z</time>
      </trkpt>
      <trkpt lat="53.319299" lon="-1.025267">
        <ele>27.3</ele>
        <time>2026-09-15T18:51:04.919Z</time>
      </trkpt>
      <trkpt lat="53.319874" lon="-1.02559">
        <ele>27</ele>
        <time>2026-09-15T18:51:46.677Z</time>
      </trkpt>
      <trkpt lat="53.320612" lon="-1.025529">
        <ele>27.2</ele>
        <time>2026-09-15T18:52:38.320Z</time>
      </trkpt>
      <trkpt lat="53.320815" lon="-1.025331">
        <ele>27.2</ele>
        <time>2026-09-15T18:52:54.946Z</time>
      </trkpt>
      <trkpt lat="53.321216" lon="-1.024508">
        <ele>27.3</ele>
        <time>2026-09-15T18:53:39.664Z</time>
      </trkpt>
      <trkpt lat="53.321343" lon="-1.024467">
        <ele>27.3</ele>
        <time>2026-09-15T18:53:48.788Z</time>
      </trkpt>
      <trkpt lat="53.321792" lon="-1.024756">
        <ele>27.2</ele>
        <time>2026-09-15T18:54:22.272Z</time>
      </trkpt>
      <trkpt lat="53.322073" lon="-1.025569">
        <ele>27.2</ele>
        <time>2026-09-15T18:55:01.447Z</time>
      </trkpt>
      <trkpt lat="53.32238" lon="-1.026082">
        <ele>27.1</ele>
        <time>2026-09-15T18:55:31.726Z</time>
      </trkpt>
      <trkpt lat="53.32296" lon="-1.026617">
        <ele>27.3</ele>
        <time>2026-09-15T18:56:18.354Z</time>
      </trkpt>
      <trkpt lat="53.323457" lon="-1.026823">
        <ele>27.5</ele>
        <time>2026-09-15T18:56:54.808Z</time>
      </trkpt>
      <trkpt lat="53.323991" lon="-1.026295">
        <ele>27.4</ele>
        <time>2026-09-15T18:57:38.470Z</time>
      </trkpt>
      <trkpt lat="53.326041" lon="-1.026486">
        <ele>27.1</ele>
        <time>2026-09-15T19:00:01.481Z</time>
      </trkpt>
      <trkpt lat="53.328459" lon="-1.026651">
        <ele>27.1</ele>
        <time>2026-09-15T19:02:50.675Z</time>
      </trkpt>
      <trkpt lat="53.330676" lon="-1.026495">
        <ele>27.3</ele>
        <time>2026-09-15T19:05:26.583Z</time>
      </trkpt>
      <trkpt lat="53.331523" lon="-1.026774">
        <ele>27.4</ele>
        <time>2026-09-15T19:06:27.382Z</time>
      </trkpt>
      <trkpt lat="53.331885" lon="-1.02656">
        <ele>27.7</ele>
        <time>2026-09-15T19:06:54.692Z</time>
      </trkpt>
      <trkpt lat="53.33303" lon="-1.024931">
        <ele>28.3</ele>
        <time>2026-09-15T19:08:42.311Z</time>
      </trkpt>
      <trkpt lat="53.333263" lon="-1.024437">
        <ele>28.2</ele>
        <time>2026-09-15T19:09:08.987Z</time>
      </trkpt>
      <trkpt lat="53.33393" lon="-1.0237">
        <ele>28</ele>
        <time>2026-09-15T19:10:04.382Z</time>
      </trkpt>
      <trkpt lat="53.334309" lon="-1.023021">
        <ele>27.9</ele>
        <time>2026-09-15T19:10:42.914Z</time>
      </trkpt>
      <trkpt lat="53.334416" lon="-1.02236">
        <ele>27.4</ele>
        <time>2026-09-15T19:11:10.791Z</time>
      </trkpt>
      <trkpt lat="53.334271" lon="-1.021595">
        <ele>27.2</ele>
        <time>2026-09-15T19:11:43.211Z</time>
      </trkpt>
      <trkpt lat="53.333203" lon="-1.019367">
        <ele>27.1</ele>
        <time>2026-09-15T19:13:42.113Z</time>
      </trkpt>
      <trkpt lat="53.332935" lon="-1.018508">
        <ele>27.2</ele>
        <time>2026-09-15T19:14:22.698Z</time>
      </trkpt>
      <trkpt lat="53.332919" lon="-1.018112">
        <ele>27.3</ele>
        <time>2026-09-15T19:14:39.501Z</time>
      </trkpt>
      <trkpt lat="53.333264" lon="-1.016729">
        <ele>27.4</ele>
        <time>2026-09-15T19:15:42.765Z</time>
      </trkpt>
      <trkpt lat="53.333271" lon="-1.0155">
        <ele>27.4</ele>
        <time>2026-09-15T19:16:34.375Z</time>
      </trkpt>
      <trkpt lat="53.333487" lon="-1.014913">
        <ele>27.4</ele>
        <time>2026-09-15T19:17:03.249Z</time>
      </trkpt>
      <trkpt lat="53.334885" lon="-1.012818">
        <ele>28</ele>
        <time>2026-09-15T19:19:16.357Z</time>
      </trkpt>
      <trkpt lat="53.335314" lon="-1.011867">
        <ele>28.3</ele>
        <time>2026-09-15T19:20:07.046Z</time>
      </trkpt>
      <trkpt lat="53.335482" lon="-1.011194">
        <ele>28.1</ele>
        <time>2026-09-15T19:20:37.711Z</time>
      </trkpt>
      <trkpt lat="53.335621" lon="-1.010994">
        <ele>28</ele>
        <time>2026-09-15T19:20:50.281Z</time>
      </trkpt>
      <trkpt lat="53.335763" lon="-1.010064">
        <ele>28</ele>
        <time>2026-09-15T19:21:30.237Z</time>
      </trkpt>
      <trkpt lat="53.33592" lon="-1.009834">
        <ele>27.9</ele>
        <time>2026-09-15T19:21:44.779Z</time>
      </trkpt>
      <trkpt lat="53.336592" lon="-1.006699">
        <ele>27.7</ele>
        <time>2026-09-15T19:24:03.399Z</time>
      </trkpt>
      <trkpt lat="53.336946" lon="-1.005511">
        <ele>26.3</ele>
        <time>2026-09-15T19:24:57.556Z</time>
      </trkpt>
      <trkpt lat="53.337462" lon="-1.004852">
        <ele>25.8</ele>
        <time>2026-09-15T19:25:40.378Z</time>
      </trkpt>
      <trkpt lat="53.338345" lon="-1.005102">
        <ele>25.5</ele>
        <time>2026-09-15T19:26:41.715Z</time>
      </trkpt>
      <trkpt lat="53.338645" lon="-1.005056">
        <ele>25.4</ele>
        <time>2026-09-15T19:27:02.524Z</time>
      </trkpt>
      <trkpt lat="53.338836" lon="-1.004583">
        <ele>25.3</ele>
        <time>2026-09-15T19:27:26.098Z</time>
      </trkpt>
      <trkpt lat="53.339011" lon="-1.004401">
        <ele>25.4</ele>
        <time>2026-09-15T19:27:40.543Z</time>
      </trkpt>
      <trkpt lat="53.339261" lon="-1.003795">
        <ele>25.1</ele>
        <time>2026-09-15T19:28:10.954Z</time>
      </trkpt>
      <trkpt lat="53.339508" lon="-1.002843">
        <ele>24.9</ele>
        <time>2026-09-15T19:28:53.493Z</time>
      </trkpt>
      <trkpt lat="53.340218" lon="-0.998621">
        <ele>23.5</ele>
        <time>2026-09-15T19:31:53.068Z</time>
      </trkpt>
      <trkpt lat="53.340367" lon="-0.997932">
        <ele>23.1</ele>
        <time>2026-09-15T19:32:22.938Z</time>
      </trkpt>
      <trkpt lat="53.340646" lon="-0.997102">
        <ele>23</ele>
        <time>2026-09-15T19:33:01.928Z</time>
      </trkpt>
      <trkpt lat="53.341145" lon="-0.996147">
        <ele>22.8</ele>
        <time>2026-09-15T19:33:54.522Z</time>
      </trkpt>
      <trkpt lat="53.341266" lon="-0.995623">
        <ele>22.7</ele>
        <time>2026-09-15T19:34:17.754Z</time>
      </trkpt>
      <trkpt lat="53.341363" lon="-0.994908">
        <ele>22.9</ele>
        <time>2026-09-15T19:34:48.631Z</time>
      </trkpt>
      <trkpt lat="53.341283" lon="-0.99413">
        <ele>22.6</ele>
        <time>2026-09-15T19:35:21.520Z</time>
      </trkpt>
      <trkpt lat="53.340563" lon="-0.992708">
        <ele>22.6</ele>
        <time>2026-09-15T19:36:38.920Z</time>
      </trkpt>
      <trkpt lat="53.339682" lon="-0.989999">
        <ele>20.8</ele>
        <time>2026-09-15T19:38:44.543Z</time>
      </trkpt>
      <trkpt lat="53.339111" lon="-0.988974">
        <ele>20.7</ele>
        <time>2026-09-15T19:39:41.370Z</time>
      </trkpt>
      <trkpt lat="53.337641" lon="-0.986875">
        <ele>20.5</ele>
        <time>2026-09-15T19:41:56.174Z</time>
      </trkpt>
      <trkpt lat="53.33527" lon="-0.984364">
        <ele>18.6</ele>
        <time>2026-09-15T19:45:08.979Z</time>
      </trkpt>
      <trkpt lat="53.334991" lon="-0.983936">
        <ele>18.7</ele>
        <time>2026-09-15T19:45:34.838Z</time>
      </trkpt>
      <trkpt lat="53.33461" lon="-0.982248">
        <ele>18.8</ele>
        <time>2026-09-15T19:46:50.870Z</time>
      </trkpt>
      <trkpt lat="53.333277" lon="-0.97982">
        <ele>18.9</ele>
        <time>2026-09-15T19:49:09.392Z</time>
      </trkpt>
      <trkpt lat="53.33296" lon="-0.977779">
        <ele>18.8</ele>
        <time>2026-09-15T19:50:37.706Z</time>
      </trkpt>
      <trkpt lat="53.33277" lon="-0.977276">
        <ele>18.8</ele>
        <time>2026-09-15T19:51:02.559Z</time>
      </trkpt>
      <trkpt lat="53.332261" lon="-0.976661">
        <ele>18.6</ele>
        <time>2026-09-15T19:51:46.172Z</time>
      </trkpt>
      <trkpt lat="53.33192" lon="-0.974772">
        <ele>18.6</ele>
        <time>2026-09-15T19:53:08.401Z</time>
      </trkpt>
      <trkpt lat="53.331644" lon="-0.974076">
        <ele>18.8</ele>
        <time>2026-09-15T19:53:43.577Z</time>
      </trkpt>
      <trkpt lat="53.331457" lon="-0.973804">
        <ele>18.8</ele>
        <time>2026-09-15T19:54:01.155Z</time>
      </trkpt>
      <trkpt lat="53.329807" lon="-0.972455">
        <ele>18.4</ele>
        <time>2026-09-15T19:56:08.808Z</time>
      </trkpt>
      <trkpt lat="53.3293" lon="-0.972302">
        <ele>18.5</ele>
        <time>2026-09-15T19:56:44.726Z</time>
      </trkpt>
      <trkpt lat="53.328805" lon="-0.972601">
        <ele>18.5</ele>
        <time>2026-09-15T19:57:21.786Z</time>
      </trkpt>
      <trkpt lat="53.328499" lon="-0.972489">
        <ele>18.6</ele>
        <time>2026-09-15T19:57:43.869Z</time>
      </trkpt>
      <trkpt lat="53.328375" lon="-0.972075">
        <ele>18.5</ele>
        <time>2026-09-15T19:58:03.266Z</time>
      </trkpt>
      <trkpt lat="53.328364" lon="-0.971692">
        <ele>18.3</ele>
        <time>2026-09-15T19:58:18.896Z</time>
      </trkpt>
      <trkpt lat="53.328444" lon="-0.970521">
        <ele>18.4</ele>
        <time>2026-09-15T19:59:08.020Z</time>
      </trkpt>
      <trkpt lat="53.328679" lon="-0.968398">
        <ele>18.4</ele>
        <time>2026-09-15T20:00:38.652Z</time>
      </trkpt>
      <trkpt lat="53.328171" lon="-0.966647">
        <ele>18.6</ele>
        <time>2026-09-15T20:02:00.479Z</time>
      </trkpt>
      <trkpt lat="53.327621" lon="-0.965743">
        <ele>18.7</ele>
        <time>2026-09-15T20:02:54.902Z</time>
      </trkpt>
      <trkpt lat="53.327177" lon="-0.964929">
        <ele>18.7</ele>
        <time>2026-09-15T20:03:41.218Z</time>
      </trkpt>
      <trkpt lat="53.326926" lon="-0.964302">
        <ele>18.8</ele>
        <time>2026-09-15T20:04:12.959Z</time>
      </trkpt>
      <trkpt lat="53.326796" lon="-0.963416">
        <ele>18.8</ele>
        <time>2026-09-15T20:04:51.343Z</time>
      </trkpt>
      <trkpt lat="53.326662" lon="-0.962973">
        <ele>19</ele>
        <time>2026-09-15T20:05:12.362Z</time>
      </trkpt>
      <trkpt lat="53.3264" lon="-0.962276">
        <ele>19</ele>
        <time>2026-09-15T20:05:47.249Z</time>
      </trkpt>
      <trkpt lat="53.326392" lon="-0.961833">
        <ele>19.1</ele>
        <time>2026-09-15T20:06:05.921Z</time>
      </trkpt>
      <trkpt lat="53.326194" lon="-0.960901">
        <ele>19.2</ele>
        <time>2026-09-15T20:06:47.787Z</time>
      </trkpt>
      <trkpt lat="53.326234" lon="-0.960429">
        <ele>19.3</ele>
        <time>2026-09-15T20:07:07.958Z</time>
      </trkpt>
      <trkpt lat="53.326135" lon="-0.960083">
        <ele>19.4</ele>
        <time>2026-09-15T20:07:24.308Z</time>
      </trkpt>
      <trkpt lat="53.326205" lon="-0.959511">
        <ele>19.5</ele>
        <time>2026-09-15T20:07:49.143Z</time>
      </trkpt>
      <trkpt lat="53.32615" lon="-0.959294">
        <ele>19.5</ele>
        <time>2026-09-15T20:07:59.209Z</time>
      </trkpt>
      <trkpt lat="53.326178" lon="-0.959139">
        <ele>19.6</ele>
        <time>2026-09-15T20:08:06.112Z</time>
      </trkpt>
      <trkpt lat="53.32625" lon="-0.959022">
        <ele>19.7</ele>
        <time>2026-09-15T20:08:13.274Z</time>
      </trkpt>
      <trkpt lat="53.326161" lon="-0.958793">
        <ele>19.7</ele>
        <time>2026-09-15T20:08:24.920Z</time>
      </trkpt>
      <trkpt lat="53.326266" lon="-0.9584">
        <ele>19.8</ele>
        <time>2026-09-15T20:08:43.345Z</time>
      </trkpt>
      <trkpt lat="53.326254" lon="-0.957268">
        <ele>20.1</ele>
        <time>2026-09-15T20:09:31.543Z</time>
      </trkpt>
      <trkpt lat="53.32612" lon="-0.956892">
        <ele>20</ele>
        <time>2026-09-15T20:09:50.057Z</time>
      </trkpt>
      <trkpt lat="53.325731" lon="-0.956089">
        <ele>19.9</ele>
        <time>2026-09-15T20:10:32.918Z</time>
      </trkpt>
      <trkpt lat="53.324814" lon="-0.954406">
        <ele>19.8</ele>
        <time>2026-09-15T20:12:07.900Z</time>
      </trkpt>
      <trkpt lat="53.323759" lon="-0.952556">
        <ele>19.6</ele>
        <time>2026-09-15T20:13:54.534Z</time>
      </trkpt>
      <trkpt lat="53.323285" lon="-0.952296">
        <ele>19.6</ele>
        <time>2026-09-15T20:14:29.357Z</time>
      </trkpt>
      <trkpt lat="53.322638" lon="-0.952358">
        <ele>19.6</ele>
        <time>2026-09-15T20:15:14.802Z</time>
      </trkpt>
      <trkpt lat="53.322417" lon="-0.952168">
        <ele>19.5</ele>
        <time>2026-09-15T20:15:32.136Z</time>
      </trkpt>
      <trkpt lat="53.322096" lon="-0.95133">
        <ele>19.4</ele>
        <time>2026-09-15T20:16:13.390Z</time>
      </trkpt>
      <trkpt lat="53.321935" lon="-0.951037">
        <ele>19.2</ele>
        <time>2026-09-15T20:16:29.796Z</time>
      </trkpt>
      <trkpt lat="53.321319" lon="-0.949613">
        <ele>17</ele>
        <time>2026-09-15T20:17:37.330Z</time>
      </trkpt>
      <trkpt lat="53.321064" lon="-0.949503">
        <ele>16.8</ele>
        <time>2026-09-15T20:17:54.292Z</time>
      </trkpt>
      <trkpt lat="53.320515" lon="-0.949644">
        <ele>16.9</ele>
        <time>2026-09-15T20:18:33.027Z</time>
      </trkpt>
      <trkpt lat="53.320419" lon="-0.94952">
        <ele>16.9</ele>
        <time>2026-09-15T20:18:41.610Z</time>
      </trkpt>
      <trkpt lat="53.320147" lon="-0.949565">
        <ele>17</ele>
        <time>2026-09-15T20:19:00.995Z</time>
      </trkpt>
      <trkpt lat="53.31979" lon="-0.949438">
        <ele>16.9</ele>
        <time>2026-09-15T20:19:26.588Z</time>
      </trkpt>
      <trkpt lat="53.319496" lon="-0.949145">
        <ele>16.5</ele>
        <time>2026-09-15T20:19:49.820Z</time>
      </trkpt>
      <trkpt lat="53.319297" lon="-0.948389">
        <ele>16.5</ele>
        <time>2026-09-15T20:20:23.683Z</time>
      </trkpt>
      <trkpt lat="53.319252" lon="-0.947496">
        <ele>16.3</ele>
        <time>2026-09-15T20:21:00.895Z</time>
      </trkpt>
      <trkpt lat="53.319279" lon="-0.946886">
        <ele>16.4</ele>
        <time>2026-09-15T20:21:26.389Z</time>
      </trkpt>
      <trkpt lat="53.31919" lon="-0.945921">
        <ele>16.5</ele>
        <time>2026-09-15T20:22:07.679Z</time>
      </trkpt>
      <trkpt lat="53.319183" lon="-0.944969">
        <ele>16.3</ele>
        <time>2026-09-15T20:22:47.406Z</time>
      </trkpt>
      <trkpt lat="53.319237" lon="-0.944483">
        <ele>16.3</ele>
        <time>2026-09-15T20:23:07.898Z</time>
      </trkpt>
      <trkpt lat="53.31906" lon="-0.941769">
        <ele>15.4</ele>
        <time>2026-09-15T20:24:59.862Z</time>
      </trkpt>
      <trkpt lat="53.319135" lon="-0.940411">
        <ele>15.7</ele>
        <time>2026-09-15T20:25:56.361Z</time>
      </trkpt>
      <trkpt lat="53.31936" lon="-0.939964">
        <ele>15.7</ele>
        <time>2026-09-15T20:26:21.131Z</time>
      </trkpt>
      <trkpt lat="53.319435" lon="-0.939522">
        <ele>15.8</ele>
        <time>2026-09-15T20:26:40.517Z</time>
      </trkpt>
      <trkpt lat="53.319685" lon="-0.939333">
        <ele>15.8</ele>
        <time>2026-09-15T20:26:59.910Z</time>
      </trkpt>
      <trkpt lat="53.319979" lon="-0.938813">
        <ele>15.8</ele>
        <time>2026-09-15T20:27:29.903Z</time>
      </trkpt>
      <trkpt lat="53.32095" lon="-0.936657">
        <ele>15.6</ele>
        <time>2026-09-15T20:29:22.509Z</time>
      </trkpt>
      <trkpt lat="53.32167" lon="-0.935956">
        <ele>15.6</ele>
        <time>2026-09-15T20:30:20.702Z</time>
      </trkpt>
      <trkpt lat="53.321751" lon="-0.936018">
        <ele>15.6</ele>
        <time>2026-09-15T20:30:26.948Z</time>
      </trkpt>
      <trkpt lat="53.322102" lon="-0.935798">
        <ele>15.5</ele>
        <time>2026-09-15T20:30:52.976Z</time>
      </trkpt>
      <trkpt lat="53.322394" lon="-0.935339">
        <ele>15.6</ele>
        <time>2026-09-15T20:31:21.064Z</time>
      </trkpt>
      <trkpt lat="53.322461" lon="-0.935104">
        <ele>15.7</ele>
        <time>2026-09-15T20:31:32.147Z</time>
      </trkpt>
      <trkpt lat="53.322325" lon="-0.934129">
        <ele>15.7</ele>
        <time>2026-09-15T20:32:14.336Z</time>
      </trkpt>
      <trkpt lat="53.322417" lon="-0.933367">
        <ele>15.7</ele>
        <time>2026-09-15T20:32:46.899Z</time>
      </trkpt>
      <trkpt lat="53.322645" lon="-0.932748">
        <ele>15.6</ele>
        <time>2026-09-15T20:33:17.207Z</time>
      </trkpt>
      <trkpt lat="53.323267" lon="-0.931694">
        <ele>15.6</ele>
        <time>2026-09-15T20:34:19.056Z</time>
      </trkpt>
      <trkpt lat="53.323903" lon="-0.928865">
        <ele>15.7</ele>
        <time>2026-09-15T20:36:25.879Z</time>
      </trkpt>
      <trkpt lat="53.324166" lon="-0.928319">
        <ele>15.7</ele>
        <time>2026-09-15T20:36:55.317Z</time>
      </trkpt>
      <trkpt lat="53.324479" lon="-0.928021">
        <ele>15.6</ele>
        <time>2026-09-15T20:37:20.420Z</time>
      </trkpt>
      <trkpt lat="53.324907" lon="-0.927959">
        <ele>15.7</ele>
        <time>2026-09-15T20:37:50.546Z</time>
      </trkpt>
      <trkpt lat="53.326132" lon="-0.9281">
        <ele>15.7</ele>
        <time>2026-09-15T20:39:16.887Z</time>
      </trkpt>
      <trkpt lat="53.326407" lon="-0.928013">
        <ele>15.7</ele>
        <time>2026-09-15T20:39:36.512Z</time>
      </trkpt>
      <trkpt lat="53.326874" lon="-0.927604">
        <ele>15.7</ele>
        <time>2026-09-15T20:40:13.469Z</time>
      </trkpt>
      <trkpt lat="53.327116" lon="-0.927188">
        <ele>15.7</ele>
        <time>2026-09-15T20:40:37.791Z</time>
      </trkpt>
      <trkpt lat="53.327244" lon="-0.926647">
        <ele>15.7</ele>
        <time>2026-09-15T20:41:02.163Z</time>
      </trkpt>
      <trkpt lat="53.327165" lon="-0.925446">
        <ele>15.7</ele>
        <time>2026-09-15T20:41:52.766Z</time>
      </trkpt>
      <trkpt lat="53.327308" lon="-0.924815">
        <ele>15.7</ele>
        <time>2026-09-15T20:42:21.032Z</time>
      </trkpt>
      <trkpt lat="53.327827" lon="-0.92396">
        <ele>15.8</ele>
        <time>2026-09-15T20:43:12.292Z</time>
      </trkpt>
      <trkpt lat="53.328399" lon="-0.923687">
        <ele>15.8</ele>
        <time>2026-09-15T20:43:54.143Z</time>
      </trkpt>
      <trkpt lat="53.328059" lon="-0.923902">
        <ele>15.8</ele>
        <time>2026-09-15T20:44:19.629Z</time>
      </trkpt>
      <trkpt lat="53.328018" lon="-0.924052">
        <ele>15.9</ele>
        <time>2026-09-15T20:44:26.606Z</time>
      </trkpt>
      <trkpt lat="53.328494" lon="-0.923884">
        <ele>15.9</ele>
        <time>2026-09-15T20:45:00.981Z</time>
      </trkpt>
      <trkpt lat="53.328618" lon="-0.923659">
        <ele>16</ele>
        <time>2026-09-15T20:45:13.728Z</time>
      </trkpt>
      <trkpt lat="53.328712" lon="-0.923718">
        <ele>15.8</ele>
        <time>2026-09-15T20:45:20.658Z</time>
      </trkpt>
      <trkpt lat="53.328973" lon="-0.923488">
        <ele>15.7</ele>
        <time>2026-09-15T20:45:41.018Z</time>
      </trkpt>
      <trkpt lat="53.329251" lon="-0.92295">
        <ele>15.5</ele>
        <time>2026-09-15T20:46:09.997Z</time>
      </trkpt>
      <trkpt lat="53.329839" lon="-0.921264">
        <ele>15.6</ele>
        <time>2026-09-15T20:47:31.532Z</time>
      </trkpt>
      <trkpt lat="53.330629" lon="-0.91791">
        <ele>15.2</ele>
        <time>2026-09-15T20:50:01.912Z</time>
      </trkpt>
      <trkpt lat="53.330954" lon="-0.917078">
        <ele>14.4</ele>
        <time>2026-09-15T20:50:42.729Z</time>
      </trkpt>
      <trkpt lat="53.331415" lon="-0.916456">
        <ele>14.1</ele>
        <time>2026-09-15T20:51:22.517Z</time>
      </trkpt>
      <trkpt lat="53.334056" lon="-0.913947">
        <ele>13.7</ele>
        <time>2026-09-15T20:54:53.601Z</time>
      </trkpt>
      <trkpt lat="53.33452" lon="-0.913749">
        <ele>13.7</ele>
        <time>2026-09-15T20:55:27.007Z</time>
      </trkpt>
      <trkpt lat="53.334932" lon="-0.913833">
        <ele>13.7</ele>
        <time>2026-09-15T20:55:56.112Z</time>
      </trkpt>
      <trkpt lat="53.337894" lon="-0.915931">
        <ele>13.8</ele>
        <time>2026-09-15T20:59:41.918Z</time>
      </trkpt>
      <trkpt lat="53.338484" lon="-0.916015">
        <ele>13.9</ele>
        <time>2026-09-15T21:00:23.539Z</time>
      </trkpt>
      <trkpt lat="53.339291" lon="-0.915787">
        <ele>14.1</ele>
        <time>2026-09-15T21:01:21.479Z</time>
      </trkpt>
      <trkpt lat="53.339498" lon="-0.915836">
        <ele>14.2</ele>
        <time>2026-09-15T21:01:36.331Z</time>
      </trkpt>
      <trkpt lat="53.341235" lon="-0.915267">
        <ele>14</ele>
        <time>2026-09-15T21:03:40.166Z</time>
      </trkpt>
      <trkpt lat="53.342381" lon="-0.914553">
        <ele>14.3</ele>
        <time>2026-09-15T21:05:06.038Z</time>
      </trkpt>
      <trkpt lat="53.344505" lon="-0.912509">
        <ele>14.3</ele>
        <time>2026-09-15T21:07:58.449Z</time>
      </trkpt>
      <trkpt lat="53.345059" lon="-0.911706">
        <ele>14.2</ele>
        <time>2026-09-15T21:08:49.751Z</time>
      </trkpt>
      <trkpt lat="53.345524" lon="-0.910599">
        <ele>14.2</ele>
        <time>2026-09-15T21:09:46.252Z</time>
      </trkpt>
      <trkpt lat="53.345883" lon="-0.910054">
        <ele>14.2</ele>
        <time>2026-09-15T21:10:20.227Z</time>
      </trkpt>
      <trkpt lat="53.347375" lon="-0.910836">
        <ele>14.1</ele>
        <time>2026-09-15T21:12:09.616Z</time>
      </trkpt>
      <trkpt lat="53.348156" lon="-0.911078">
        <ele>14</ele>
        <time>2026-09-15T21:13:05.100Z</time>
      </trkpt>
      <trkpt lat="53.348424" lon="-0.911401">
        <ele>14</ele>
        <time>2026-09-15T21:13:28.159Z</time>
      </trkpt>
      <trkpt lat="53.348808" lon="-0.911431">
        <ele>14.1</ele>
        <time>2026-09-15T21:13:55.286Z</time>
      </trkpt>
      <trkpt lat="53.349823" lon="-0.911926">
        <ele>14.1</ele>
        <time>2026-09-15T21:15:09.648Z</time>
      </trkpt>
      <trkpt lat="53.350288" lon="-0.911701">
        <ele>14.2</ele>
        <time>2026-09-15T21:15:43.689Z</time>
      </trkpt>
      <trkpt lat="53.350893" lon="-0.911004">
        <ele>14.4</ele>
        <time>2026-09-15T21:16:35.749Z</time>
      </trkpt>
      <trkpt lat="53.351099" lon="-0.910904">
        <ele>14.3</ele>
        <time>2026-09-15T21:16:50.860Z</time>
      </trkpt>
      <trkpt lat="53.351319" lon="-0.910514">
        <ele>14.1</ele>
        <time>2026-09-15T21:17:12.754Z</time>
      </trkpt>
      <trkpt lat="53.351772" lon="-0.910156">
        <ele>13.8</ele>
        <time>2026-09-15T21:17:46.916Z</time>
      </trkpt>
      <trkpt lat="53.352356" lon="-0.909402">
        <ele>13.8</ele>
        <time>2026-09-15T21:18:38.057Z</time>
      </trkpt>
      <trkpt lat="53.353008" lon="-0.908997">
        <ele>13.9</ele>
        <time>2026-09-15T21:19:26.974Z</time>
      </trkpt>
      <trkpt lat="53.353504" lon="-0.908924">
        <ele>14</ele>
        <time>2026-09-15T21:20:02.153Z</time>
      </trkpt>
      <trkpt lat="53.35393" lon="-0.908967">
        <ele>14</ele>
        <time>2026-09-15T21:20:32.225Z</time>
      </trkpt>
      <trkpt lat="53.354714" lon="-0.90917">
        <ele>14</ele>
        <time>2026-09-15T21:21:27.856Z</time>
      </trkpt>
      <trkpt lat="53.354934" lon="-0.909347">
        <ele>14</ele>
        <time>2026-09-15T21:21:44.970Z</time>
      </trkpt>
      <trkpt lat="53.35543" lon="-0.909363">
        <ele>14.1</ele>
        <time>2026-09-15T21:22:19.970Z</time>
      </trkpt>
      <trkpt lat="53.355524" lon="-0.909494">
        <ele>14</ele>
        <time>2026-09-15T21:22:28.543Z</time>
      </trkpt>
      <trkpt lat="53.356965" lon="-0.909835">
        <ele>13.9</ele>
        <time>2026-09-15T21:24:10.015Z</time>
      </trkpt>
      <trkpt lat="53.35777" lon="-0.909494">
        <ele>13.8</ele>
        <time>2026-09-15T21:25:08.014Z</time>
      </trkpt>
      <trkpt lat="53.35878" lon="-0.90831">
        <ele>14.6</ele>
        <time>2026-09-15T21:26:35.772Z</time>
      </trkpt>
      <trkpt lat="53.358936" lon="-0.908288">
        <ele>14.2</ele>
        <time>2026-09-15T21:26:47.105Z</time>
      </trkpt>
      <trkpt lat="53.358811" lon="-0.908388">
        <ele>14.9</ele>
        <time>2026-09-15T21:26:57.409Z</time>
      </trkpt>
      <trkpt lat="53.358772" lon="-0.907902">
        <ele>15.4</ele>
        <time>2026-09-15T21:27:19.182Z</time>
      </trkpt>
      <trkpt lat="53.359048" lon="-0.907694">
        <ele>15.6</ele>
        <time>2026-09-15T21:27:42.206Z</time>
      </trkpt>
      <trkpt lat="53.35908" lon="-0.90742">
        <ele>15.9</ele>
        <time>2026-09-15T21:27:54.449Z</time>
      </trkpt>
      <trkpt lat="53.3585" lon="-0.904611">
        <ele>30.7</ele>
        <time>2026-09-15T21:30:36.429Z</time>
      </trkpt>
      <trkpt lat="53.358504" lon="-0.904252">
        <ele>32.1</ele>
        <time>2026-09-15T21:30:56.150Z</time>
      </trkpt>
      <trkpt lat="53.358549" lon="-0.903802">
        <ele>34.6</ele>
        <time>2026-09-15T21:31:21.141Z</time>
      </trkpt>
      <trkpt lat="53.359153" lon="-0.902953">
        <ele>39.9</ele>
        <time>2026-09-15T21:32:32.438Z</time>
      </trkpt>
      <trkpt lat="53.359343" lon="-0.902279">
        <ele>42.8</ele>
        <time>2026-09-15T21:33:11.988Z</time>
      </trkpt>
      <trkpt lat="53.359433" lon="-0.900467">
        <ele>51.2</ele>
        <time>2026-09-15T21:34:50.196Z</time>
      </trkpt>
      <trkpt lat="53.359262" lon="-0.898763">
        <ele>52.8</ele>
        <time>2026-09-15T21:36:17.013Z</time>
      </trkpt>
      <trkpt lat="53.359615" lon="-0.894219">
        <ele>60.7</ele>
        <time>2026-09-15T21:39:50.174Z</time>
      </trkpt>
      <trkpt lat="53.359412" lon="-0.894054">
        <ele>58.6</ele>
        <time>2026-09-15T21:40:07.375Z</time>
      </trkpt>
      <trkpt lat="53.358854" lon="-0.893952">
        <ele>50.9</ele>
        <time>2026-09-15T21:40:30.843Z</time>
      </trkpt>
      <trkpt lat="53.358062" lon="-0.893481">
        <ele>46.1</ele>
        <time>2026-09-15T21:41:10.177Z</time>
      </trkpt>
      <trkpt lat="53.357141" lon="-0.894389">
        <ele>43.1</ele>
        <time>2026-09-15T21:42:11.933Z</time>
      </trkpt>
      <trkpt lat="53.355942" lon="-0.894962">
        <ele>42.3</ele>
        <time>2026-09-15T21:43:32.961Z</time>
      </trkpt>
      <trkpt lat="53.35561" lon="-0.895247">
        <ele>43.1</ele>
        <time>2026-09-15T21:43:59.120Z</time>
      </trkpt>
      <trkpt lat="53.354954" lon="-0.895399">
        <ele>45.3</ele>
        <time>2026-09-15T21:44:51.479Z</time>
      </trkpt>
      <trkpt lat="53.353601" lon="-0.895371">
        <ele>50.2</ele>
        <time>2026-09-15T21:46:40.915Z</time>
      </trkpt>
      <trkpt lat="53.353094" lon="-0.895856">
        <ele>51.3</ele>
        <time>2026-09-15T21:47:27.415Z</time>
      </trkpt>
      <trkpt lat="53.353047" lon="-0.895206">
        <ele>49.9</ele>
        <time>2026-09-15T21:47:54.442Z</time>
      </trkpt>
      <trkpt lat="53.353832" lon="-0.886618">
        <ele>34.9</ele>
        <time>2026-09-15T21:53:11.097Z</time>
      </trkpt>
      <trkpt lat="53.353628" lon="-0.886068">
        <ele>34.3</ele>
        <time>2026-09-15T21:53:34.859Z</time>
      </trkpt>
      <trkpt lat="53.353771" lon="-0.88592">
        <ele>33.7</ele>
        <time>2026-09-15T21:53:44.958Z</time>
      </trkpt>
      <trkpt lat="53.353889" lon="-0.885514">
        <ele>32.2</ele>
        <time>2026-09-15T21:54:00.015Z</time>
      </trkpt>
      <trkpt lat="53.353898" lon="-0.884468">
        <ele>29.3</ele>
        <time>2026-09-15T21:54:35.049Z</time>
      </trkpt>
      <trkpt lat="53.354336" lon="-0.882258">
        <ele>30.5</ele>
        <time>2026-09-15T21:56:08.824Z</time>
      </trkpt>
      <trkpt lat="53.354815" lon="-0.880355">
        <ele>29.3</ele>
        <time>2026-09-15T21:57:35.267Z</time>
      </trkpt>
      <trkpt lat="53.354706" lon="-0.880041">
        <ele>29.3</ele>
        <time>2026-09-15T21:57:49.906Z</time>
      </trkpt>
      <trkpt lat="53.354498" lon="-0.879849">
        <ele>29.4</ele>
        <time>2026-09-15T21:58:06.724Z</time>
      </trkpt>
      <trkpt lat="53.352949" lon="-0.87886">
        <ele>35</ele>
        <time>2026-09-15T22:00:18.317Z</time>
      </trkpt>
      <trkpt lat="53.35235" lon="-0.878061">
        <ele>38.2</ele>
        <time>2026-09-15T22:01:20.479Z</time>
      </trkpt>
      <trkpt lat="53.351185" lon="-0.877053">
        <ele>37.8</ele>
        <time>2026-09-15T22:02:57.975Z</time>
      </trkpt>
      <trkpt lat="53.351118" lon="-0.876828">
        <ele>37.5</ele>
        <time>2026-09-15T22:03:08.273Z</time>
      </trkpt>
      <trkpt lat="53.351228" lon="-0.876235">
        <ele>37.5</ele>
        <time>2026-09-15T22:03:33.592Z</time>
      </trkpt>
      <trkpt lat="53.350539" lon="-0.875435">
        <ele>37.2</ele>
        <time>2026-09-15T22:04:31.723Z</time>
      </trkpt>
      <trkpt lat="53.349812" lon="-0.874386">
        <ele>38.4</ele>
        <time>2026-09-15T22:05:40.521Z</time>
      </trkpt>
      <trkpt lat="53.349777" lon="-0.874195">
        <ele>38.9</ele>
        <time>2026-09-15T22:05:49.474Z</time>
      </trkpt>
      <trkpt lat="53.350704" lon="-0.872519">
        <ele>46.5</ele>
        <time>2026-09-15T22:07:46.882Z</time>
      </trkpt>
      <trkpt lat="53.351047" lon="-0.8716">
        <ele>46.6</ele>
        <time>2026-09-15T22:08:39.769Z</time>
      </trkpt>
      <trkpt lat="53.351711" lon="-0.870576">
        <ele>45.7</ele>
        <time>2026-09-15T22:09:41.588Z</time>
      </trkpt>
      <trkpt lat="53.352667" lon="-0.868783">
        <ele>42.9</ele>
        <time>2026-09-15T22:11:15.107Z</time>
      </trkpt>
      <trkpt lat="53.353194" lon="-0.868189">
        <ele>41.5</ele>
        <time>2026-09-15T22:11:55.629Z</time>
      </trkpt>
      <trkpt lat="53.353896" lon="-0.867142">
        <ele>40.4</ele>
        <time>2026-09-15T22:12:56.866Z</time>
      </trkpt>
      <trkpt lat="53.355103" lon="-0.864533">
        <ele>40</ele>
        <time>2026-09-15T22:15:11.829Z</time>
      </trkpt>
      <trkpt lat="53.355212" lon="-0.863889">
        <ele>39.4</ele>
        <time>2026-09-15T22:15:39.314Z</time>
      </trkpt>
      <trkpt lat="53.355209" lon="-0.862922">
        <ele>37.6</ele>
        <time>2026-09-15T22:16:15.387Z</time>
      </trkpt>
      <trkpt lat="53.356435" lon="-0.860587">
        <ele>34.3</ele>
        <time>2026-09-15T22:18:13.427Z</time>
      </trkpt>
      <trkpt lat="53.356723" lon="-0.860203">
        <ele>33.6</ele>
        <time>2026-09-15T22:18:37.168Z</time>
      </trkpt>
      <trkpt lat="53.356891" lon="-0.859752">
        <ele>32.8</ele>
        <time>2026-09-15T22:18:57.256Z</time>
      </trkpt>
      <trkpt lat="53.357255" lon="-0.859345">
        <ele>31.3</ele>
        <time>2026-09-15T22:19:23.841Z</time>
      </trkpt>
      <trkpt lat="53.35779" lon="-0.858323">
        <ele>29</ele>
        <time>2026-09-15T22:20:13.140Z</time>
      </trkpt>
      <trkpt lat="53.358799" lon="-0.857434">
        <ele>26.2</ele>
        <time>2026-09-15T22:21:23.856Z</time>
      </trkpt>
      <trkpt lat="53.359581" lon="-0.857376">
        <ele>23.6</ele>
        <time>2026-09-15T22:22:11.960Z</time>
      </trkpt>
      <trkpt lat="53.361332" lon="-0.856836">
        <ele>19.3</ele>
        <time>2026-09-15T22:24:01.988Z</time>
      </trkpt>
      <trkpt lat="53.361507" lon="-0.856461">
        <ele>19.1</ele>
        <time>2026-09-15T22:24:19.981Z</time>
      </trkpt>
      <trkpt lat="53.361457" lon="-0.855283">
        <ele>19.8</ele>
        <time>2026-09-15T22:25:10.527Z</time>
      </trkpt>
      <trkpt lat="53.3614" lon="-0.854978">
        <ele>20</ele>
        <time>2026-09-15T22:25:24.504Z</time>
      </trkpt>
      <trkpt lat="53.362065" lon="-0.854787">
        <ele>17.9</ele>
        <time>2026-09-15T22:26:07.206Z</time>
      </trkpt>
      <trkpt lat="53.362223" lon="-0.854988">
        <ele>17.8</ele>
        <time>2026-09-15T22:26:19.753Z</time>
      </trkpt>
    </trkseg>
  </trk>
</gpx>
